Timestamp,Identity,Gender,Fort San Domingo,Tamsui Old Street,Tamshui Gold Seashore,Hobe Fort,Fisherman's Wharf,Shalun Beach
2025/11/20 00:00,Student,Male,7,8,8,7,8,8
2025/11/20 00:01,Student,Male,7,8,8,7,8,8
2025/11/20 00:02,Student,Male,7,8,8,7,8,8
2025/11/20 00:08,Student,Male,7,8,8,7,8,8
2025/11/20 00:12,Non-Student,Female,7,8,9,6,9,7
2025/11/20 00:16,Student,Male,7,8,8,7,8,8
2025/11/20 00:21,Student,Male,7,8,8,7,8,8
2025/11/20 00:23,Student,Female,6,8,8,6,9,8
2025/11/20 00:29,Student,Male,7,8,8,7,8,8
2025/11/20 00:31,Student,Male,7,8,8,7,8,8
2025/11/20 00:32,Student,Male,7,8,8,7,8,8
2025/11/20 00:36,Student,Male,7,8,8,7,8,8
2025/11/20 00:39,Student,Male,7,8,8,7,8,8
2025/11/20 00:55,Student,Male,7,8,8,7,8,8
2025/11/20 01:06,Student,Male,7,8,8,7,8,8
2025/11/20 01:12,Student,Male,7,8,8,7,8,8
2025/11/20 01:16,Student,Male,7,8,8,7,8,8
2025/11/20 01:17,Non-Student,Male,6,10,10,6,10,6
2025/11/20 01:46,Student,Female,6,8,8,6,9,8
2025/11/20 01:50,Student,Male,7,8,8,7,8,8
2025/11/20 01:53,Student,Male,7,8,8,7,8,8
2025/11/20 02:06,Student,Male,7,8,8,7,8,8
2025/11/20 02:20,Student,Female,6,8,8,6,9,8
2025/11/20 02:20,Student,Male,7,8,8,7,8,8
2025/11/20 02:20,Student,Male,7,8,8,7,8,8
2025/11/20 02:25,Student,Male,7,8,8,7,8,8
2025/11/20 02:27,Student,Male,7,8,8,7,8,8
2025/11/20 02:28,Student,Female,6,8,8,6,9,8
2025/11/20 02:28,Student,Female,6,8,8,6,9,8
2025/11/20 02:49,Student,Male,7,8,8,7,8,8
2025/11/20 02:52,Student,Male,7,8,8,7,8,8
2025/11/20 02:53,Student,Male,7,8,8,7,8,8
2025/11/20 03:18,Student,Female,6,8,8,6,9,8
2025/11/20 03:24,Student,Female,6,8,8,6,9,8
2025/11/20 04:02,Student,Male,7,8,8,7,8,8
2025/11/20 04:11,Student,Male,7,8,8,7,8,8
2025/11/20 04:13,Student,Female,6,8,8,6,9,8
2025/11/20 04:19,Student,Male,7,8,8,7,8,8
2025/11/20 04:53,Student,Male,7,8,8,7,8,8
2025/11/20 04:54,Student,Male,7,8,8,7,8,8
2025/11/20 05:02,Student,Female,6,8,8,6,9,8
2025/11/20 05:02,Student,Male,7,8,8,7,8,8
2025/11/20 05:05,Student,Male,7,8,8,7,8,8
2025/11/20 05:22,Student,Male,7,8,8,7,8,8
2025/11/20 05:25,Student,Male,7,8,8,7,8,8
2025/11/20 05:27,Student,Male,7,8,8,7,8,8
2025/11/20 05:34,Student,Male,7,8,8,7,8,8
2025/11/20 05:34,Student,Female,6,8,8,6,9,8
2025/11/20 05:40,Student,Female,6,8,8,6,9,8
2025/11/20 06:06,Student,Male,7,8,8,7,8,8
2025/11/20 06:09,Student,Male,7,8,8,7,8,8
2025/11/20 06:15,Non-Student,Male,6,10,10,6,10,6
2025/11/20 06:17,Student,Female,6,8,8,6,9,8
2025/11/20 06:17,Student,Female,6,8,8,6,9,8
2025/11/20 06:19,Student,Female,6,8,8,6,9,8
2025/11/20 06:25,Student,Female,6,8,8,6,9,8
2025/11/20 06:28,Student,Male,7,8,8,7,8,8
2025/11/20 06:38,Student,Female,6,8,8,6,9,8
2025/11/20 06:40,Student,Male,7,8,8,7,8,8
2025/11/20 06:42,Student,Female,6,8,8,6,9,8
2025/11/20 06:43,Student,Male,7,8,8,7,8,8
2025/11/20 06:46,Student,Female,6,8,8,6,9,8
2025/11/20 07:03,Student,Male,7,8,8,7,8,8
2025/11/20 07:13,Student,Male,7,8,8,7,8,8
2025/11/20 07:14,Student,Male,7,8,8,7,8,8
2025/11/20 07:16,Student,Male,7,8,8,7,8,8
2025/11/20 07:25,Student,Male,7,8,8,7,8,8
2025/11/20 07:26,Student,Male,7,8,8,7,8,8
2025/11/20 07:34,Student,Female,6,8,8,6,9,8
2025/11/20 07:34,Student,Male,7,8,8,7,8,8
2025/11/20 07:35,Student,Female,6,8,8,6,9,8
2025/11/20 07:55,Student,Female,6,8,8,6,9,8
2025/11/20 07:56,Student,Female,6,8,8,6,9,8
2025/11/20 08:04,Student,Male,7,8,8,7,8,8
2025/11/20 08:29,Student,Male,7,8,8,7,8,8
2025/11/20 08:30,Student,Male,7,8,8,7,8,8
2025/11/20 08:38,Student,Male,7,8,8,7,8,8
2025/11/20 08:39,Student,Male,7,8,8,7,8,8
2025/11/20 08:43,Student,Male,7,8,8,7,8,8
2025/11/20 08:44,Student,Male,7,8,8,7,8,8
2025/11/20 08:53,Student,Male,7,8,8,7,8,8
2025/11/20 08:57,Student,Male,7,8,8,7,8,8
2025/11/20 08:58,Student,Female,6,8,8,6,9,8
2025/11/20 09:04,Student,Male,7,8,8,7,8,8
2025/11/20 09:13,Non-Student,Female,7,8,9,6,9,7
2025/11/20 09:14,Student,Male,7,8,8,7,8,8
2025/11/20 09:14,Student,Male,7,8,8,7,8,8
2025/11/20 09:20,Student,Female,6,8,8,6,9,8
2025/11/20 09:24,Student,Male,7,8,8,7,8,8
2025/11/20 09:30,Student,Male,7,8,8,7,8,8
2025/11/20 09:39,Student,Male,7,8,8,7,8,8
2025/11/20 09:41,Student,Male,7,8,8,7,8,8
2025/11/20 09:49,Student,Male,7,8,8,7,8,8
2025/11/20 09:54,Student,Male,7,8,8,7,8,8
2025/11/20 09:58,Student,Male,7,8,8,7,8,8
2025/11/20 10:00,Student,Female,6,8,8,6,9,8
2025/11/20 10:05,Student,Male,7,8,8,7,8,8
2025/11/20 10:08,Student,Male,7,8,8,7,8,8
2025/11/20 10:14,Student,Male,7,8,8,7,8,8
2025/11/20 10:21,Student,Female,6,8,8,6,9,8
2025/11/20 10:22,Student,Male,7,8,8,7,8,8
2025/11/20 10:25,Student,Male,7,8,8,7,8,8
2025/11/20 10:26,Student,Male,7,8,8,7,8,8
2025/11/20 10:26,Student,Male,7,8,8,7,8,8
2025/11/20 10:28,Student,Male,7,8,8,7,8,8
2025/11/20 10:39,Student,Male,7,8,8,7,8,8
2025/11/20 10:54,Student,Male,7,8,8,7,8,8
2025/11/20 10:57,Student,Male,7,8,8,7,8,8
2025/11/20 11:01,Student,Male,7,8,8,7,8,8
2025/11/20 11:02,Student,Male,7,8,8,7,8,8
2025/11/20 11:31,Student,Female,6,8,8,6,9,8
2025/11/20 11:51,Student,Female,6,8,8,6,9,8
2025/11/20 11:51,Student,Male,7,8,8,7,8,8
2025/11/20 11:54,Student,Male,7,8,8,7,8,8
2025/11/20 11:55,Student,Male,7,8,8,7,8,8
2025/11/20 11:58,Student,Male,7,8,8,7,8,8
2025/11/20 11:58,Student,Female,6,8,8,6,9,8
2025/11/20 12:06,Student,Male,7,8,8,7,8,8
2025/11/20 12:11,Student,Female,6,8,8,6,9,8
2025/11/20 12:12,Student,Male,7,8,8,7,8,8
2025/11/20 12:12,Student,Male,7,8,8,7,8,8
2025/11/20 12:14,Student,Male,7,8,8,7,8,8
2025/11/20 12:19,Student,Male,7,8,8,7,8,8
2025/11/20 12:28,Student,Male,7,8,8,7,8,8
2025/11/20 12:33,Student,Female,6,8,8,6,9,8
2025/11/20 12:45,Student,Male,7,8,8,7,8,8
2025/11/20 12:54,Student,Male,7,8,8,7,8,8
2025/11/20 12:55,Student,Male,7,8,8,7,8,8
2025/11/20 12:56,Student,Female,6,8,8,6,9,8
2025/11/20 12:56,Student,Male,7,8,8,7,8,8
2025/11/20 13:05,Student,Male,7,8,8,7,8,8
2025/11/20 13:07,Student,Male,7,8,8,7,8,8
2025/11/20 13:07,Student,Male,7,8,8,7,8,8
2025/11/20 13:10,Student,Male,7,8,8,7,8,8
2025/11/20 13:16,Student,Male,7,8,8,7,8,8
2025/11/20 13:24,Student,Male,7,8,8,7,8,8
2025/11/20 13:30,Student,Male,7,8,8,7,8,8
2025/11/20 13:32,Student,Male,7,8,8,7,8,8
2025/11/20 13:44,Non-Student,Female,7,8,9,6,9,7
2025/11/20 13:46,Student,Male,7,8,8,7,8,8
2025/11/20 13:48,Student,Male,7,8,8,7,8,8
2025/11/20 13:50,Student,Female,6,8,8,6,9,8
2025/11/20 13:54,Student,Male,7,8,8,7,8,8
2025/11/20 13:54,Student,Female,6,8,8,6,9,8
2025/11/20 14:02,Student,Male,7,8,8,7,8,8
2025/11/20 14:08,Student,Male,7,8,8,7,8,8
2025/11/20 14:19,Student,Male,7,8,8,7,8,8
2025/11/20 14:27,Student,Male,7,8,8,7,8,8
2025/11/20 14:33,Student,Male,7,8,8,7,8,8
2025/11/20 14:36,Student,Male,7,8,8,7,8,8
2025/11/20 14:53,Student,Male,7,8,8,7,8,8
2025/11/20 14:59,Student,Male,7,8,8,7,8,8
2025/11/20 15:00,Student,Male,7,8,8,7,8,8
2025/11/20 15:05,Student,Female,6,8,8,6,9,8
2025/11/20 15:11,Student,Male,7,8,8,7,8,8
2025/11/20 15:15,Student,Male,7,8,8,7,8,8
2025/11/20 15:15,Student,Male,7,8,8,7,8,8
2025/11/20 15:17,Student,Female,6,8,8,6,9,8
2025/11/20 15:24,Student,Female,6,8,8,6,9,8
2025/11/20 15:27,Student,Male,7,8,8,7,8,8
2025/11/20 15:32,Student,Male,7,8,8,7,8,8
2025/11/20 15:33,Student,Male,7,8,8,7,8,8
2025/11/20 15:33,Student,Female,6,8,8,6,9,8
2025/11/20 15:52,Student,Male,7,8,8,7,8,8
2025/11/20 16:08,Student,Male,7,8,8,7,8,8
2025/11/20 16:15,Non-Student,Male,6,10,10,6,10,6
2025/11/20 16:28,Student,Male,7,8,8,7,8,8
2025/11/20 16:59,Non-Student,Female,7,8,9,6,9,7
2025/11/20 17:00,Student,Male,7,8,8,7,8,8
2025/11/20 17:13,Student,Male,7,8,8,7,8,8
2025/11/20 17:21,Student,Male,7,8,8,7,8,8
2025/11/20 17:29,Student,Male,7,8,8,7,8,8
2025/11/20 17:48,Student,Male,7,8,8,7,8,8
2025/11/20 17:51,Student,Male,7,8,8,7,8,8
2025/11/20 17:54,Student,Male,7,8,8,7,8,8
2025/11/20 17:56,Student,Male,7,8,8,7,8,8
2025/11/20 17:59,Student,Male,7,8,8,7,8,8
2025/11/20 18:04,Student,Male,7,8,8,7,8,8
2025/11/20 18:13,Student,Female,6,8,8,6,9,8
2025/11/20 18:18,Student,Male,7,8,8,7,8,8
2025/11/20 18:24,Student,Male,7,8,8,7,8,8
2025/11/20 18:25,Student,Male,7,8,8,7,8,8
2025/11/20 18:33,Student,Male,7,8,8,7,8,8
2025/11/20 18:35,Student,Male,7,8,8,7,8,8
2025/11/20 18:36,Student,Male,7,8,8,7,8,8
2025/11/20 18:36,Student,Female,6,8,8,6,9,8
2025/11/20 18:47,Student,Female,6,8,8,6,9,8
2025/11/20 18:53,Student,Female,6,8,8,6,9,8
2025/11/20 18:56,Student,Male,7,8,8,7,8,8
2025/11/20 19:02,Student,Male,7,8,8,7,8,8
2025/11/20 19:06,Student,Male,7,8,8,7,8,8
2025/11/20 19:25,Student,Male,7,8,8,7,8,8
2025/11/20 19:27,Student,Male,7,8,8,7,8,8
2025/11/20 19:27,Student,Male,7,8,8,7,8,8
2025/11/20 19:29,Student,Male,7,8,8,7,8,8
2025/11/20 19:31,Student,Male,7,8,8,7,8,8
2025/11/20 19:35,Student,Male,7,8,8,7,8,8
2025/11/20 19:39,Student,Female,6,8,8,6,9,8
2025/11/20 19:44,Student,Male,7,8,8,7,8,8
2025/11/20 19:45,Student,Female,6,8,8,6,9,8
2025/11/20 19:45,Student,Male,7,8,8,7,8,8
2025/11/20 19:51,Student,Male,7,8,8,7,8,8
2025/11/20 19:54,Student,Male,7,8,8,7,8,8
2025/11/20 20:07,Student,Male,7,8,8,7,8,8
2025/11/20 20:11,Student,Male,7,8,8,7,8,8
2025/11/20 20:22,Student,Female,6,8,8,6,9,8
2025/11/20 20:26,Non-Student,Female,7,8,9,6,9,7
2025/11/20 20:39,Student,Male,7,8,8,7,8,8
2025/11/20 20:45,Student,Male,7,8,8,7,8,8
2025/11/20 20:46,Student,Female,6,8,8,6,9,8
2025/11/20 21:09,Student,Male,7,8,8,7,8,8
2025/11/20 21:16,Student,Female,6,8,8,6,9,8
2025/11/20 21:18,Student,Male,7,8,8,7,8,8
2025/11/20 21:19,Student,Male,7,8,8,7,8,8
2025/11/20 21:20,Student,Male,7,8,8,7,8,8
2025/11/20 21:24,Student,Male,7,8,8,7,8,8
2025/11/20 21:28,Student,Male,7,8,8,7,8,8
2025/11/20 21:48,Student,Male,7,8,8,7,8,8
2025/11/20 21:51,Student,Male,7,8,8,7,8,8
2025/11/20 21:51,Student,Male,7,8,8,7,8,8
2025/11/20 22:03,Student,Male,7,8,8,7,8,8
2025/11/20 22:14,Student,Male,7,8,8,7,8,8
2025/11/20 22:14,Student,Male,7,8,8,7,8,8
2025/11/20 22:21,Student,Male,7,8,8,7,8,8
2025/11/20 22:23,Non-Student,Female,7,8,9,6,9,7
2025/11/20 22:27,Non-Student,Male,6,10,10,6,10,6
2025/11/20 22:32,Student,Male,7,8,8,7,8,8
2025/11/20 22:49,Student,Female,6,8,8,6,9,8
2025/11/20 22:57,Student,Male,7,8,8,7,8,8
2025/11/20 22:59,Student,Male,7,8,8,7,8,8
2025/11/20 23:00,Student,Male,7,8,8,7,8,8
2025/11/20 23:05,Student,Male,7,8,8,7,8,8
2025/11/20 23:13,Student,Female,6,8,8,6,9,8
2025/11/20 23:15,Student,Male,7,8,8,7,8,8
2025/11/20 23:38,Student,Female,6,8,8,6,9,8
2025/11/20 23:53,Student,Male,7,8,8,7,8,8
2025/11/20 23:54,Student,Male,7,8,8,7,8,8
2025/11/21 00:00,Student,Male,7,8,8,7,8,8
2025/11/21 00:01,Student,Male,7,8,8,7,8,8
2025/11/21 00:05,Student,Male,7,8,8,7,8,8
2025/11/21 00:38,Student,Male,7,8,8,7,8,8
2025/11/21 00:41,Student,Male,7,8,8,7,8,8
2025/11/21 00:46,Student,Male,7,8,8,7,8,8
2025/11/21 00:51,Non-Student,Female,7,8,9,6,9,7
2025/11/21 01:05,Student,Male,7,8,8,7,8,8
2025/11/21 01:06,Student,Male,7,8,8,7,8,8
2025/11/21 01:12,Student,Male,7,8,8,7,8,8
2025/11/21 01:12,Student,Male,7,8,8,7,8,8
2025/11/21 01:16,Student,Male,7,8,8,7,8,8
2025/11/21 01:17,Student,Male,7,8,8,7,8,8
2025/11/21 01:18,Student,Male,7,8,8,7,8,8
2025/11/21 01:22,Student,Female,6,8,8,6,9,8
2025/11/21 01:48,Student,Male,7,8,8,7,8,8
2025/11/21 02:00,Non-Student,Male,6,10,10,6,10,6
2025/11/21 02:07,Student,Male,7,8,8,7,8,8
2025/11/21 02:11,Student,Female,6,8,8,6,9,8
2025/11/21 02:16,Student,Male,7,8,8,7,8,8
2025/11/21 02:18,Student,Male,7,8,8,7,8,8
2025/11/21 02:54,Student,Male,7,8,8,7,8,8
2025/11/21 02:59,Student,Male,7,8,8,7,8,8
2025/11/21 03:01,Student,Male,7,8,8,7,8,8
2025/11/21 03:03,Student,Male,7,8,8,7,8,8
2025/11/21 03:12,Student,Male,7,8,8,7,8,8
2025/11/21 03:15,Student,Male,7,8,8,7,8,8
2025/11/21 03:20,Student,Male,7,8,8,7,8,8
2025/11/21 03:26,Student,Male,7,8,8,7,8,8
2025/11/21 03:43,Student,Female,6,8,8,6,9,8
2025/11/21 03:59,Student,Male,7,8,8,7,8,8
2025/11/21 04:08,Student,Male,7,8,8,7,8,8
2025/11/21 04:08,Student,Male,7,8,8,7,8,8
2025/11/21 04:10,Student,Male,7,8,8,7,8,8
2025/11/21 04:14,Student,Male,7,8,8,7,8,8
2025/11/21 04:39,Student,Male,7,8,8,7,8,8
2025/11/21 04:39,Student,Male,7,8,8,7,8,8
2025/11/21 04:46,Student,Male,7,8,8,7,8,8
2025/11/21 04:48,Student,Male,7,8,8,7,8,8
2025/11/21 05:23,Student,Female,6,8,8,6,9,8
2025/11/21 05:25,Student,Male,7,8,8,7,8,8
2025/11/21 05:30,Student,Female,6,8,8,6,9,8
2025/11/21 05:32,Student,Male,7,8,8,7,8,8
2025/11/21 05:35,Student,Male,7,8,8,7,8,8
2025/11/21 05:47,Student,Male,7,8,8,7,8,8
2025/11/21 05:49,Student,Other,4,6,6,8,8,4
2025/11/21 05:51,Student,Male,7,8,8,7,8,8
2025/11/21 05:56,Student,Male,7,8,8,7,8,8
2025/11/21 05:56,Student,Male,7,8,8,7,8,8
2025/11/21 05:58,Student,Male,7,8,8,7,8,8
2025/11/21 06:09,Student,Female,6,8,8,6,9,8
2025/11/21 06:09,Student,Female,6,8,8,6,9,8
2025/11/21 06:17,Student,Male,7,8,8,7,8,8
2025/11/21 06:19,Student,Male,7,8,8,7,8,8
2025/11/21 06:20,Student,Male,7,8,8,7,8,8
2025/11/21 06:23,Student,Male,7,8,8,7,8,8
2025/11/21 06:27,Student,Male,7,8,8,7,8,8
2025/11/21 06:28,Student,Male,7,8,8,7,8,8
2025/11/21 06:32,Student,Female,6,8,8,6,9,8
2025/11/21 06:33,Student,Male,7,8,8,7,8,8
2025/11/21 06:34,Student,Male,7,8,8,7,8,8
2025/11/21 06:35,Non-Student,Male,6,10,10,6,10,6
2025/11/21 06:41,Student,Male,7,8,8,7,8,8
2025/11/21 06:45,Student,Male,7,8,8,7,8,8
2025/11/21 06:52,Student,Male,7,8,8,7,8,8
2025/11/21 07:02,Student,Male,7,8,8,7,8,8
2025/11/21 07:06,Student,Male,7,8,8,7,8,8
2025/11/21 07:06,Student,Male,7,8,8,7,8,8
2025/11/21 07:12,Student,Male,7,8,8,7,8,8
2025/11/21 07:27,Student,Male,7,8,8,7,8,8
2025/11/21 07:36,Student,Male,7,8,8,7,8,8
2025/11/21 07:48,Student,Female,6,8,8,6,9,8
2025/11/21 07:49,Student,Male,7,8,8,7,8,8
2025/11/21 07:56,Non-Student,Female,7,8,9,6,9,7
2025/11/21 07:56,Student,Male,7,8,8,7,8,8
2025/11/21 08:03,Student,Male,7,8,8,7,8,8
2025/11/21 08:12,Student,Female,6,8,8,6,9,8
2025/11/21 08:27,Student,Female,6,8,8,6,9,8
2025/11/21 08:27,Student,Male,7,8,8,7,8,8
2025/11/21 08:28,Student,Male,7,8,8,7,8,8
2025/11/21 08:30,Student,Male,7,8,8,7,8,8
2025/11/21 08:56,Student,Male,7,8,8,7,8,8
2025/11/21 08:58,Student,Female,6,8,8,6,9,8
2025/11/21 08:58,Student,Male,7,8,8,7,8,8
2025/11/21 09:07,Student,Male,7,8,8,7,8,8
2025/11/21 09:07,Student,Male,7,8,8,7,8,8
2025/11/21 09:08,Student,Female,6,8,8,6,9,8
2025/11/21 09:08,Student,Female,6,8,8,6,9,8
2025/11/21 09:17,Student,Male,7,8,8,7,8,8
2025/11/21 10:03,Student,Male,7,8,8,7,8,8
2025/11/21 10:09,Student,Female,6,8,8,6,9,8
2025/11/21 10:09,Student,Male,7,8,8,7,8,8
2025/11/21 10:26,Student,Male,7,8,8,7,8,8
2025/11/21 10:33,Student,Male,7,8,8,7,8,8
2025/11/21 10:35,Student,Female,6,8,8,6,9,8
2025/11/21 10:37,Student,Male,7,8,8,7,8,8
2025/11/21 10:46,Student,Male,7,8,8,7,8,8
2025/11/21 10:52,Student,Male,7,8,8,7,8,8
2025/11/21 10:53,Student,Male,7,8,8,7,8,8
2025/11/21 10:53,Student,Male,7,8,8,7,8,8
2025/11/21 11:14,Student,Male,7,8,8,7,8,8
2025/11/21 11:19,Student,Female,6,8,8,6,9,8
2025/11/21 11:20,Student,Male,7,8,8,7,8,8
2025/11/21 11:22,Student,Male,7,8,8,7,8,8
2025/11/21 11:23,Non-Student,Female,7,8,9,6,9,7
2025/11/21 11:24,Student,Male,7,8,8,7,8,8
2025/11/21 11:29,Student,Male,7,8,8,7,8,8
2025/11/21 11:29,Student,Male,7,8,8,7,8,8
2025/11/21 11:32,Student,Male,7,8,8,7,8,8
2025/11/21 11:41,Non-Student,Male,6,10,10,6,10,6
2025/11/21 11:49,Student,Male,7,8,8,7,8,8
2025/11/21 11:49,Student,Male,7,8,8,7,8,8
2025/11/21 11:59,Student,Male,7,8,8,7,8,8
2025/11/21 12:01,Student,Male,7,8,8,7,8,8
2025/11/21 12:21,Student,Male,7,8,8,7,8,8
2025/11/21 12:25,Student,Male,7,8,8,7,8,8
2025/11/21 12:43,Student,Male,7,8,8,7,8,8
2025/11/21 12:46,Student,Male,7,8,8,7,8,8
2025/11/21 12:58,Student,Male,7,8,8,7,8,8
2025/11/21 12:59,Student,Male,7,8,8,7,8,8
2025/11/21 12:59,Student,Male,7,8,8,7,8,8
2025/11/21 13:01,Student,Female,6,8,8,6,9,8
2025/11/21 13:05,Student,Male,7,8,8,7,8,8
2025/11/21 13:10,Student,Male,7,8,8,7,8,8
2025/11/21 13:10,Student,Male,7,8,8,7,8,8
2025/11/21 13:12,Student,Male,7,8,8,7,8,8
2025/11/21 13:18,Student,Male,7,8,8,7,8,8
2025/11/21 13:26,Student,Male,7,8,8,7,8,8
2025/11/21 13:37,Student,Male,7,8,8,7,8,8
2025/11/21 13:58,Student,Female,6,8,8,6,9,8
2025/11/21 14:04,Student,Female,6,8,8,6,9,8
2025/11/21 14:05,Student,Male,7,8,8,7,8,8
2025/11/21 14:13,Student,Male,7,8,8,7,8,8
2025/11/21 14:16,Student,Male,7,8,8,7,8,8
2025/11/21 14:17,Student,Male,7,8,8,7,8,8
2025/11/21 14:23,Student,Male,7,8,8,7,8,8
2025/11/21 14:27,Student,Female,6,8,8,6,9,8
2025/11/21 14:37,Student,Male,7,8,8,7,8,8
2025/11/21 14:43,Student,Male,7,8,8,7,8,8
2025/11/21 14:50,Student,Female,6,8,8,6,9,8
2025/11/21 14:52,Student,Male,7,8,8,7,8,8
2025/11/21 14:52,Student,Male,7,8,8,7,8,8
2025/11/21 14:56,Student,Female,6,8,8,6,9,8
2025/11/21 14:58,Student,Male,7,8,8,7,8,8
2025/11/21 15:10,Student,Male,7,8,8,7,8,8
2025/11/21 15:10,Student,Male,7,8,8,7,8,8
2025/11/21 15:15,Student,Female,6,8,8,6,9,8
2025/11/21 15:21,Student,Male,7,8,8,7,8,8
2025/11/21 15:21,Student,Other,4,6,6,8,8,4
2025/11/21 15:22,Student,Male,7,8,8,7,8,8
2025/11/21 15:23,Student,Male,7,8,8,7,8,8
2025/11/21 15:28,Student,Male,7,8,8,7,8,8
2025/11/21 15:31,Student,Male,7,8,8,7,8,8
2025/11/21 16:02,Student,Female,6,8,8,6,9,8
2025/11/21 16:19,Student,Female,6,8,8,6,9,8
2025/11/21 16:22,Student,Female,6,8,8,6,9,8
2025/11/21 16:25,Student,Male,7,8,8,7,8,8
2025/11/21 16:27,Student,Male,7,8,8,7,8,8
2025/11/21 16:34,Student,Male,7,8,8,7,8,8
2025/11/21 16:43,Student,Male,7,8,8,7,8,8
2025/11/21 16:43,Student,Female,6,8,8,6,9,8
2025/11/21 16:51,Student,Male,7,8,8,7,8,8
2025/11/21 16:53,Student,Male,7,8,8,7,8,8
2025/11/21 17:03,Student,Male,7,8,8,7,8,8
2025/11/21 17:24,Student,Male,7,8,8,7,8,8
2025/11/21 17:28,Student,Male,7,8,8,7,8,8
2025/11/21 17:29,Student,Female,6,8,8,6,9,8
2025/11/21 17:39,Student,Male,7,8,8,7,8,8
2025/11/21 17:46,Student,Male,7,8,8,7,8,8
2025/11/21 17:46,Student,Male,7,8,8,7,8,8
2025/11/21 17:49,Student,Female,6,8,8,6,9,8
2025/11/21 17:52,Student,Male,7,8,8,7,8,8
2025/11/21 17:55,Student,Male,7,8,8,7,8,8
2025/11/21 18:10,Student,Male,7,8,8,7,8,8
2025/11/21 18:10,Student,Male,7,8,8,7,8,8
2025/11/21 18:20,Student,Male,7,8,8,7,8,8
2025/11/21 18:21,Student,Male,7,8,8,7,8,8
2025/11/21 18:26,Student,Female,6,8,8,6,9,8
2025/11/21 18:29,Student,Male,7,8,8,7,8,8
2025/11/21 18:33,Student,Male,7,8,8,7,8,8
2025/11/21 18:35,Student,Male,7,8,8,7,8,8
2025/11/21 18:36,Student,Other,4,6,6,8,8,4
2025/11/21 18:40,Student,Male,7,8,8,7,8,8
2025/11/21 18:43,Student,Male,7,8,8,7,8,8
2025/11/21 18:46,Student,Male,7,8,8,7,8,8
2025/11/21 18:55,Student,Male,7,8,8,7,8,8
2025/11/21 19:07,Student,Male,7,8,8,7,8,8
2025/11/21 19:08,Non-Student,Female,7,8,9,6,9,7
2025/11/21 19:14,Student,Male,7,8,8,7,8,8
2025/11/21 19:19,Non-Student,Female,7,8,9,6,9,7
2025/11/21 19:25,Student,Female,6,8,8,6,9,8
2025/11/21 19:27,Student,Male,7,8,8,7,8,8
2025/11/21 19:32,Student,Male,7,8,8,7,8,8
2025/11/21 19:33,Student,Male,7,8,8,7,8,8
2025/11/21 19:38,Student,Male,7,8,8,7,8,8
2025/11/21 19:49,Student,Male,7,8,8,7,8,8
2025/11/21 19:55,Student,Female,6,8,8,6,9,8
2025/11/21 19:56,Student,Male,7,8,8,7,8,8
2025/11/21 20:01,Student,Female,6,8,8,6,9,8
2025/11/21 20:05,Student,Male,7,8,8,7,8,8
2025/11/21 20:05,Student,Male,7,8,8,7,8,8
2025/11/21 20:18,Student,Male,7,8,8,7,8,8
2025/11/21 20:27,Student,Male,7,8,8,7,8,8
2025/11/21 20:29,Student,Male,7,8,8,7,8,8
2025/11/21 20:34,Student,Male,7,8,8,7,8,8
2025/11/21 20:42,Student,Male,7,8,8,7,8,8
2025/11/21 20:42,Student,Male,7,8,8,7,8,8
2025/11/21 20:45,Student,Male,7,8,8,7,8,8
2025/11/21 20:59,Student,Male,7,8,8,7,8,8
2025/11/21 21:05,Student,Female,6,8,8,6,9,8
2025/11/21 21:10,Student,Male,7,8,8,7,8,8
2025/11/21 21:17,Student,Male,7,8,8,7,8,8
2025/11/21 21:24,Student,Male,7,8,8,7,8,8
2025/11/21 21:29,Student,Male,7,8,8,7,8,8
2025/11/21 21:30,Student,Male,7,8,8,7,8,8
2025/11/21 21:33,Student,Male,7,8,8,7,8,8
2025/11/21 21:37,Student,Male,7,8,8,7,8,8
2025/11/21 21:38,Student,Male,7,8,8,7,8,8
2025/11/21 21:38,Student,Male,7,8,8,7,8,8
2025/11/21 21:39,Student,Female,6,8,8,6,9,8
2025/11/21 21:40,Student,Male,7,8,8,7,8,8
2025/11/21 21:56,Student,Male,7,8,8,7,8,8
2025/11/21 21:57,Student,Male,7,8,8,7,8,8
2025/11/21 22:01,Student,Male,7,8,8,7,8,8
2025/11/21 22:18,Student,Male,7,8,8,7,8,8
2025/11/21 22:19,Student,Male,7,8,8,7,8,8
2025/11/21 22:27,Student,Other,4,6,6,8,8,4
2025/11/21 22:31,Student,Male,7,8,8,7,8,8
2025/11/21 22:32,Student,Male,7,8,8,7,8,8
2025/11/21 22:39,Student,Male,7,8,8,7,8,8
2025/11/21 22:40,Student,Male,7,8,8,7,8,8
2025/11/21 22:43,Student,Male,7,8,8,7,8,8
2025/11/21 22:44,Student,Female,6,8,8,6,9,8
2025/11/21 22:44,Student,Male,7,8,8,7,8,8
2025/11/21 22:47,Student,Male,7,8,8,7,8,8
2025/11/21 22:54,Student,Male,7,8,8,7,8,8
2025/11/21 23:05,Student,Male,7,8,8,7,8,8
2025/11/21 23:10,Student,Male,7,8,8,7,8,8
2025/11/21 23:11,Student,Male,7,8,8,7,8,8
2025/11/21 23:16,Student,Male,7,8,8,7,8,8
2025/11/21 23:19,Student,Male,7,8,8,7,8,8
2025/11/21 23:22,Student,Female,6,8,8,6,9,8
2025/11/21 23:26,Student,Female,6,8,8,6,9,8
2025/11/21 23:26,Student,Female,6,8,8,6,9,8
2025/11/21 23:26,Student,Male,7,8,8,7,8,8
2025/11/21 23:29,Student,Male,7,8,8,7,8,8
2025/11/21 23:38,Student,Male,7,8,8,7,8,8
2025/11/21 23:42,Student,Male,7,8,8,7,8,8
2025/11/21 23:46,Student,Male,7,8,8,7,8,8
2025/11/21 23:48,Student,Female,6,8,8,6,9,8
2025/11/21 23:55,Student,Male,7,8,8,7,8,8
2025/11/21 23:56,Student,Male,7,8,8,7,8,8
2025/11/21 23:59,Student,Male,7,8,8,7,8,8
2025/11/21 23:59,Student,Male,7,8,8,7,8,8
2025/11/22 00:02,Student,Male,7,8,8,7,8,8
2025/11/22 00:06,Student,Male,7,8,8,7,8,8
2025/11/22 00:43,Student,Male,7,8,8,7,8,8
2025/11/22 00:45,Student,Male,7,8,8,7,8,8
2025/11/22 00:54,Student,Male,7,8,8,7,8,8
2025/11/22 00:56,Student,Male,7,8,8,7,8,8
2025/11/22 01:00,Student,Male,7,8,8,7,8,8
2025/11/22 01:02,Student,Female,6,8,8,6,9,8
2025/11/22 01:05,Student,Female,6,8,8,6,9,8
2025/11/22 01:07,Student,Male,7,8,8,7,8,8
2025/11/22 01:28,Student,Male,7,8,8,7,8,8
2025/11/22 01:29,Student,Male,7,8,8,7,8,8
2025/11/22 01:32,Student,Male,7,8,8,7,8,8
2025/11/22 01:34,Student,Female,6,8,8,6,9,8
2025/11/22 01:38,Student,Male,7,8,8,7,8,8
2025/11/22 01:43,Student,Male,7,8,8,7,8,8
2025/11/22 01:45,Student,Female,6,8,8,6,9,8
2025/11/22 01:50,Student,Male,7,8,8,7,8,8
2025/11/22 01:51,Student,Male,7,8,8,7,8,8
2025/11/22 01:52,Student,Male,7,8,8,7,8,8
2025/11/22 02:09,Student,Female,6,8,8,6,9,8
2025/11/22 02:10,Student,Male,7,8,8,7,8,8
2025/11/22 02:16,Student,Male,7,8,8,7,8,8
2025/11/22 02:16,Non-Student,Female,7,8,9,6,9,7
2025/11/22 02:18,Student,Female,6,8,8,6,9,8
2025/11/22 02:36,Student,Female,6,8,8,6,9,8
2025/11/22 02:38,Student,Male,7,8,8,7,8,8
2025/11/22 02:46,Student,Male,7,8,8,7,8,8
2025/11/22 02:57,Student,Male,7,8,8,7,8,8
2025/11/22 03:14,Student,Female,6,8,8,6,9,8
2025/11/22 03:20,Student,Female,6,8,8,6,9,8
2025/11/22 03:20,Student,Female,6,8,8,6,9,8
2025/11/22 03:20,Non-Student,Female,7,8,9,6,9,7
2025/11/22 03:27,Student,Male,7,8,8,7,8,8
2025/11/22 03:36,Student,Female,6,8,8,6,9,8
2025/11/22 03:39,Non-Student,Female,7,8,9,6,9,7
2025/11/22 03:41,Student,Male,7,8,8,7,8,8
2025/11/22 03:43,Student,Male,7,8,8,7,8,8
2025/11/22 03:48,Student,Female,6,8,8,6,9,8
2025/11/22 03:50,Student,Male,7,8,8,7,8,8
2025/11/22 03:59,Student,Male,7,8,8,7,8,8
2025/11/22 04:01,Student,Male,7,8,8,7,8,8
2025/11/22 04:02,Student,Male,7,8,8,7,8,8
2025/11/22 04:22,Student,Male,7,8,8,7,8,8
2025/11/22 04:36,Student,Male,7,8,8,7,8,8
2025/11/22 04:51,Student,Male,7,8,8,7,8,8
2025/11/22 04:56,Student,Male,7,8,8,7,8,8
2025/11/22 04:59,Student,Male,7,8,8,7,8,8
2025/11/22 05:04,Student,Male,7,8,8,7,8,8
2025/11/22 05:04,Student,Male,7,8,8,7,8,8
2025/11/22 05:04,Student,Other,4,6,6,8,8,4
2025/11/22 05:05,Student,Male,7,8,8,7,8,8
2025/11/22 05:09,Student,Male,7,8,8,7,8,8
2025/11/22 05:09,Student,Male,7,8,8,7,8,8
2025/11/22 05:10,Student,Male,7,8,8,7,8,8
2025/11/22 05:15,Student,Male,7,8,8,7,8,8
2025/11/22 05:19,Student,Male,7,8,8,7,8,8
2025/11/22 05:24,Student,Female,6,8,8,6,9,8
2025/11/22 05:26,Student,Male,7,8,8,7,8,8
2025/11/22 05:28,Student,Male,7,8,8,7,8,8
2025/11/22 05:28,Student,Male,7,8,8,7,8,8
2025/11/22 05:42,Student,Male,7,8,8,7,8,8
2025/11/22 05:44,Student,Male,7,8,8,7,8,8
2025/11/22 05:45,Student,Male,7,8,8,7,8,8
2025/11/22 06:06,Student,Male,7,8,8,7,8,8
2025/11/22 06:06,Student,Male,7,8,8,7,8,8
2025/11/22 06:07,Student,Female,6,8,8,6,9,8
2025/11/22 06:20,Student,Male,7,8,8,7,8,8
2025/11/22 06:26,Student,Male,7,8,8,7,8,8
2025/11/22 06:42,Student,Male,7,8,8,7,8,8
2025/11/22 06:43,Student,Male,7,8,8,7,8,8
2025/11/22 06:44,Student,Male,7,8,8,7,8,8
2025/11/22 06:50,Student,Male,7,8,8,7,8,8
2025/11/22 06:57,Student,Male,7,8,8,7,8,8
2025/11/22 07:05,Student,Male,7,8,8,7,8,8
2025/11/22 07:05,Student,Male,7,8,8,7,8,8
2025/11/22 07:09,Student,Male,7,8,8,7,8,8
2025/11/22 07:16,Student,Male,7,8,8,7,8,8
2025/11/22 07:17,Student,Male,7,8,8,7,8,8
2025/11/22 07:31,Student,Male,7,8,8,7,8,8
2025/11/22 07:38,Student,Female,6,8,8,6,9,8
2025/11/22 07:41,Student,Male,7,8,8,7,8,8
2025/11/22 07:47,Student,Male,7,8,8,7,8,8
2025/11/22 08:00,Student,Male,7,8,8,7,8,8
2025/11/22 08:06,Student,Male,7,8,8,7,8,8
2025/11/22 08:09,Student,Male,7,8,8,7,8,8
2025/11/22 08:10,Student,Female,6,8,8,6,9,8
2025/11/22 08:16,Student,Female,6,8,8,6,9,8
2025/11/22 08:17,Student,Female,6,8,8,6,9,8
2025/11/22 08:18,Student,Female,6,8,8,6,9,8
2025/11/22 08:20,Student,Male,7,8,8,7,8,8
2025/11/22 08:21,Student,Male,7,8,8,7,8,8
2025/11/22 08:25,Student,Male,7,8,8,7,8,8
2025/11/22 08:30,Student,Male,7,8,8,7,8,8
2025/11/22 08:30,Student,Male,7,8,8,7,8,8
2025/11/22 08:34,Student,Male,7,8,8,7,8,8
2025/11/22 08:35,Student,Female,6,8,8,6,9,8
2025/11/22 08:37,Student,Female,6,8,8,6,9,8
2025/11/22 08:41,Student,Male,7,8,8,7,8,8
2025/11/22 08:48,Student,Male,7,8,8,7,8,8
2025/11/22 08:49,Student,Male,7,8,8,7,8,8
2025/11/22 08:52,Student,Male,7,8,8,7,8,8
2025/11/22 08:59,Student,Male,7,8,8,7,8,8
2025/11/22 09:20,Student,Male,7,8,8,7,8,8
2025/11/22 09:32,Student,Male,7,8,8,7,8,8
2025/11/22 09:40,Student,Male,7,8,8,7,8,8
2025/11/22 09:56,Student,Female,6,8,8,6,9,8
2025/11/22 10:00,Student,Male,7,8,8,7,8,8
2025/11/22 10:02,Student,Male,7,8,8,7,8,8
2025/11/22 10:10,Student,Female,6,8,8,6,9,8
2025/11/22 10:11,Student,Female,6,8,8,6,9,8
2025/11/22 10:19,Student,Male,7,8,8,7,8,8
2025/11/22 10:22,Student,Male,7,8,8,7,8,8
2025/11/22 10:24,Student,Male,7,8,8,7,8,8
2025/11/22 10:33,Student,Male,7,8,8,7,8,8
2025/11/22 10:42,Student,Male,7,8,8,7,8,8
2025/11/22 10:43,Student,Male,7,8,8,7,8,8
2025/11/22 10:46,Student,Female,6,8,8,6,9,8
2025/11/22 10:46,Student,Male,7,8,8,7,8,8
2025/11/22 10:50,Student,Male,7,8,8,7,8,8
2025/11/22 11:11,Student,Male,7,8,8,7,8,8
2025/11/22 11:13,Student,Male,7,8,8,7,8,8
2025/11/22 11:18,Student,Male,7,8,8,7,8,8
2025/11/22 11:20,Student,Male,7,8,8,7,8,8
2025/11/22 11:25,Student,Male,7,8,8,7,8,8
2025/11/22 11:45,Student,Female,6,8,8,6,9,8
2025/11/22 12:00,Student,Male,7,8,8,7,8,8
2025/11/22 12:05,Student,Male,7,8,8,7,8,8
2025/11/22 12:18,Student,Male,7,8,8,7,8,8
2025/11/22 12:21,Student,Male,7,8,8,7,8,8
2025/11/22 12:38,Student,Male,7,8,8,7,8,8
2025/11/22 12:47,Student,Male,7,8,8,7,8,8
2025/11/22 12:57,Student,Male,7,8,8,7,8,8
2025/11/22 13:06,Student,Female,6,8,8,6,9,8
2025/11/22 13:07,Student,Female,6,8,8,6,9,8
2025/11/22 13:10,Student,Male,7,8,8,7,8,8
2025/11/22 13:15,Student,Male,7,8,8,7,8,8
2025/11/22 13:18,Student,Male,7,8,8,7,8,8
2025/11/22 13:19,Student,Male,7,8,8,7,8,8
2025/11/22 13:29,Student,Male,7,8,8,7,8,8
2025/11/22 13:40,Student,Male,7,8,8,7,8,8
2025/11/22 13:43,Student,Male,7,8,8,7,8,8
2025/11/22 13:59,Student,Female,6,8,8,6,9,8
2025/11/22 14:12,Student,Male,7,8,8,7,8,8
2025/11/22 14:20,Student,Female,6,8,8,6,9,8
2025/11/22 14:21,Student,Male,7,8,8,7,8,8
2025/11/22 14:24,Student,Male,7,8,8,7,8,8
2025/11/22 14:31,Student,Male,7,8,8,7,8,8
2025/11/22 14:32,Student,Male,7,8,8,7,8,8
2025/11/22 14:40,Student,Male,7,8,8,7,8,8
2025/11/22 14:42,Student,Female,6,8,8,6,9,8
2025/11/22 14:43,Student,Male,7,8,8,7,8,8
2025/11/22 14:58,Student,Male,7,8,8,7,8,8
2025/11/22 15:01,Student,Male,7,8,8,7,8,8
2025/11/22 15:07,Student,Male,7,8,8,7,8,8
2025/11/22 15:12,Student,Male,7,8,8,7,8,8
2025/11/22 15:14,Student,Female,6,8,8,6,9,8
2025/11/22 15:18,Student,Male,7,8,8,7,8,8
2025/11/22 15:20,Student,Male,7,8,8,7,8,8
2025/11/22 15:26,Student,Male,7,8,8,7,8,8
2025/11/22 15:27,Student,Male,7,8,8,7,8,8
2025/11/22 15:32,Student,Male,7,8,8,7,8,8
2025/11/22 15:39,Student,Male,7,8,8,7,8,8
2025/11/22 15:43,Student,Male,7,8,8,7,8,8
2025/11/22 15:43,Student,Male,7,8,8,7,8,8
2025/11/22 15:46,Student,Male,7,8,8,7,8,8
2025/11/22 15:48,Student,Male,7,8,8,7,8,8
2025/11/22 16:06,Student,Female,6,8,8,6,9,8
2025/11/22 16:06,Student,Male,7,8,8,7,8,8
2025/11/22 16:10,Student,Male,7,8,8,7,8,8
2025/11/22 16:12,Non-Student,Female,7,8,9,6,9,7
2025/11/22 16:18,Student,Female,6,8,8,6,9,8
2025/11/22 16:23,Student,Female,6,8,8,6,9,8
2025/11/22 16:25,Student,Male,7,8,8,7,8,8
2025/11/22 16:26,Student,Male,7,8,8,7,8,8
2025/11/22 16:27,Student,Male,7,8,8,7,8,8
2025/11/22 16:29,Student,Male,7,8,8,7,8,8
2025/11/22 16:29,Student,Male,7,8,8,7,8,8
2025/11/22 16:44,Student,Male,7,8,8,7,8,8
2025/11/22 16:47,Student,Male,7,8,8,7,8,8
2025/11/22 16:57,Student,Female,6,8,8,6,9,8
2025/11/22 17:02,Student,Male,7,8,8,7,8,8
2025/11/22 17:16,Student,Male,7,8,8,7,8,8
2025/11/22 17:18,Student,Female,6,8,8,6,9,8
2025/11/22 17:22,Student,Male,7,8,8,7,8,8
2025/11/22 17:22,Student,Male,7,8,8,7,8,8
2025/11/22 17:28,Student,Male,7,8,8,7,8,8
2025/11/22 17:38,Student,Male,7,8,8,7,8,8
2025/11/22 17:41,Student,Male,7,8,8,7,8,8
2025/11/22 17:44,Student,Male,7,8,8,7,8,8
2025/11/22 17:54,Student,Male,7,8,8,7,8,8
2025/11/22 17:58,Student,Male,7,8,8,7,8,8
2025/11/22 18:12,Student,Female,6,8,8,6,9,8
2025/11/22 18:36,Student,Male,7,8,8,7,8,8
2025/11/22 18:47,Student,Male,7,8,8,7,8,8
2025/11/22 19:05,Student,Male,7,8,8,7,8,8
2025/11/22 19:11,Student,Male,7,8,8,7,8,8
2025/11/22 19:13,Student,Male,7,8,8,7,8,8
2025/11/22 19:18,Student,Male,7,8,8,7,8,8
2025/11/22 19:19,Student,Male,7,8,8,7,8,8
2025/11/22 19:30,Student,Female,6,8,8,6,9,8
2025/11/22 19:41,Student,Male,7,8,8,7,8,8
2025/11/22 19:48,Student,Male,7,8,8,7,8,8
2025/11/22 20:01,Student,Male,7,8,8,7,8,8
2025/11/22 20:04,Student,Male,7,8,8,7,8,8
2025/11/22 20:05,Student,Male,7,8,8,7,8,8
2025/11/22 20:07,Student,Male,7,8,8,7,8,8
2025/11/22 20:32,Student,Male,7,8,8,7,8,8
2025/11/22 20:35,Non-Student,Female,7,8,9,6,9,7
2025/11/22 20:37,Student,Male,7,8,8,7,8,8
2025/11/22 20:54,Student,Other,4,6,6,8,8,4
2025/11/22 20:56,Student,Male,7,8,8,7,8,8
2025/11/22 21:01,Student,Male,7,8,8,7,8,8
2025/11/22 21:04,Student,Female,6,8,8,6,9,8
2025/11/22 21:05,Student,Male,7,8,8,7,8,8
2025/11/22 21:15,Student,Male,7,8,8,7,8,8
2025/11/22 21:15,Student,Female,6,8,8,6,9,8
2025/11/22 21:31,Student,Male,7,8,8,7,8,8
2025/11/22 21:40,Student,Male,7,8,8,7,8,8
2025/11/22 21:42,Student,Male,7,8,8,7,8,8
2025/11/22 22:05,Student,Male,7,8,8,7,8,8
2025/11/22 22:08,Student,Male,7,8,8,7,8,8
2025/11/22 22:24,Student,Male,7,8,8,7,8,8
2025/11/22 22:24,Student,Male,7,8,8,7,8,8
2025/11/22 22:28,Non-Student,Female,7,8,9,6,9,7
2025/11/22 22:31,Student,Male,7,8,8,7,8,8
2025/11/22 22:32,Student,Male,7,8,8,7,8,8
2025/11/22 22:45,Student,Male,7,8,8,7,8,8
2025/11/22 22:49,Student,Female,6,8,8,6,9,8
2025/11/22 22:57,Student,Male,7,8,8,7,8,8
2025/11/22 23:03,Student,Male,7,8,8,7,8,8
2025/11/22 23:11,Student,Female,6,8,8,6,9,8
2025/11/22 23:12,Student,Male,7,8,8,7,8,8
2025/11/22 23:15,Student,Male,7,8,8,7,8,8
2025/11/22 23:19,Student,Female,6,8,8,6,9,8
2025/11/22 23:21,Student,Male,7,8,8,7,8,8
2025/11/22 23:25,Student,Male,7,8,8,7,8,8
2025/11/22 23:33,Student,Male,7,8,8,7,8,8
2025/11/22 23:40,Student,Male,7,8,8,7,8,8
2025/11/22 23:57,Student,Male,7,8,8,7,8,8
2025/11/23 00:08,Student,Male,7,8,8,7,8,8
2025/11/23 00:25,Student,Male,7,8,8,7,8,8
2025/11/23 00:46,Student,Male,7,8,8,7,8,8
2025/11/23 00:54,Student,Male,7,8,8,7,8,8
2025/11/23 00:55,Student,Male,7,8,8,7,8,8
2025/11/23 01:10,Student,Male,7,8,8,7,8,8
2025/11/23 01:14,Student,Female,6,8,8,6,9,8
2025/11/23 01:16,Student,Female,6,8,8,6,9,8
2025/11/23 01:16,Student,Male,7,8,8,7,8,8
2025/11/23 01:31,Student,Male,7,8,8,7,8,8
2025/11/23 01:56,Student,Male,7,8,8,7,8,8
2025/11/23 02:03,Student,Male,7,8,8,7,8,8
2025/11/23 02:04,Student,Female,6,8,8,6,9,8
2025/11/23 02:07,Student,Male,7,8,8,7,8,8
2025/11/23 02:09,Student,Female,6,8,8,6,9,8
2025/11/23 02:11,Non-Student,Female,7,8,9,6,9,7
2025/11/23 02:17,Student,Male,7,8,8,7,8,8
2025/11/23 02:35,Student,Male,7,8,8,7,8,8
2025/11/23 02:42,Student,Male,7,8,8,7,8,8
2025/11/23 02:42,Non-Student,Female,7,8,9,6,9,7
2025/11/23 02:53,Student,Male,7,8,8,7,8,8
2025/11/23 03:02,Student,Male,7,8,8,7,8,8
2025/11/23 03:03,Student,Female,6,8,8,6,9,8
2025/11/23 03:09,Student,Male,7,8,8,7,8,8
2025/11/23 03:21,Student,Male,7,8,8,7,8,8
2025/11/23 03:30,Student,Female,6,8,8,6,9,8
2025/11/23 03:31,Student,Male,7,8,8,7,8,8
2025/11/23 03:52,Student,Female,6,8,8,6,9,8
2025/11/23 03:59,Student,Other,4,6,6,8,8,4
2025/11/23 04:00,Student,Male,7,8,8,7,8,8
2025/11/23 04:03,Student,Female,6,8,8,6,9,8
2025/11/23 04:05,Student,Male,7,8,8,7,8,8
2025/11/23 04:06,Student,Male,7,8,8,7,8,8
2025/11/23 04:13,Student,Male,7,8,8,7,8,8
2025/11/23 04:17,Student,Male,7,8,8,7,8,8
2025/11/23 04:19,Student,Male,7,8,8,7,8,8
2025/11/23 04:21,Student,Male,7,8,8,7,8,8
2025/11/23 04:27,Student,Male,7,8,8,7,8,8
2025/11/23 04:27,Student,Male,7,8,8,7,8,8
2025/11/23 04:28,Non-Student,Female,7,8,9,6,9,7
2025/11/23 04:29,Student,Male,7,8,8,7,8,8
2025/11/23 04:36,Student,Female,6,8,8,6,9,8
2025/11/23 04:41,Student,Male,7,8,8,7,8,8
2025/11/23 05:02,Student,Male,7,8,8,7,8,8
2025/11/23 05:08,Student,Male,7,8,8,7,8,8
2025/11/23 05:13,Student,Male,7,8,8,7,8,8
2025/11/23 05:28,Student,Male,7,8,8,7,8,8
2025/11/23 05:37,Student,Male,7,8,8,7,8,8
2025/11/23 05:38,Student,Female,6,8,8,6,9,8
2025/11/23 05:40,Student,Other,4,6,6,8,8,4
2025/11/23 05:40,Student,Female,6,8,8,6,9,8
2025/11/23 05:41,Student,Male,7,8,8,7,8,8
2025/11/23 05:42,Student,Male,7,8,8,7,8,8
2025/11/23 05:53,Student,Female,6,8,8,6,9,8
2025/11/23 05:56,Student,Male,7,8,8,7,8,8
2025/11/23 06:00,Student,Female,6,8,8,6,9,8
2025/11/23 06:01,Student,Female,6,8,8,6,9,8
2025/11/23 06:09,Student,Male,7,8,8,7,8,8
2025/11/23 06:09,Student,Male,7,8,8,7,8,8
2025/11/23 06:10,Student,Female,6,8,8,6,9,8
2025/11/23 06:13,Student,Male,7,8,8,7,8,8
2025/11/23 06:32,Student,Female,6,8,8,6,9,8
2025/11/23 06:41,Student,Female,6,8,8,6,9,8
2025/11/23 06:44,Student,Female,6,8,8,6,9,8
2025/11/23 06:45,Student,Male,7,8,8,7,8,8
2025/11/23 06:49,Student,Male,7,8,8,7,8,8
2025/11/23 06:49,Student,Female,6,8,8,6,9,8
2025/11/23 07:08,Student,Male,7,8,8,7,8,8
2025/11/23 07:30,Student,Male,7,8,8,7,8,8
2025/11/23 07:31,Student,Male,7,8,8,7,8,8
2025/11/23 07:32,Student,Male,7,8,8,7,8,8
2025/11/23 07:34,Student,Male,7,8,8,7,8,8
2025/11/23 07:45,Student,Male,7,8,8,7,8,8
2025/11/23 07:50,Student,Male,7,8,8,7,8,8
2025/11/23 07:52,Student,Male,7,8,8,7,8,8
2025/11/23 07:58,Student,Male,7,8,8,7,8,8
2025/11/23 08:00,Student,Male,7,8,8,7,8,8
2025/11/23 08:10,Non-Student,Female,7,8,9,6,9,7
2025/11/23 08:11,Student,Female,6,8,8,6,9,8
2025/11/23 08:23,Student,Male,7,8,8,7,8,8
2025/11/23 08:28,Non-Student,Male,6,10,10,6,10,6
2025/11/23 08:33,Student,Male,7,8,8,7,8,8
2025/11/23 08:43,Student,Male,7,8,8,7,8,8
2025/11/23 08:53,Student,Male,7,8,8,7,8,8
2025/11/23 09:03,Student,Male,7,8,8,7,8,8
2025/11/23 09:05,Student,Male,7,8,8,7,8,8
2025/11/23 09:19,Student,Male,7,8,8,7,8,8
2025/11/23 09:20,Student,Male,7,8,8,7,8,8
2025/11/23 09:28,Student,Male,7,8,8,7,8,8
2025/11/23 09:48,Student,Male,7,8,8,7,8,8
2025/11/23 09:58,Non-Student,Female,7,8,9,6,9,7
2025/11/23 10:02,Student,Male,7,8,8,7,8,8
2025/11/23 10:13,Student,Male,7,8,8,7,8,8
2025/11/23 10:15,Student,Male,7,8,8,7,8,8
2025/11/23 10:26,Student,Male,7,8,8,7,8,8
2025/11/23 10:26,Student,Male,7,8,8,7,8,8
2025/11/23 10:48,Student,Male,7,8,8,7,8,8
2025/11/23 10:49,Student,Male,7,8,8,7,8,8
2025/11/23 10:57,Student,Female,6,8,8,6,9,8
2025/11/23 10:58,Student,Male,7,8,8,7,8,8
2025/11/23 11:10,Student,Male,7,8,8,7,8,8
2025/11/23 11:15,Student,Male,7,8,8,7,8,8
2025/11/23 11:22,Student,Female,6,8,8,6,9,8
2025/11/23 11:28,Student,Male,7,8,8,7,8,8
2025/11/23 11:33,Student,Male,7,8,8,7,8,8
2025/11/23 11:43,Student,Male,7,8,8,7,8,8
2025/11/23 12:18,Student,Male,7,8,8,7,8,8
2025/11/23 12:34,Student,Female,6,8,8,6,9,8
2025/11/23 12:39,Student,Male,7,8,8,7,8,8
2025/11/23 12:49,Student,Male,7,8,8,7,8,8
2025/11/23 12:49,Non-Student,Female,7,8,9,6,9,7
2025/11/23 12:51,Student,Male,7,8,8,7,8,8
2025/11/23 12:52,Student,Male,7,8,8,7,8,8
2025/11/23 13:06,Student,Male,7,8,8,7,8,8
2025/11/23 13:28,Student,Female,6,8,8,6,9,8
2025/11/23 13:36,Student,Male,7,8,8,7,8,8
2025/11/23 14:01,Student,Male,7,8,8,7,8,8
2025/11/23 14:10,Non-Student,Male,6,10,10,6,10,6
2025/11/23 14:14,Student,Male,7,8,8,7,8,8
2025/11/23 14:21,Student,Male,7,8,8,7,8,8
2025/11/23 14:31,Student,Female,6,8,8,6,9,8
2025/11/23 14:38,Student,Male,7,8,8,7,8,8
2025/11/23 14:49,Student,Male,7,8,8,7,8,8
2025/11/23 14:54,Student,Female,6,8,8,6,9,8
2025/11/23 14:54,Student,Male,7,8,8,7,8,8
2025/11/23 15:00,Student,Male,7,8,8,7,8,8
2025/11/23 15:17,Student,Male,7,8,8,7,8,8
2025/11/23 15:25,Student,Male,7,8,8,7,8,8
2025/11/23 15:32,Student,Male,7,8,8,7,8,8
2025/11/23 15:48,Student,Male,7,8,8,7,8,8
2025/11/23 15:53,Student,Male,7,8,8,7,8,8
2025/11/23 16:09,Student,Male,7,8,8,7,8,8
2025/11/23 16:13,Student,Male,7,8,8,7,8,8
2025/11/23 16:38,Student,Male,7,8,8,7,8,8
2025/11/23 16:44,Student,Male,7,8,8,7,8,8
2025/11/23 16:47,Student,Male,7,8,8,7,8,8
2025/11/23 16:50,Student,Male,7,8,8,7,8,8
2025/11/23 16:50,Student,Female,6,8,8,6,9,8
2025/11/23 16:59,Student,Male,7,8,8,7,8,8
2025/11/23 17:02,Student,Male,7,8,8,7,8,8
2025/11/23 17:04,Student,Male,7,8,8,7,8,8
2025/11/23 17:08,Student,Female,6,8,8,6,9,8
2025/11/23 17:21,Student,Female,6,8,8,6,9,8
2025/11/23 17:22,Student,Male,7,8,8,7,8,8
2025/11/23 17:38,Student,Male,7,8,8,7,8,8
2025/11/23 17:43,Student,Male,7,8,8,7,8,8
2025/11/23 17:44,Student,Male,7,8,8,7,8,8
2025/11/23 17:45,Student,Other,4,6,6,8,8,4
2025/11/23 17:45,Student,Male,7,8,8,7,8,8
2025/11/23 18:02,Student,Male,7,8,8,7,8,8
2025/11/23 18:07,Student,Female,6,8,8,6,9,8
2025/11/23 18:18,Student,Male,7,8,8,7,8,8
2025/11/23 18:23,Student,Male,7,8,8,7,8,8
2025/11/23 18:25,Student,Male,7,8,8,7,8,8
2025/11/23 18:30,Student,Male,7,8,8,7,8,8
2025/11/23 18:31,Student,Male,7,8,8,7,8,8
2025/11/23 18:36,Student,Male,7,8,8,7,8,8
2025/11/23 18:43,Student,Male,7,8,8,7,8,8
2025/11/23 18:51,Non-Student,Female,7,8,9,6,9,7
2025/11/23 19:01,Student,Female,6,8,8,6,9,8
2025/11/23 19:03,Student,Male,7,8,8,7,8,8
2025/11/23 19:05,Student,Male,7,8,8,7,8,8
2025/11/23 19:15,Student,Male,7,8,8,7,8,8
2025/11/23 19:18,Student,Male,7,8,8,7,8,8
2025/11/23 19:20,Student,Male,7,8,8,7,8,8
2025/11/23 19:28,Student,Male,7,8,8,7,8,8
2025/11/23 19:37,Student,Male,7,8,8,7,8,8
2025/11/23 19:50,Student,Male,7,8,8,7,8,8
2025/11/23 20:09,Student,Male,7,8,8,7,8,8
2025/11/23 20:16,Non-Student,Female,7,8,9,6,9,7
2025/11/23 20:33,Student,Male,7,8,8,7,8,8
2025/11/23 20:39,Student,Male,7,8,8,7,8,8
2025/11/23 20:58,Student,Male,7,8,8,7,8,8
2025/11/23 21:00,Student,Male,7,8,8,7,8,8
2025/11/23 21:01,Student,Female,6,8,8,6,9,8
2025/11/23 21:23,Student,Male,7,8,8,7,8,8
2025/11/23 21:31,Student,Male,7,8,8,7,8,8
2025/11/23 21:39,Student,Male,7,8,8,7,8,8
2025/11/23 21:48,Student,Male,7,8,8,7,8,8
2025/11/23 22:00,Student,Male,7,8,8,7,8,8
2025/11/23 22:07,Student,Male,7,8,8,7,8,8
2025/11/23 22:19,Student,Female,6,8,8,6,9,8
2025/11/23 22:20,Student,Male,7,8,8,7,8,8
2025/11/23 22:36,Student,Male,7,8,8,7,8,8
2025/11/23 22:41,Student,Male,7,8,8,7,8,8
2025/11/23 22:48,Student,Male,7,8,8,7,8,8
2025/11/23 22:48,Student,Male,7,8,8,7,8,8
2025/11/23 22:56,Student,Male,7,8,8,7,8,8
2025/11/23 22:57,Non-Student,Female,7,8,9,6,9,7
2025/11/23 23:00,Student,Male,7,8,8,7,8,8
2025/11/23 23:03,Student,Male,7,8,8,7,8,8
2025/11/23 23:18,Student,Female,6,8,8,6,9,8
2025/11/23 23:20,Student,Male,7,8,8,7,8,8
2025/11/23 23:27,Student,Male,7,8,8,7,8,8
2025/11/23 23:30,Non-Student,Female,7,8,9,6,9,7
2025/11/23 23:38,Student,Male,7,8,8,7,8,8
2025/11/23 23:39,Student,Male,7,8,8,7,8,8
2025/11/23 23:49,Student,Male,7,8,8,7,8,8
2025/11/23 23:49,Student,Female,6,8,8,6,9,8
2025/11/23 23:50,Non-Student,Female,7,8,9,6,9,7
2025/11/23 23:51,Student,Male,7,8,8,7,8,8
2025/11/23 23:57,Non-Student,Male,6,10,10,6,10,6
2025/11/24 00:08,Student,Male,7,8,8,7,8,8
2025/11/24 00:18,Student,Male,7,8,8,7,8,8
2025/11/24 00:23,Student,Female,6,8,8,6,9,8
2025/11/24 00:26,Student,Male,7,8,8,7,8,8
2025/11/24 00:27,Student,Female,6,8,8,6,9,8
2025/11/24 00:28,Student,Female,6,8,8,6,9,8
2025/11/24 00:41,Student,Female,6,8,8,6,9,8
2025/11/24 00:42,Student,Male,7,8,8,7,8,8
2025/11/24 00:47,Student,Other,4,6,6,8,8,4
2025/11/24 00:48,Student,Male,7,8,8,7,8,8
2025/11/24 00:51,Student,Male,7,8,8,7,8,8
2025/11/24 00:54,Student,Male,7,8,8,7,8,8
2025/11/24 00:55,Student,Female,6,8,8,6,9,8
2025/11/24 01:02,Student,Male,7,8,8,7,8,8
2025/11/24 01:13,Student,Female,6,8,8,6,9,8
2025/11/24 01:17,Student,Male,7,8,8,7,8,8
2025/11/24 01:29,Student,Male,7,8,8,7,8,8
2025/11/24 01:40,Student,Female,6,8,8,6,9,8
2025/11/24 01:51,Student,Male,7,8,8,7,8,8
2025/11/24 01:52,Student,Male,7,8,8,7,8,8
2025/11/24 01:53,Student,Male,7,8,8,7,8,8
2025/11/24 02:06,Student,Male,7,8,8,7,8,8
2025/11/24 02:23,Student,Male,7,8,8,7,8,8
2025/11/24 02:24,Student,Male,7,8,8,7,8,8
2025/11/24 02:25,Student,Male,7,8,8,7,8,8
2025/11/24 02:39,Student,Female,6,8,8,6,9,8
2025/11/24 02:43,Student,Male,7,8,8,7,8,8
2025/11/24 02:45,Student,Female,6,8,8,6,9,8
2025/11/24 02:47,Student,Male,7,8,8,7,8,8
2025/11/24 02:50,Student,Male,7,8,8,7,8,8
2025/11/24 02:57,Student,Male,7,8,8,7,8,8
2025/11/24 03:02,Non-Student,Male,6,10,10,6,10,6
2025/11/24 03:03,Student,Male,7,8,8,7,8,8
2025/11/24 03:06,Student,Male,7,8,8,7,8,8
2025/11/24 03:20,Student,Male,7,8,8,7,8,8
2025/11/24 03:29,Student,Male,7,8,8,7,8,8
2025/11/24 03:50,Student,Female,6,8,8,6,9,8
2025/11/24 03:59,Non-Student,Female,7,8,9,6,9,7
2025/11/24 03:59,Student,Female,6,8,8,6,9,8
2025/11/24 04:02,Student,Female,6,8,8,6,9,8
2025/11/24 04:08,Student,Female,6,8,8,6,9,8
2025/11/24 04:12,Student,Other,4,6,6,8,8,4
2025/11/24 04:15,Student,Male,7,8,8,7,8,8
2025/11/24 04:24,Student,Male,7,8,8,7,8,8
2025/11/24 04:25,Student,Male,7,8,8,7,8,8
2025/11/24 04:31,Student,Male,7,8,8,7,8,8
2025/11/24 04:31,Student,Female,6,8,8,6,9,8
2025/11/24 04:31,Student,Male,7,8,8,7,8,8
2025/11/24 04:34,Student,Male,7,8,8,7,8,8
2025/11/24 04:41,Student,Male,7,8,8,7,8,8
2025/11/24 04:42,Student,Male,7,8,8,7,8,8
2025/11/24 04:46,Student,Female,6,8,8,6,9,8
2025/11/24 04:49,Student,Male,7,8,8,7,8,8
2025/11/24 04:56,Student,Male,7,8,8,7,8,8
2025/11/24 05:06,Student,Male,7,8,8,7,8,8
2025/11/24 05:09,Student,Male,7,8,8,7,8,8
2025/11/24 05:21,Student,Male,7,8,8,7,8,8
2025/11/24 05:31,Student,Male,7,8,8,7,8,8
2025/11/24 05:36,Student,Male,7,8,8,7,8,8
2025/11/24 05:36,Student,Female,6,8,8,6,9,8
2025/11/24 05:38,Student,Male,7,8,8,7,8,8
2025/11/24 05:49,Student,Male,7,8,8,7,8,8
2025/11/24 06:13,Student,Female,6,8,8,6,9,8
2025/11/24 06:14,Student,Female,6,8,8,6,9,8
2025/11/24 06:17,Student,Male,7,8,8,7,8,8
2025/11/24 06:17,Student,Male,7,8,8,7,8,8
2025/11/24 06:20,Student,Male,7,8,8,7,8,8
2025/11/24 06:20,Student,Male,7,8,8,7,8,8
2025/11/24 06:25,Student,Male,7,8,8,7,8,8
2025/11/24 06:27,Student,Male,7,8,8,7,8,8
2025/11/24 06:29,Student,Male,7,8,8,7,8,8
2025/11/24 06:33,Student,Male,7,8,8,7,8,8
2025/11/24 06:35,Student,Male,7,8,8,7,8,8
2025/11/24 06:36,Student,Female,6,8,8,6,9,8
2025/11/24 06:45,Student,Male,7,8,8,7,8,8
2025/11/24 07:17,Non-Student,Female,7,8,9,6,9,7
2025/11/24 07:20,Student,Male,7,8,8,7,8,8
2025/11/24 07:23,Student,Female,6,8,8,6,9,8
2025/11/24 07:29,Student,Male,7,8,8,7,8,8
2025/11/24 07:39,Student,Male,7,8,8,7,8,8
2025/11/24 07:55,Student,Other,4,6,6,8,8,4
2025/11/24 07:57,Student,Female,6,8,8,6,9,8
2025/11/24 08:02,Student,Other,4,6,6,8,8,4
2025/11/24 08:09,Student,Female,6,8,8,6,9,8
2025/11/24 08:19,Student,Male,7,8,8,7,8,8
2025/11/24 08:23,Student,Male,7,8,8,7,8,8
2025/11/24 08:32,Student,Male,7,8,8,7,8,8
2025/11/24 08:33,Non-Student,Female,7,8,9,6,9,7
2025/11/24 08:41,Student,Male,7,8,8,7,8,8
2025/11/24 08:41,Student,Male,7,8,8,7,8,8
2025/11/24 08:44,Student,Male,7,8,8,7,8,8
2025/11/24 08:53,Non-Student,Female,7,8,9,6,9,7
2025/11/24 08:55,Student,Male,7,8,8,7,8,8
2025/11/24 08:56,Student,Male,7,8,8,7,8,8
2025/11/24 09:04,Student,Male,7,8,8,7,8,8
2025/11/24 09:05,Student,Female,6,8,8,6,9,8
2025/11/24 09:11,Student,Male,7,8,8,7,8,8
2025/11/24 09:15,Student,Male,7,8,8,7,8,8
2025/11/24 09:32,Student,Male,7,8,8,7,8,8
2025/11/24 09:35,Student,Female,6,8,8,6,9,8
2025/11/24 09:36,Student,Male,7,8,8,7,8,8
2025/11/24 09:39,Student,Male,7,8,8,7,8,8
2025/11/24 09:42,Student,Male,7,8,8,7,8,8
2025/11/24 09:47,Student,Female,6,8,8,6,9,8
2025/11/24 09:52,Student,Male,7,8,8,7,8,8
2025/11/24 09:52,Student,Female,6,8,8,6,9,8
2025/11/24 09:54,Student,Male,7,8,8,7,8,8
2025/11/24 10:10,Student,Male,7,8,8,7,8,8
2025/11/24 10:16,Student,Male,7,8,8,7,8,8
2025/11/24 10:25,Student,Male,7,8,8,7,8,8
2025/11/24 10:30,Student,Male,7,8,8,7,8,8
2025/11/24 10:33,Student,Male,7,8,8,7,8,8
2025/11/24 10:38,Student,Male,7,8,8,7,8,8
2025/11/24 10:47,Student,Male,7,8,8,7,8,8
2025/11/24 10:51,Student,Male,7,8,8,7,8,8
2025/11/24 11:05,Student,Male,7,8,8,7,8,8
2025/11/24 11:09,Student,Female,6,8,8,6,9,8
2025/11/24 11:10,Student,Male,7,8,8,7,8,8
2025/11/24 11:22,Student,Female,6,8,8,6,9,8
2025/11/24 11:32,Non-Student,Female,7,8,9,6,9,7
2025/11/24 11:33,Student,Female,6,8,8,6,9,8
2025/11/24 11:53,Student,Male,7,8,8,7,8,8
2025/11/24 11:53,Student,Male,7,8,8,7,8,8
2025/11/24 12:00,Student,Male,7,8,8,7,8,8
2025/11/24 12:09,Student,Female,6,8,8,6,9,8
2025/11/24 12:14,Student,Female,6,8,8,6,9,8
2025/11/24 12:18,Student,Female,6,8,8,6,9,8
2025/11/24 12:24,Student,Male,7,8,8,7,8,8
2025/11/24 12:29,Non-Student,Female,7,8,9,6,9,7
2025/11/24 12:33,Non-Student,Female,7,8,9,6,9,7
2025/11/24 12:39,Student,Male,7,8,8,7,8,8
2025/11/24 12:54,Student,Male,7,8,8,7,8,8
2025/11/24 13:00,Student,Male,7,8,8,7,8,8
2025/11/24 13:09,Student,Male,7,8,8,7,8,8
2025/11/24 13:21,Student,Male,7,8,8,7,8,8
2025/11/24 13:26,Student,Male,7,8,8,7,8,8
2025/11/24 13:32,Student,Male,7,8,8,7,8,8
2025/11/24 13:38,Student,Male,7,8,8,7,8,8
2025/11/24 13:41,Student,Male,7,8,8,7,8,8
2025/11/24 13:54,Student,Male,7,8,8,7,8,8
2025/11/24 13:56,Student,Male,7,8,8,7,8,8
2025/11/24 14:01,Student,Male,7,8,8,7,8,8
2025/11/24 14:05,Student,Female,6,8,8,6,9,8
2025/11/24 14:07,Student,Female,6,8,8,6,9,8
2025/11/24 14:11,Student,Male,7,8,8,7,8,8
2025/11/24 14:16,Student,Female,6,8,8,6,9,8
2025/11/24 14:19,Non-Student,Female,7,8,9,6,9,7
2025/11/24 14:41,Student,Male,7,8,8,7,8,8
2025/11/24 14:43,Student,Male,7,8,8,7,8,8
2025/11/24 14:45,Student,Male,7,8,8,7,8,8
2025/11/24 14:50,Student,Male,7,8,8,7,8,8
2025/11/24 15:08,Student,Male,7,8,8,7,8,8
2025/11/24 15:48,Student,Male,7,8,8,7,8,8
2025/11/24 15:55,Student,Male,7,8,8,7,8,8
2025/11/24 15:55,Student,Male,7,8,8,7,8,8
2025/11/24 15:58,Student,Male,7,8,8,7,8,8
2025/11/24 16:11,Student,Male,7,8,8,7,8,8
2025/11/24 16:15,Student,Male,7,8,8,7,8,8
2025/11/24 16:29,Student,Male,7,8,8,7,8,8
2025/11/24 16:48,Student,Male,7,8,8,7,8,8
2025/11/24 16:53,Student,Male,7,8,8,7,8,8
2025/11/24 16:55,Student,Female,6,8,8,6,9,8
2025/11/24 16:56,Student,Male,7,8,8,7,8,8
2025/11/24 17:00,Student,Male,7,8,8,7,8,8
2025/11/24 17:03,Student,Male,7,8,8,7,8,8
2025/11/24 17:12,Student,Male,7,8,8,7,8,8
2025/11/24 17:18,Student,Male,7,8,8,7,8,8
2025/11/24 17:21,Student,Male,7,8,8,7,8,8
2025/11/24 17:22,Student,Male,7,8,8,7,8,8
2025/11/24 17:33,Student,Male,7,8,8,7,8,8
2025/11/24 17:39,Student,Male,7,8,8,7,8,8
2025/11/24 17:46,Student,Male,7,8,8,7,8,8
2025/11/24 17:47,Student,Male,7,8,8,7,8,8
2025/11/24 17:49,Student,Male,7,8,8,7,8,8
2025/11/24 18:03,Student,Female,6,8,8,6,9,8
2025/11/24 18:07,Non-Student,Male,6,10,10,6,10,6
2025/11/24 18:10,Student,Female,6,8,8,6,9,8
2025/11/24 18:27,Student,Male,7,8,8,7,8,8
2025/11/24 18:27,Student,Female,6,8,8,6,9,8
2025/11/24 18:29,Non-Student,Female,7,8,9,6,9,7
2025/11/24 18:54,Student,Female,6,8,8,6,9,8
2025/11/24 19:02,Student,Male,7,8,8,7,8,8
2025/11/24 19:04,Student,Male,7,8,8,7,8,8
2025/11/24 19:06,Student,Male,7,8,8,7,8,8
2025/11/24 19:26,Student,Male,7,8,8,7,8,8
2025/11/24 19:33,Student,Male,7,8,8,7,8,8
2025/11/24 19:36,Student,Male,7,8,8,7,8,8
2025/11/24 19:40,Student,Male,7,8,8,7,8,8
2025/11/24 19:42,Student,Female,6,8,8,6,9,8
2025/11/24 19:43,Student,Male,7,8,8,7,8,8
2025/11/24 19:44,Student,Female,6,8,8,6,9,8
2025/11/24 19:45,Student,Female,6,8,8,6,9,8
2025/11/24 19:45,Student,Female,6,8,8,6,9,8
2025/11/24 19:57,Student,Other,4,6,6,8,8,4
2025/11/24 19:57,Student,Male,7,8,8,7,8,8
2025/11/24 19:58,Student,Female,6,8,8,6,9,8
2025/11/24 20:01,Student,Male,7,8,8,7,8,8
2025/11/24 20:13,Student,Male,7,8,8,7,8,8
2025/11/24 20:18,Student,Male,7,8,8,7,8,8
2025/11/24 20:30,Student,Other,4,6,6,8,8,4
2025/11/24 20:42,Student,Male,7,8,8,7,8,8
2025/11/24 20:52,Student,Female,6,8,8,6,9,8
2025/11/24 21:14,Student,Male,7,8,8,7,8,8
2025/11/24 21:17,Student,Female,6,8,8,6,9,8
2025/11/24 21:21,Student,Male,7,8,8,7,8,8
2025/11/24 21:21,Student,Male,7,8,8,7,8,8
2025/11/24 21:25,Non-Student,Female,7,8,9,6,9,7
2025/11/24 21:29,Student,Male,7,8,8,7,8,8
2025/11/24 21:35,Student,Male,7,8,8,7,8,8
2025/11/24 21:37,Student,Female,6,8,8,6,9,8
2025/11/24 21:40,Student,Male,7,8,8,7,8,8
2025/11/24 21:42,Student,Female,6,8,8,6,9,8
2025/11/24 21:42,Student,Female,6,8,8,6,9,8
2025/11/24 21:50,Student,Male,7,8,8,7,8,8
2025/11/24 21:50,Student,Female,6,8,8,6,9,8
2025/11/24 21:51,Student,Male,7,8,8,7,8,8
2025/11/24 22:00,Student,Male,7,8,8,7,8,8
2025/11/24 22:00,Student,Male,7,8,8,7,8,8
2025/11/24 22:13,Student,Female,6,8,8,6,9,8
2025/11/24 22:22,Student,Male,7,8,8,7,8,8
2025/11/24 22:22,Student,Male,7,8,8,7,8,8
2025/11/24 22:27,Student,Female,6,8,8,6,9,8
2025/11/24 22:29,Student,Female,6,8,8,6,9,8
2025/11/24 22:33,Non-Student,Female,7,8,9,6,9,7
2025/11/24 22:36,Student,Male,7,8,8,7,8,8
2025/11/24 22:38,Student,Male,7,8,8,7,8,8
2025/11/24 22:38,Student,Male,7,8,8,7,8,8
2025/11/24 22:44,Student,Male,7,8,8,7,8,8
2025/11/24 22:51,Student,Male,7,8,8,7,8,8
2025/11/24 22:57,Student,Male,7,8,8,7,8,8
2025/11/24 22:59,Student,Male,7,8,8,7,8,8
2025/11/24 23:02,Student,Male,7,8,8,7,8,8
2025/11/24 23:11,Student,Female,6,8,8,6,9,8
2025/11/24 23:12,Student,Female,6,8,8,6,9,8
2025/11/24 23:13,Student,Male,7,8,8,7,8,8
2025/11/24 23:23,Student,Male,7,8,8,7,8,8
2025/11/24 23:27,Student,Female,6,8,8,6,9,8
2025/11/24 23:38,Student,Female,6,8,8,6,9,8
2025/11/24 23:46,Student,Female,6,8,8,6,9,8
2025/11/24 23:52,Student,Female,6,8,8,6,9,8
2025/11/24 23:55,Student,Male,7,8,8,7,8,8
2025/11/25 00:01,Student,Female,6,8,8,6,9,8
2025/11/25 00:02,Student,Female,6,8,8,6,9,8
2025/11/25 00:10,Student,Male,7,8,8,7,8,8
2025/11/25 00:13,Student,Male,7,8,8,7,8,8
2025/11/25 00:15,Student,Male,7,8,8,7,8,8
2025/11/25 00:17,Student,Female,6,8,8,6,9,8
2025/11/25 00:20,Student,Female,6,8,8,6,9,8
2025/11/25 00:22,Student,Male,7,8,8,7,8,8
2025/11/25 00:44,Student,Male,7,8,8,7,8,8
2025/11/25 00:53,Student,Male,7,8,8,7,8,8
2025/11/25 01:06,Non-Student,Male,6,10,10,6,10,6
2025/11/25 01:08,Student,Female,6,8,8,6,9,8
2025/11/25 01:30,Student,Male,7,8,8,7,8,8
2025/11/25 01:33,Student,Female,6,8,8,6,9,8
2025/11/25 01:35,Student,Male,7,8,8,7,8,8
2025/11/25 01:36,Student,Male,7,8,8,7,8,8
2025/11/25 01:52,Student,Female,6,8,8,6,9,8
2025/11/25 01:54,Non-Student,Female,7,8,9,6,9,7
2025/11/25 02:03,Student,Male,7,8,8,7,8,8
2025/11/25 02:05,Student,Female,6,8,8,6,9,8
2025/11/25 02:10,Student,Male,7,8,8,7,8,8
2025/11/25 02:16,Student,Male,7,8,8,7,8,8
2025/11/25 02:33,Student,Female,6,8,8,6,9,8
2025/11/25 02:34,Student,Male,7,8,8,7,8,8
2025/11/25 02:36,Non-Student,Female,7,8,9,6,9,7
2025/11/25 02:39,Student,Male,7,8,8,7,8,8
2025/11/25 02:48,Student,Female,6,8,8,6,9,8
2025/11/25 02:53,Student,Male,7,8,8,7,8,8
2025/11/25 02:58,Student,Female,6,8,8,6,9,8
2025/11/25 03:03,Student,Male,7,8,8,7,8,8
2025/11/25 03:18,Student,Female,6,8,8,6,9,8
2025/11/25 03:19,Student,Male,7,8,8,7,8,8
2025/11/25 03:26,Student,Male,7,8,8,7,8,8
2025/11/25 03:38,Student,Male,7,8,8,7,8,8
2025/11/25 03:44,Student,Male,7,8,8,7,8,8
2025/11/25 03:49,Student,Male,7,8,8,7,8,8
2025/11/25 04:02,Student,Female,6,8,8,6,9,8
2025/11/25 04:03,Student,Male,7,8,8,7,8,8
2025/11/25 04:25,Student,Male,7,8,8,7,8,8
2025/11/25 04:30,Non-Student,Female,7,8,9,6,9,7
2025/11/25 04:48,Student,Female,6,8,8,6,9,8
2025/11/25 04:52,Student,Male,7,8,8,7,8,8
2025/11/25 04:58,Student,Female,6,8,8,6,9,8
2025/11/25 04:59,Student,Male,7,8,8,7,8,8
2025/11/25 05:02,Student,Female,6,8,8,6,9,8
2025/11/25 05:12,Student,Male,7,8,8,7,8,8
2025/11/25 05:22,Student,Male,7,8,8,7,8,8
2025/11/25 05:32,Student,Male,7,8,8,7,8,8
2025/11/25 05:34,Student,Male,7,8,8,7,8,8
2025/11/25 05:34,Student,Male,7,8,8,7,8,8
2025/11/25 05:35,Student,Male,7,8,8,7,8,8
2025/11/25 05:37,Student,Male,7,8,8,7,8,8
2025/11/25 05:47,Student,Male,7,8,8,7,8,8
2025/11/25 05:48,Student,Male,7,8,8,7,8,8
2025/11/25 05:56,Student,Male,7,8,8,7,8,8
2025/11/25 06:02,Student,Female,6,8,8,6,9,8
2025/11/25 06:03,Student,Male,7,8,8,7,8,8
2025/11/25 06:08,Student,Male,7,8,8,7,8,8
2025/11/25 06:09,Student,Male,7,8,8,7,8,8
2025/11/25 06:13,Non-Student,Female,7,8,9,6,9,7
2025/11/25 06:15,Non-Student,Male,6,10,10,6,10,6
2025/11/25 06:39,Student,Male,7,8,8,7,8,8
2025/11/25 06:49,Non-Student,Female,7,8,9,6,9,7
2025/11/25 06:54,Student,Male,7,8,8,7,8,8
2025/11/25 07:05,Student,Male,7,8,8,7,8,8
2025/11/25 07:15,Non-Student,Female,7,8,9,6,9,7
2025/11/25 07:18,Student,Male,7,8,8,7,8,8
2025/11/25 07:21,Student,Male,7,8,8,7,8,8
2025/11/25 07:25,Student,Male,7,8,8,7,8,8
2025/11/25 07:40,Student,Male,7,8,8,7,8,8
2025/11/25 07:47,Student,Male,7,8,8,7,8,8
2025/11/25 08:04,Student,Male,7,8,8,7,8,8
2025/11/25 08:06,Student,Male,7,8,8,7,8,8
2025/11/25 08:18,Student,Female,6,8,8,6,9,8
2025/11/25 08:18,Student,Male,7,8,8,7,8,8
2025/11/25 08:29,Student,Male,7,8,8,7,8,8
2025/11/25 08:33,Student,Female,6,8,8,6,9,8
2025/11/25 08:34,Student,Male,7,8,8,7,8,8
2025/11/25 08:42,Student,Other,4,6,6,8,8,4
2025/11/25 08:49,Student,Male,7,8,8,7,8,8
2025/11/25 08:55,Student,Male,7,8,8,7,8,8
2025/11/25 09:09,Student,Male,7,8,8,7,8,8
2025/11/25 09:13,Student,Male,7,8,8,7,8,8
2025/11/25 09:21,Student,Male,7,8,8,7,8,8
2025/11/25 09:24,Student,Male,7,8,8,7,8,8
2025/11/25 09:41,Student,Female,6,8,8,6,9,8
2025/11/25 09:45,Student,Female,6,8,8,6,9,8
2025/11/25 09:50,Student,Male,7,8,8,7,8,8
2025/11/25 09:52,Student,Male,7,8,8,7,8,8
2025/11/25 09:55,Student,Male,7,8,8,7,8,8
2025/11/25 10:01,Student,Female,6,8,8,6,9,8
2025/11/25 10:14,Student,Female,6,8,8,6,9,8
2025/11/25 10:34,Student,Male,7,8,8,7,8,8
2025/11/25 10:39,Student,Male,7,8,8,7,8,8
2025/11/25 10:42,Student,Male,7,8,8,7,8,8
2025/11/25 10:47,Student,Male,7,8,8,7,8,8
2025/11/25 10:54,Student,Male,7,8,8,7,8,8
2025/11/25 11:05,Student,Male,7,8,8,7,8,8
2025/11/25 11:10,Student,Male,7,8,8,7,8,8
2025/11/25 11:18,Student,Male,7,8,8,7,8,8
2025/11/25 11:23,Student,Male,7,8,8,7,8,8
2025/11/25 11:26,Student,Male,7,8,8,7,8,8
2025/11/25 11:27,Student,Male,7,8,8,7,8,8
2025/11/25 11:28,Student,Female,6,8,8,6,9,8
2025/11/25 11:29,Student,Female,6,8,8,6,9,8
2025/11/25 11:31,Student,Male,7,8,8,7,8,8
2025/11/25 11:34,Student,Male,7,8,8,7,8,8
2025/11/25 11:40,Student,Male,7,8,8,7,8,8
2025/11/25 11:44,Student,Male,7,8,8,7,8,8
2025/11/25 11:46,Non-Student,Female,7,8,9,6,9,7
2025/11/25 11:53,Student,Female,6,8,8,6,9,8
2025/11/25 12:10,Student,Male,7,8,8,7,8,8
2025/11/25 12:12,Student,Female,6,8,8,6,9,8
2025/11/25 12:16,Student,Male,7,8,8,7,8,8
2025/11/25 12:24,Student,Male,7,8,8,7,8,8
2025/11/25 12:34,Student,Male,7,8,8,7,8,8
2025/11/25 12:43,Student,Female,6,8,8,6,9,8
2025/11/25 12:45,Non-Student,Female,7,8,9,6,9,7
2025/11/25 12:53,Student,Male,7,8,8,7,8,8
2025/11/25 13:06,Student,Male,7,8,8,7,8,8
2025/11/25 13:14,Student,Male,7,8,8,7,8,8
2025/11/25 13:20,Student,Male,7,8,8,7,8,8
2025/11/25 13:33,Student,Female,6,8,8,6,9,8
2025/11/25 13:34,Student,Male,7,8,8,7,8,8
2025/11/25 13:36,Student,Male,7,8,8,7,8,8
2025/11/25 13:37,Student,Male,7,8,8,7,8,8
2025/11/25 13:37,Student,Male,7,8,8,7,8,8
2025/11/25 13:47,Student,Male,7,8,8,7,8,8
2025/11/25 13:48,Student,Male,7,8,8,7,8,8
2025/11/25 13:48,Student,Male,7,8,8,7,8,8
2025/11/25 13:49,Student,Female,6,8,8,6,9,8
2025/11/25 13:54,Student,Male,7,8,8,7,8,8
2025/11/25 14:00,Student,Male,7,8,8,7,8,8
2025/11/25 14:20,Student,Male,7,8,8,7,8,8
2025/11/25 14:23,Student,Female,6,8,8,6,9,8
2025/11/25 14:25,Student,Male,7,8,8,7,8,8
2025/11/25 14:38,Student,Male,7,8,8,7,8,8
2025/11/25 14:51,Student,Male,7,8,8,7,8,8
2025/11/25 15:03,Student,Male,7,8,8,7,8,8
2025/11/25 15:13,Student,Male,7,8,8,7,8,8
2025/11/25 15:15,Student,Male,7,8,8,7,8,8
2025/11/25 15:18,Student,Male,7,8,8,7,8,8
2025/11/25 15:18,Student,Other,4,6,6,8,8,4
2025/11/25 15:24,Student,Male,7,8,8,7,8,8
2025/11/25 15:25,Student,Female,6,8,8,6,9,8
2025/11/25 15:28,Student,Male,7,8,8,7,8,8
2025/11/25 15:36,Student,Male,7,8,8,7,8,8
2025/11/25 15:37,Student,Male,7,8,8,7,8,8
2025/11/25 15:55,Student,Male,7,8,8,7,8,8
2025/11/25 16:03,Student,Male,7,8,8,7,8,8
2025/11/25 16:05,Student,Female,6,8,8,6,9,8
2025/11/25 16:12,Student,Female,6,8,8,6,9,8
2025/11/25 16:13,Student,Female,6,8,8,6,9,8
2025/11/25 16:18,Student,Female,6,8,8,6,9,8
2025/11/25 16:19,Non-Student,Female,7,8,9,6,9,7
2025/11/25 16:20,Student,Male,7,8,8,7,8,8
2025/11/25 16:22,Student,Female,6,8,8,6,9,8
2025/11/25 16:26,Student,Female,6,8,8,6,9,8
2025/11/25 16:28,Student,Male,7,8,8,7,8,8
2025/11/25 16:34,Student,Male,7,8,8,7,8,8
2025/11/25 16:39,Student,Male,7,8,8,7,8,8
2025/11/25 16:40,Student,Male,7,8,8,7,8,8
2025/11/25 16:53,Student,Female,6,8,8,6,9,8
2025/11/25 17:00,Student,Male,7,8,8,7,8,8
2025/11/25 17:46,Student,Male,7,8,8,7,8,8
2025/11/25 18:05,Student,Female,6,8,8,6,9,8
2025/11/25 18:07,Student,Male,7,8,8,7,8,8
2025/11/25 18:17,Student,Male,7,8,8,7,8,8
2025/11/25 18:23,Student,Male,7,8,8,7,8,8
2025/11/25 18:27,Student,Male,7,8,8,7,8,8
2025/11/25 18:31,Student,Male,7,8,8,7,8,8
2025/11/25 18:45,Student,Female,6,8,8,6,9,8
2025/11/25 18:48,Student,Male,7,8,8,7,8,8
2025/11/25 18:56,Student,Female,6,8,8,6,9,8
2025/11/25 19:08,Student,Male,7,8,8,7,8,8
2025/11/25 19:08,Student,Male,7,8,8,7,8,8
2025/11/25 19:09,Student,Male,7,8,8,7,8,8
2025/11/25 19:11,Student,Female,6,8,8,6,9,8
2025/11/25 19:21,Student,Female,6,8,8,6,9,8
2025/11/25 19:29,Student,Male,7,8,8,7,8,8
2025/11/25 19:31,Student,Male,7,8,8,7,8,8
2025/11/25 19:31,Non-Student,Female,7,8,9,6,9,7
2025/11/25 19:37,Student,Female,6,8,8,6,9,8
2025/11/25 19:46,Student,Male,7,8,8,7,8,8
2025/11/25 19:46,Student,Male,7,8,8,7,8,8
2025/11/25 19:48,Student,Male,7,8,8,7,8,8
2025/11/25 19:55,Student,Female,6,8,8,6,9,8
2025/11/25 20:08,Student,Male,7,8,8,7,8,8
2025/11/25 20:16,Student,Male,7,8,8,7,8,8
2025/11/25 20:19,Student,Male,7,8,8,7,8,8
2025/11/25 20:32,Student,Male,7,8,8,7,8,8
2025/11/25 20:34,Student,Male,7,8,8,7,8,8
2025/11/25 20:34,Student,Male,7,8,8,7,8,8
2025/11/25 20:35,Student,Male,7,8,8,7,8,8
2025/11/25 20:41,Student,Male,7,8,8,7,8,8
2025/11/25 20:45,Student,Male,7,8,8,7,8,8
2025/11/25 20:47,Non-Student,Female,7,8,9,6,9,7
2025/11/25 20:58,Student,Male,7,8,8,7,8,8
2025/11/25 20:58,Student,Male,7,8,8,7,8,8
2025/11/25 21:03,Student,Female,6,8,8,6,9,8
2025/11/25 21:07,Student,Male,7,8,8,7,8,8
2025/11/25 21:09,Student,Male,7,8,8,7,8,8
2025/11/25 21:09,Student,Male,7,8,8,7,8,8
2025/11/25 21:09,Student,Male,7,8,8,7,8,8
2025/11/25 21:33,Student,Female,6,8,8,6,9,8
2025/11/25 21:40,Student,Male,7,8,8,7,8,8
2025/11/25 21:41,Student,Male,7,8,8,7,8,8
2025/11/25 21:45,Student,Male,7,8,8,7,8,8
2025/11/25 21:46,Student,Male,7,8,8,7,8,8
2025/11/25 21:49,Student,Male,7,8,8,7,8,8
2025/11/25 21:57,Student,Male,7,8,8,7,8,8
2025/11/25 22:01,Student,Male,7,8,8,7,8,8
2025/11/25 22:04,Student,Male,7,8,8,7,8,8
2025/11/25 22:06,Student,Female,6,8,8,6,9,8
2025/11/25 22:24,Student,Male,7,8,8,7,8,8
2025/11/25 22:28,Student,Male,7,8,8,7,8,8
2025/11/25 22:49,Non-Student,Female,7,8,9,6,9,7
2025/11/25 22:50,Student,Male,7,8,8,7,8,8
2025/11/25 22:50,Student,Male,7,8,8,7,8,8
2025/11/25 23:00,Student,Male,7,8,8,7,8,8
2025/11/25 23:01,Student,Male,7,8,8,7,8,8
2025/11/25 23:07,Student,Male,7,8,8,7,8,8
2025/11/25 23:26,Non-Student,Female,7,8,9,6,9,7
2025/11/25 23:31,Student,Male,7,8,8,7,8,8
2025/11/25 23:31,Student,Male,7,8,8,7,8,8
2025/11/25 23:40,Student,Male,7,8,8,7,8,8
2025/11/25 23:42,Student,Male,7,8,8,7,8,8
2025/11/25 23:52,Student,Male,7,8,8,7,8,8
2025/11/25 23:54,Student,Female,6,8,8,6,9,8
2025/11/26 00:05,Student,Male,7,8,8,7,8,8
2025/11/26 00:16,Student,Male,7,8,8,7,8,8
2025/11/26 00:25,Student,Female,6,8,8,6,9,8
2025/11/26 00:35,Student,Male,7,8,8,7,8,8
2025/11/26 00:47,Student,Female,6,8,8,6,9,8
2025/11/26 00:56,Student,Male,7,8,8,7,8,8
2025/11/26 01:00,Student,Male,7,8,8,7,8,8
2025/11/26 01:05,Student,Female,6,8,8,6,9,8
2025/11/26 01:21,Student,Male,7,8,8,7,8,8
2025/11/26 01:27,Student,Male,7,8,8,7,8,8
2025/11/26 01:32,Student,Female,6,8,8,6,9,8
2025/11/26 01:38,Non-Student,Female,7,8,9,6,9,7
2025/11/26 01:45,Student,Female,6,8,8,6,9,8
2025/11/26 01:55,Student,Male,7,8,8,7,8,8
2025/11/26 01:56,Student,Male,7,8,8,7,8,8
2025/11/26 02:03,Student,Male,7,8,8,7,8,8
2025/11/26 02:09,Student,Male,7,8,8,7,8,8
2025/11/26 02:09,Student,Female,6,8,8,6,9,8
2025/11/26 02:11,Student,Male,7,8,8,7,8,8
2025/11/26 02:13,Student,Female,6,8,8,6,9,8
2025/11/26 02:20,Student,Male,7,8,8,7,8,8
2025/11/26 02:23,Student,Male,7,8,8,7,8,8
2025/11/26 02:39,Student,Male,7,8,8,7,8,8
2025/11/26 02:39,Student,Female,6,8,8,6,9,8
2025/11/26 02:48,Student,Female,6,8,8,6,9,8
2025/11/26 02:57,Student,Male,7,8,8,7,8,8
2025/11/26 02:58,Student,Male,7,8,8,7,8,8
2025/11/26 03:27,Student,Male,7,8,8,7,8,8
2025/11/26 03:33,Student,Male,7,8,8,7,8,8
2025/11/26 03:40,Student,Female,6,8,8,6,9,8
2025/11/26 03:45,Student,Female,6,8,8,6,9,8
2025/11/26 03:52,Student,Male,7,8,8,7,8,8
2025/11/26 03:57,Student,Female,6,8,8,6,9,8
2025/11/26 04:00,Student,Male,7,8,8,7,8,8
2025/11/26 04:03,Student,Male,7,8,8,7,8,8
2025/11/26 04:04,Student,Male,7,8,8,7,8,8
2025/11/26 04:35,Student,Female,6,8,8,6,9,8
2025/11/26 04:36,Student,Male,7,8,8,7,8,8
2025/11/26 04:38,Student,Male,7,8,8,7,8,8
2025/11/26 04:40,Student,Male,7,8,8,7,8,8
2025/11/26 04:43,Student,Male,7,8,8,7,8,8
2025/11/26 04:47,Student,Male,7,8,8,7,8,8
2025/11/26 04:52,Student,Male,7,8,8,7,8,8
2025/11/26 05:02,Student,Female,6,8,8,6,9,8
2025/11/26 05:04,Student,Male,7,8,8,7,8,8
2025/11/26 05:05,Student,Male,7,8,8,7,8,8
2025/11/26 05:06,Student,Male,7,8,8,7,8,8
2025/11/26 05:18,Student,Male,7,8,8,7,8,8
2025/11/26 05:20,Student,Female,6,8,8,6,9,8
2025/11/26 05:21,Student,Male,7,8,8,7,8,8
2025/11/26 05:49,Student,Female,6,8,8,6,9,8
2025/11/26 05:52,Student,Male,7,8,8,7,8,8
2025/11/26 06:06,Student,Female,6,8,8,6,9,8
2025/11/26 06:16,Student,Male,7,8,8,7,8,8
2025/11/26 06:24,Student,Male,7,8,8,7,8,8
2025/11/26 06:29,Student,Male,7,8,8,7,8,8
2025/11/26 06:33,Student,Male,7,8,8,7,8,8
2025/11/26 06:35,Student,Male,7,8,8,7,8,8
2025/11/26 06:41,Student,Male,7,8,8,7,8,8
2025/11/26 06:52,Student,Male,7,8,8,7,8,8
2025/11/26 06:54,Student,Female,6,8,8,6,9,8
2025/11/26 06:57,Student,Female,6,8,8,6,9,8
2025/11/26 07:03,Student,Female,6,8,8,6,9,8
2025/11/26 07:04,Student,Male,7,8,8,7,8,8
2025/11/26 07:09,Student,Female,6,8,8,6,9,8
2025/11/26 07:24,Student,Other,4,6,6,8,8,4
2025/11/26 07:31,Student,Male,7,8,8,7,8,8
2025/11/26 07:32,Student,Male,7,8,8,7,8,8
2025/11/26 07:36,Student,Female,6,8,8,6,9,8
2025/11/26 07:39,Student,Female,6,8,8,6,9,8
2025/11/26 07:42,Student,Male,7,8,8,7,8,8
2025/11/26 07:51,Student,Male,7,8,8,7,8,8
2025/11/26 08:14,Student,Male,7,8,8,7,8,8
2025/11/26 08:31,Student,Female,6,8,8,6,9,8
2025/11/26 08:44,Student,Male,7,8,8,7,8,8
2025/11/26 08:45,Student,Female,6,8,8,6,9,8
2025/11/26 08:53,Student,Male,7,8,8,7,8,8
2025/11/26 08:54,Student,Male,7,8,8,7,8,8
2025/11/26 09:02,Student,Male,7,8,8,7,8,8
2025/11/26 09:09,Student,Male,7,8,8,7,8,8
2025/11/26 09:19,Student,Male,7,8,8,7,8,8
2025/11/26 09:33,Non-Student,Female,7,8,9,6,9,7
2025/11/26 09:40,Student,Female,6,8,8,6,9,8
2025/11/26 09:55,Student,Male,7,8,8,7,8,8
2025/11/26 10:08,Student,Male,7,8,8,7,8,8
2025/11/26 10:16,Student,Male,7,8,8,7,8,8
2025/11/26 10:30,Student,Male,7,8,8,7,8,8
2025/11/26 10:40,Student,Male,7,8,8,7,8,8
2025/11/26 10:43,Student,Female,6,8,8,6,9,8
2025/11/26 10:57,Student,Male,7,8,8,7,8,8
2025/11/26 10:57,Student,Female,6,8,8,6,9,8
2025/11/26 11:01,Non-Student,Female,7,8,9,6,9,7
2025/11/26 11:05,Student,Male,7,8,8,7,8,8
2025/11/26 11:12,Student,Male,7,8,8,7,8,8
2025/11/26 11:15,Student,Female,6,8,8,6,9,8
2025/11/26 11:16,Student,Male,7,8,8,7,8,8
2025/11/26 11:16,Student,Male,7,8,8,7,8,8
2025/11/26 11:24,Student,Male,7,8,8,7,8,8
2025/11/26 11:28,Student,Male,7,8,8,7,8,8
2025/11/26 11:32,Student,Male,7,8,8,7,8,8
2025/11/26 11:51,Student,Female,6,8,8,6,9,8
2025/11/26 11:52,Student,Male,7,8,8,7,8,8
2025/11/26 12:01,Student,Male,7,8,8,7,8,8
2025/11/26 12:08,Student,Male,7,8,8,7,8,8
2025/11/26 12:10,Student,Female,6,8,8,6,9,8
2025/11/26 12:12,Student,Male,7,8,8,7,8,8
2025/11/26 12:15,Student,Female,6,8,8,6,9,8
2025/11/26 12:16,Student,Male,7,8,8,7,8,8
2025/11/26 12:28,Student,Male,7,8,8,7,8,8
2025/11/26 12:32,Student,Male,7,8,8,7,8,8
2025/11/26 12:37,Student,Male,7,8,8,7,8,8
2025/11/26 12:37,Student,Male,7,8,8,7,8,8
2025/11/26 12:48,Student,Male,7,8,8,7,8,8
2025/11/26 12:49,Student,Male,7,8,8,7,8,8
2025/11/26 12:51,Student,Male,7,8,8,7,8,8
2025/11/26 12:56,Student,Male,7,8,8,7,8,8
2025/11/26 13:03,Student,Male,7,8,8,7,8,8
2025/11/26 13:05,Student,Male,7,8,8,7,8,8
2025/11/26 13:11,Student,Male,7,8,8,7,8,8
2025/11/26 13:13,Student,Male,7,8,8,7,8,8
2025/11/26 13:19,Student,Male,7,8,8,7,8,8
2025/11/26 13:25,Student,Male,7,8,8,7,8,8
2025/11/26 13:32,Student,Male,7,8,8,7,8,8
2025/11/26 13:46,Student,Male,7,8,8,7,8,8
2025/11/26 13:58,Student,Male,7,8,8,7,8,8
2025/11/26 14:01,Student,Male,7,8,8,7,8,8
2025/11/26 14:02,Student,Male,7,8,8,7,8,8
2025/11/26 14:06,Student,Male,7,8,8,7,8,8
2025/11/26 14:30,Student,Male,7,8,8,7,8,8
2025/11/26 14:48,Student,Female,6,8,8,6,9,8
2025/11/26 15:00,Student,Male,7,8,8,7,8,8
2025/11/26 15:00,Student,Female,6,8,8,6,9,8
2025/11/26 15:01,Student,Male,7,8,8,7,8,8
2025/11/26 15:12,Student,Female,6,8,8,6,9,8
2025/11/26 15:14,Student,Male,7,8,8,7,8,8
2025/11/26 15:20,Student,Male,7,8,8,7,8,8
2025/11/26 15:25,Student,Male,7,8,8,7,8,8
2025/11/26 15:32,Student,Male,7,8,8,7,8,8
2025/11/26 15:48,Student,Male,7,8,8,7,8,8
2025/11/26 15:54,Non-Student,Male,6,10,10,6,10,6
2025/11/26 15:54,Student,Male,7,8,8,7,8,8
2025/11/26 16:07,Student,Male,7,8,8,7,8,8
2025/11/26 16:10,Student,Female,6,8,8,6,9,8
2025/11/26 16:13,Student,Male,7,8,8,7,8,8
2025/11/26 16:16,Student,Female,6,8,8,6,9,8
2025/11/26 16:19,Student,Male,7,8,8,7,8,8
2025/11/26 16:20,Student,Male,7,8,8,7,8,8
2025/11/26 16:22,Student,Male,7,8,8,7,8,8
2025/11/26 16:34,Student,Male,7,8,8,7,8,8
2025/11/26 16:38,Student,Male,7,8,8,7,8,8
2025/11/26 16:49,Student,Male,7,8,8,7,8,8
2025/11/26 16:55,Student,Male,7,8,8,7,8,8
2025/11/26 17:00,Student,Female,6,8,8,6,9,8
2025/11/26 17:05,Student,Male,7,8,8,7,8,8
2025/11/26 17:10,Student,Male,7,8,8,7,8,8
2025/11/26 17:11,Student,Male,7,8,8,7,8,8
2025/11/26 17:11,Student,Female,6,8,8,6,9,8
2025/11/26 17:11,Student,Male,7,8,8,7,8,8
2025/11/26 17:18,Student,Male,7,8,8,7,8,8
2025/11/26 17:20,Student,Male,7,8,8,7,8,8
2025/11/26 17:25,Student,Male,7,8,8,7,8,8
2025/11/26 17:27,Student,Male,7,8,8,7,8,8
2025/11/26 17:29,Student,Male,7,8,8,7,8,8
2025/11/26 17:32,Student,Female,6,8,8,6,9,8
2025/11/26 17:54,Student,Female,6,8,8,6,9,8
2025/11/26 18:00,Student,Male,7,8,8,7,8,8
2025/11/26 18:04,Student,Female,6,8,8,6,9,8
2025/11/26 18:11,Student,Male,7,8,8,7,8,8
2025/11/26 18:49,Student,Male,7,8,8,7,8,8
2025/11/26 18:57,Student,Female,6,8,8,6,9,8
2025/11/26 19:05,Student,Male,7,8,8,7,8,8
2025/11/26 19:07,Student,Male,7,8,8,7,8,8
2025/11/26 19:13,Student,Male,7,8,8,7,8,8
2025/11/26 19:20,Student,Male,7,8,8,7,8,8
2025/11/26 19:28,Student,Male,7,8,8,7,8,8
2025/11/26 19:32,Student,Male,7,8,8,7,8,8
2025/11/26 19:34,Student,Male,7,8,8,7,8,8
2025/11/26 19:38,Student,Male,7,8,8,7,8,8
2025/11/26 19:46,Non-Student,Female,7,8,9,6,9,7
2025/11/26 19:57,Student,Male,7,8,8,7,8,8
2025/11/26 20:00,Student,Female,6,8,8,6,9,8
2025/11/26 20:01,Student,Female,6,8,8,6,9,8
2025/11/26 20:12,Student,Male,7,8,8,7,8,8
2025/11/26 20:20,Student,Male,7,8,8,7,8,8
2025/11/26 20:26,Student,Male,7,8,8,7,8,8
2025/11/26 20:36,Student,Female,6,8,8,6,9,8
2025/11/26 20:37,Student,Male,7,8,8,7,8,8
2025/11/26 20:38,Student,Male,7,8,8,7,8,8
2025/11/26 20:39,Student,Female,6,8,8,6,9,8
2025/11/26 20:39,Student,Female,6,8,8,6,9,8
2025/11/26 20:51,Student,Female,6,8,8,6,9,8
2025/11/26 21:11,Student,Female,6,8,8,6,9,8
2025/11/26 21:12,Student,Male,7,8,8,7,8,8
2025/11/26 21:18,Student,Male,7,8,8,7,8,8
2025/11/26 21:28,Student,Male,7,8,8,7,8,8
2025/11/26 21:42,Student,Male,7,8,8,7,8,8
2025/11/26 21:58,Student,Male,7,8,8,7,8,8
2025/11/26 22:02,Student,Male,7,8,8,7,8,8
2025/11/26 22:05,Student,Male,7,8,8,7,8,8
2025/11/26 22:08,Student,Male,7,8,8,7,8,8
2025/11/26 22:15,Student,Female,6,8,8,6,9,8
2025/11/26 22:15,Student,Female,6,8,8,6,9,8
2025/11/26 22:36,Student,Male,7,8,8,7,8,8
2025/11/26 22:36,Student,Male,7,8,8,7,8,8
2025/11/26 22:41,Student,Male,7,8,8,7,8,8
2025/11/26 22:43,Student,Male,7,8,8,7,8,8
2025/11/26 22:47,Student,Male,7,8,8,7,8,8
2025/11/26 22:56,Student,Male,7,8,8,7,8,8
2025/11/26 23:01,Student,Male,7,8,8,7,8,8
2025/11/26 23:02,Student,Male,7,8,8,7,8,8
2025/11/26 23:25,Student,Male,7,8,8,7,8,8
2025/11/26 23:37,Student,Male,7,8,8,7,8,8
2025/11/26 23:44,Student,Male,7,8,8,7,8,8
2025/11/26 23:49,Student,Male,7,8,8,7,8,8
2025/11/27 00:01,Non-Student,Female,7,8,9,6,9,7
2025/11/27 00:05,Student,Female,6,8,8,6,9,8
2025/11/27 00:06,Student,Male,7,8,8,7,8,8
2025/11/27 00:15,Student,Female,6,8,8,6,9,8
2025/11/27 00:16,Student,Male,7,8,8,7,8,8
2025/11/27 00:26,Student,Male,7,8,8,7,8,8
2025/11/27 00:28,Student,Male,7,8,8,7,8,8
2025/11/27 00:33,Student,Male,7,8,8,7,8,8
2025/11/27 00:36,Student,Male,7,8,8,7,8,8
2025/11/27 00:38,Student,Female,6,8,8,6,9,8
2025/11/27 00:45,Student,Female,6,8,8,6,9,8
2025/11/27 00:45,Student,Male,7,8,8,7,8,8
2025/11/27 00:47,Student,Male,7,8,8,7,8,8
2025/11/27 01:05,Student,Female,6,8,8,6,9,8
2025/11/27 01:07,Student,Male,7,8,8,7,8,8
2025/11/27 01:15,Student,Male,7,8,8,7,8,8
2025/11/27 01:15,Student,Female,6,8,8,6,9,8
2025/11/27 01:25,Student,Male,7,8,8,7,8,8
2025/11/27 01:26,Student,Male,7,8,8,7,8,8
2025/11/27 01:45,Student,Male,7,8,8,7,8,8
2025/11/27 01:54,Student,Male,7,8,8,7,8,8
2025/11/27 01:56,Student,Male,7,8,8,7,8,8
2025/11/27 02:01,Student,Male,7,8,8,7,8,8
2025/11/27 02:01,Student,Male,7,8,8,7,8,8
2025/11/27 02:05,Student,Male,7,8,8,7,8,8
2025/11/27 02:07,Student,Male,7,8,8,7,8,8
2025/11/27 02:09,Student,Male,7,8,8,7,8,8
2025/11/27 02:21,Student,Male,7,8,8,7,8,8
2025/11/27 02:29,Student,Male,7,8,8,7,8,8
2025/11/27 02:36,Student,Male,7,8,8,7,8,8
2025/11/27 02:43,Student,Female,6,8,8,6,9,8
2025/11/27 02:56,Non-Student,Female,7,8,9,6,9,7
2025/11/27 03:04,Student,Female,6,8,8,6,9,8
2025/11/27 03:09,Student,Female,6,8,8,6,9,8
2025/11/27 03:11,Student,Male,7,8,8,7,8,8
2025/11/27 03:11,Student,Male,7,8,8,7,8,8
2025/11/27 03:14,Student,Male,7,8,8,7,8,8
2025/11/27 03:21,Student,Male,7,8,8,7,8,8
2025/11/27 03:32,Student,Male,7,8,8,7,8,8
2025/11/27 03:33,Student,Male,7,8,8,7,8,8
2025/11/27 03:39,Student,Female,6,8,8,6,9,8
2025/11/27 03:47,Student,Male,7,8,8,7,8,8
2025/11/27 03:58,Student,Female,6,8,8,6,9,8
2025/11/27 04:02,Student,Male,7,8,8,7,8,8
2025/11/27 04:10,Student,Male,7,8,8,7,8,8
2025/11/27 04:10,Student,Male,7,8,8,7,8,8
2025/11/27 04:18,Student,Male,7,8,8,7,8,8
2025/11/27 04:19,Student,Female,6,8,8,6,9,8
2025/11/27 04:25,Student,Male,7,8,8,7,8,8
2025/11/27 04:29,Student,Male,7,8,8,7,8,8
2025/11/27 04:54,Student,Other,4,6,6,8,8,4
2025/11/27 04:57,Student,Female,6,8,8,6,9,8
2025/11/27 04:57,Student,Male,7,8,8,7,8,8
2025/11/27 05:03,Student,Male,7,8,8,7,8,8
2025/11/27 05:18,Student,Male,7,8,8,7,8,8
2025/11/27 05:23,Student,Male,7,8,8,7,8,8
2025/11/27 05:23,Student,Male,7,8,8,7,8,8
2025/11/27 05:26,Student,Female,6,8,8,6,9,8
2025/11/27 05:32,Student,Male,7,8,8,7,8,8
2025/11/27 05:45,Student,Male,7,8,8,7,8,8
2025/11/27 05:51,Student,Female,6,8,8,6,9,8
2025/11/27 05:52,Student,Female,6,8,8,6,9,8
2025/11/27 05:53,Non-Student,Female,7,8,9,6,9,7
2025/11/27 05:57,Student,Female,6,8,8,6,9,8
2025/11/27 06:04,Student,Male,7,8,8,7,8,8
2025/11/27 06:08,Student,Male,7,8,8,7,8,8
2025/11/27 06:16,Student,Male,7,8,8,7,8,8
2025/11/27 06:20,Student,Male,7,8,8,7,8,8
2025/11/27 06:28,Student,Male,7,8,8,7,8,8
2025/11/27 06:30,Student,Female,6,8,8,6,9,8
2025/11/27 06:31,Student,Male,7,8,8,7,8,8
2025/11/27 06:37,Student,Male,7,8,8,7,8,8
2025/11/27 06:39,Student,Other,4,6,6,8,8,4
2025/11/27 06:47,Student,Male,7,8,8,7,8,8
2025/11/27 06:48,Student,Male,7,8,8,7,8,8
2025/11/27 06:54,Student,Male,7,8,8,7,8,8
2025/11/27 07:02,Student,Male,7,8,8,7,8,8
2025/11/27 07:05,Student,Male,7,8,8,7,8,8
2025/11/27 07:14,Student,Male,7,8,8,7,8,8
2025/11/27 07:18,Student,Male,7,8,8,7,8,8
2025/11/27 07:21,Student,Male,7,8,8,7,8,8
2025/11/27 07:24,Non-Student,Female,7,8,9,6,9,7
2025/11/27 07:27,Student,Male,7,8,8,7,8,8
2025/11/27 07:28,Student,Female,6,8,8,6,9,8
2025/11/27 07:32,Student,Male,7,8,8,7,8,8
2025/11/27 07:41,Student,Male,7,8,8,7,8,8
2025/11/27 07:45,Student,Male,7,8,8,7,8,8
2025/11/27 07:48,Student,Male,7,8,8,7,8,8
2025/11/27 07:51,Student,Female,6,8,8,6,9,8
2025/11/27 07:52,Student,Male,7,8,8,7,8,8
2025/11/27 07:53,Student,Male,7,8,8,7,8,8
2025/11/27 08:03,Student,Male,7,8,8,7,8,8
2025/11/27 08:08,Student,Male,7,8,8,7,8,8
2025/11/27 08:09,Student,Male,7,8,8,7,8,8
2025/11/27 08:19,Student,Male,7,8,8,7,8,8
2025/11/27 08:21,Student,Female,6,8,8,6,9,8
2025/11/27 08:30,Student,Male,7,8,8,7,8,8
2025/11/27 08:49,Student,Male,7,8,8,7,8,8
2025/11/27 09:06,Student,Male,7,8,8,7,8,8
2025/11/27 09:12,Student,Male,7,8,8,7,8,8
2025/11/27 09:20,Student,Male,7,8,8,7,8,8
2025/11/27 09:29,Student,Female,6,8,8,6,9,8
2025/11/27 09:31,Student,Male,7,8,8,7,8,8
2025/11/27 09:33,Student,Female,6,8,8,6,9,8
2025/11/27 09:36,Student,Male,7,8,8,7,8,8
2025/11/27 09:58,Student,Male,7,8,8,7,8,8
2025/11/27 10:03,Student,Male,7,8,8,7,8,8
2025/11/27 10:26,Student,Male,7,8,8,7,8,8
2025/11/27 10:35,Student,Female,6,8,8,6,9,8
2025/11/27 10:38,Student,Male,7,8,8,7,8,8
2025/11/27 10:43,Student,Male,7,8,8,7,8,8
2025/11/27 10:54,Student,Male,7,8,8,7,8,8
2025/11/27 11:05,Non-Student,Female,7,8,9,6,9,7
2025/11/27 11:06,Student,Male,7,8,8,7,8,8
2025/11/27 11:08,Student,Male,7,8,8,7,8,8
2025/11/27 11:08,Student,Male,7,8,8,7,8,8
2025/11/27 11:12,Non-Student,Female,7,8,9,6,9,7
2025/11/27 11:15,Student,Male,7,8,8,7,8,8
2025/11/27 11:26,Student,Male,7,8,8,7,8,8
2025/11/27 11:27,Student,Male,7,8,8,7,8,8
2025/11/27 11:39,Student,Male,7,8,8,7,8,8
2025/11/27 11:39,Student,Male,7,8,8,7,8,8
2025/11/27 11:53,Student,Male,7,8,8,7,8,8
2025/11/27 11:55,Student,Male,7,8,8,7,8,8
2025/11/27 11:57,Student,Other,4,6,6,8,8,4
2025/11/27 12:02,Student,Male,7,8,8,7,8,8
2025/11/27 12:02,Student,Male,7,8,8,7,8,8
2025/11/27 12:08,Student,Male,7,8,8,7,8,8
2025/11/27 12:10,Student,Male,7,8,8,7,8,8
2025/11/27 12:14,Student,Male,7,8,8,7,8,8
2025/11/27 12:16,Student,Male,7,8,8,7,8,8
2025/11/27 12:17,Student,Male,7,8,8,7,8,8
2025/11/27 12:22,Student,Female,6,8,8,6,9,8
2025/11/27 12:27,Student,Male,7,8,8,7,8,8
2025/11/27 12:32,Non-Student,Male,6,10,10,6,10,6
2025/11/27 12:46,Student,Male,7,8,8,7,8,8
2025/11/27 12:51,Student,Female,6,8,8,6,9,8
2025/11/27 12:57,Student,Female,6,8,8,6,9,8
2025/11/27 12:59,Student,Male,7,8,8,7,8,8
2025/11/27 13:03,Student,Female,6,8,8,6,9,8
2025/11/27 13:14,Student,Female,6,8,8,6,9,8
2025/11/27 13:19,Student,Male,7,8,8,7,8,8
2025/11/27 13:22,Student,Male,7,8,8,7,8,8
2025/11/27 13:34,Student,Male,7,8,8,7,8,8
2025/11/27 14:03,Student,Male,7,8,8,7,8,8
2025/11/27 14:13,Student,Female,6,8,8,6,9,8
2025/11/27 14:16,Student,Male,7,8,8,7,8,8
2025/11/27 14:18,Student,Male,7,8,8,7,8,8
2025/11/27 14:19,Student,Male,7,8,8,7,8,8
2025/11/27 14:19,Student,Male,7,8,8,7,8,8
2025/11/27 14:22,Student,Other,4,6,6,8,8,4
2025/11/27 14:25,Student,Female,6,8,8,6,9,8
2025/11/27 14:51,Student,Female,6,8,8,6,9,8
2025/11/27 14:52,Student,Male,7,8,8,7,8,8
2025/11/27 14:53,Student,Male,7,8,8,7,8,8
2025/11/27 14:55,Student,Male,7,8,8,7,8,8
2025/11/27 15:00,Student,Male,7,8,8,7,8,8
2025/11/27 15:07,Student,Male,7,8,8,7,8,8
2025/11/27 15:07,Student,Male,7,8,8,7,8,8
2025/11/27 15:09,Student,Male,7,8,8,7,8,8
2025/11/27 15:16,Student,Male,7,8,8,7,8,8
2025/11/27 15:24,Student,Male,7,8,8,7,8,8
2025/11/27 15:41,Student,Female,6,8,8,6,9,8
2025/11/27 15:42,Student,Female,6,8,8,6,9,8
2025/11/27 15:46,Student,Male,7,8,8,7,8,8
2025/11/27 15:51,Student,Male,7,8,8,7,8,8
2025/11/27 15:51,Student,Female,6,8,8,6,9,8
2025/11/27 16:15,Student,Male,7,8,8,7,8,8
2025/11/27 16:24,Student,Female,6,8,8,6,9,8
2025/11/27 16:37,Student,Male,7,8,8,7,8,8
2025/11/27 16:41,Student,Male,7,8,8,7,8,8
2025/11/27 16:41,Student,Female,6,8,8,6,9,8
2025/11/27 16:43,Student,Male,7,8,8,7,8,8
2025/11/27 16:44,Student,Male,7,8,8,7,8,8
2025/11/27 16:45,Student,Male,7,8,8,7,8,8
2025/11/27 16:51,Student,Male,7,8,8,7,8,8
2025/11/27 17:01,Student,Male,7,8,8,7,8,8
2025/11/27 17:11,Non-Student,Female,7,8,9,6,9,7
2025/11/27 17:18,Student,Male,7,8,8,7,8,8
2025/11/27 17:23,Student,Male,7,8,8,7,8,8
2025/11/27 17:30,Student,Male,7,8,8,7,8,8
2025/11/27 17:34,Student,Male,7,8,8,7,8,8
2025/11/27 17:38,Student,Male,7,8,8,7,8,8
2025/11/27 17:46,Student,Male,7,8,8,7,8,8
2025/11/27 17:49,Student,Female,6,8,8,6,9,8
2025/11/27 17:52,Student,Other,4,6,6,8,8,4
2025/11/27 17:59,Student,Male,7,8,8,7,8,8
2025/11/27 18:03,Student,Male,7,8,8,7,8,8
2025/11/27 18:07,Student,Male,7,8,8,7,8,8
2025/11/27 18:12,Student,Female,6,8,8,6,9,8
2025/11/27 18:15,Student,Female,6,8,8,6,9,8
2025/11/27 18:20,Student,Male,7,8,8,7,8,8
2025/11/27 18:25,Student,Male,7,8,8,7,8,8
2025/11/27 18:29,Student,Female,6,8,8,6,9,8
2025/11/27 18:35,Student,Male,7,8,8,7,8,8
2025/11/27 18:38,Student,Male,7,8,8,7,8,8
2025/11/27 18:42,Student,Male,7,8,8,7,8,8
2025/11/27 18:48,Student,Male,7,8,8,7,8,8
2025/11/27 18:55,Student,Male,7,8,8,7,8,8
2025/11/27 19:01,Student,Male,7,8,8,7,8,8
2025/11/27 19:04,Student,Male,7,8,8,7,8,8
2025/11/27 19:05,Student,Female,6,8,8,6,9,8
2025/11/27 19:05,Student,Female,6,8,8,6,9,8
2025/11/27 19:12,Student,Female,6,8,8,6,9,8
2025/11/27 19:15,Student,Female,6,8,8,6,9,8
2025/11/27 19:21,Student,Male,7,8,8,7,8,8
2025/11/27 19:24,Student,Male,7,8,8,7,8,8
2025/11/27 19:27,Student,Male,7,8,8,7,8,8
2025/11/27 19:31,Student,Male,7,8,8,7,8,8
2025/11/27 19:31,Student,Male,7,8,8,7,8,8
2025/11/27 19:36,Student,Other,4,6,6,8,8,4
2025/11/27 19:43,Student,Male,7,8,8,7,8,8
2025/11/27 19:43,Student,Female,6,8,8,6,9,8
2025/11/27 19:47,Student,Male,7,8,8,7,8,8
2025/11/27 19:48,Student,Male,7,8,8,7,8,8
2025/11/27 19:54,Student,Female,6,8,8,6,9,8
2025/11/27 19:54,Student,Female,6,8,8,6,9,8
2025/11/27 19:58,Student,Male,7,8,8,7,8,8
2025/11/27 20:08,Student,Male,7,8,8,7,8,8
2025/11/27 20:18,Non-Student,Male,6,10,10,6,10,6
2025/11/27 20:21,Student,Female,6,8,8,6,9,8
2025/11/27 20:31,Student,Male,7,8,8,7,8,8
2025/11/27 20:31,Student,Male,7,8,8,7,8,8
2025/11/27 20:32,Student,Male,7,8,8,7,8,8
2025/11/27 20:34,Student,Male,7,8,8,7,8,8
2025/11/27 20:52,Student,Male,7,8,8,7,8,8
2025/11/27 20:52,Student,Female,6,8,8,6,9,8
2025/11/27 20:54,Student,Female,6,8,8,6,9,8
2025/11/27 20:54,Student,Male,7,8,8,7,8,8
2025/11/27 20:54,Student,Male,7,8,8,7,8,8
2025/11/27 20:59,Student,Female,6,8,8,6,9,8
2025/11/27 21:05,Student,Male,7,8,8,7,8,8
2025/11/27 21:05,Student,Female,6,8,8,6,9,8
2025/11/27 21:05,Student,Male,7,8,8,7,8,8
2025/11/27 21:30,Student,Male,7,8,8,7,8,8
2025/11/27 21:38,Student,Female,6,8,8,6,9,8
2025/11/27 21:39,Student,Male,7,8,8,7,8,8
2025/11/27 21:42,Student,Male,7,8,8,7,8,8
2025/11/27 21:42,Student,Male,7,8,8,7,8,8
2025/11/27 21:50,Student,Male,7,8,8,7,8,8
2025/11/27 21:57,Student,Female,6,8,8,6,9,8
2025/11/27 21:59,Student,Male,7,8,8,7,8,8
2025/11/27 22:03,Student,Male,7,8,8,7,8,8
2025/11/27 22:05,Student,Male,7,8,8,7,8,8
2025/11/27 22:08,Student,Male,7,8,8,7,8,8
2025/11/27 22:29,Student,Male,7,8,8,7,8,8
2025/11/27 22:33,Student,Male,7,8,8,7,8,8
2025/11/27 22:41,Student,Male,7,8,8,7,8,8
2025/11/27 22:43,Student,Male,7,8,8,7,8,8
2025/11/27 22:49,Student,Male,7,8,8,7,8,8
2025/11/27 22:59,Student,Male,7,8,8,7,8,8
2025/11/27 23:03,Student,Male,7,8,8,7,8,8
2025/11/27 23:10,Student,Male,7,8,8,7,8,8
2025/11/27 23:17,Student,Female,6,8,8,6,9,8
2025/11/27 23:20,Student,Male,7,8,8,7,8,8
2025/11/27 23:22,Student,Male,7,8,8,7,8,8
2025/11/27 23:48,Student,Male,7,8,8,7,8,8
2025/11/28 00:00,Student,Male,7,8,8,7,8,8
2025/11/28 00:01,Student,Male,7,8,8,7,8,8
2025/11/28 00:03,Student,Male,7,8,8,7,8,8
2025/11/28 00:05,Student,Female,6,8,8,6,9,8
2025/11/28 00:10,Student,Female,6,8,8,6,9,8
2025/11/28 00:10,Student,Male,7,8,8,7,8,8
2025/11/28 00:23,Student,Male,7,8,8,7,8,8
2025/11/28 00:27,Student,Female,6,8,8,6,9,8
2025/11/28 00:33,Student,Female,6,8,8,6,9,8
2025/11/28 00:34,Student,Male,7,8,8,7,8,8
2025/11/28 00:34,Student,Male,7,8,8,7,8,8
2025/11/28 00:41,Student,Male,7,8,8,7,8,8
2025/11/28 00:44,Student,Male,7,8,8,7,8,8
2025/11/28 01:00,Student,Female,6,8,8,6,9,8
2025/11/28 01:00,Non-Student,Female,7,8,9,6,9,7
2025/11/28 01:03,Student,Male,7,8,8,7,8,8
2025/11/28 01:12,Student,Female,6,8,8,6,9,8
2025/11/28 01:13,Student,Male,7,8,8,7,8,8
2025/11/28 01:24,Non-Student,Male,6,10,10,6,10,6
2025/11/28 01:26,Student,Male,7,8,8,7,8,8
2025/11/28 01:30,Student,Male,7,8,8,7,8,8
2025/11/28 01:31,Student,Male,7,8,8,7,8,8
2025/11/28 01:41,Student,Male,7,8,8,7,8,8
2025/11/28 01:59,Student,Female,6,8,8,6,9,8
2025/11/28 02:01,Student,Male,7,8,8,7,8,8
2025/11/28 02:11,Student,Male,7,8,8,7,8,8
2025/11/28 02:11,Student,Female,6,8,8,6,9,8
2025/11/28 02:18,Student,Male,7,8,8,7,8,8
2025/11/28 02:20,Student,Male,7,8,8,7,8,8
2025/11/28 02:21,Student,Male,7,8,8,7,8,8
2025/11/28 02:27,Student,Male,7,8,8,7,8,8
2025/11/28 02:36,Student,Female,6,8,8,6,9,8
2025/11/28 02:42,Student,Male,7,8,8,7,8,8
2025/11/28 02:56,Student,Male,7,8,8,7,8,8
2025/11/28 03:12,Student,Male,7,8,8,7,8,8
2025/11/28 03:13,Student,Male,7,8,8,7,8,8
2025/11/28 03:13,Student,Male,7,8,8,7,8,8
2025/11/28 03:22,Student,Female,6,8,8,6,9,8
2025/11/28 03:27,Student,Male,7,8,8,7,8,8
2025/11/28 03:35,Student,Male,7,8,8,7,8,8
2025/11/28 03:44,Student,Female,6,8,8,6,9,8
2025/11/28 03:45,Student,Male,7,8,8,7,8,8
2025/11/28 03:46,Student,Female,6,8,8,6,9,8
2025/11/28 03:54,Student,Male,7,8,8,7,8,8
2025/11/28 04:05,Student,Female,6,8,8,6,9,8
2025/11/28 04:09,Student,Female,6,8,8,6,9,8
2025/11/28 04:11,Student,Male,7,8,8,7,8,8
2025/11/28 04:15,Student,Male,7,8,8,7,8,8
2025/11/28 04:29,Student,Male,7,8,8,7,8,8
2025/11/28 04:32,Student,Male,7,8,8,7,8,8
2025/11/28 04:35,Student,Male,7,8,8,7,8,8
2025/11/28 05:00,Student,Male,7,8,8,7,8,8
2025/11/28 05:03,Student,Male,7,8,8,7,8,8
2025/11/28 05:07,Student,Male,7,8,8,7,8,8
2025/11/28 05:13,Student,Male,7,8,8,7,8,8
2025/11/28 05:15,Student,Female,6,8,8,6,9,8
2025/11/28 05:22,Student,Male,7,8,8,7,8,8
2025/11/28 05:23,Student,Female,6,8,8,6,9,8
2025/11/28 05:30,Student,Male,7,8,8,7,8,8
2025/11/28 05:38,Student,Male,7,8,8,7,8,8
2025/11/28 05:38,Student,Male,7,8,8,7,8,8
2025/11/28 05:52,Student,Male,7,8,8,7,8,8
2025/11/28 05:52,Student,Male,7,8,8,7,8,8
2025/11/28 05:54,Student,Male,7,8,8,7,8,8
2025/11/28 06:01,Student,Male,7,8,8,7,8,8
2025/11/28 06:07,Student,Female,6,8,8,6,9,8
2025/11/28 06:08,Student,Female,6,8,8,6,9,8
2025/11/28 06:24,Non-Student,Female,7,8,9,6,9,7
2025/11/28 06:32,Student,Male,7,8,8,7,8,8
2025/11/28 06:37,Student,Female,6,8,8,6,9,8
2025/11/28 06:51,Student,Male,7,8,8,7,8,8
2025/11/28 07:00,Student,Female,6,8,8,6,9,8
2025/11/28 07:01,Student,Male,7,8,8,7,8,8
2025/11/28 07:03,Non-Student,Male,6,10,10,6,10,6
2025/11/28 07:08,Non-Student,Female,7,8,9,6,9,7
2025/11/28 07:10,Non-Student,Female,7,8,9,6,9,7
2025/11/28 07:20,Non-Student,Female,7,8,9,6,9,7
2025/11/28 07:30,Student,Male,7,8,8,7,8,8
2025/11/28 07:36,Student,Male,7,8,8,7,8,8
2025/11/28 07:45,Student,Male,7,8,8,7,8,8
2025/11/28 07:49,Student,Male,7,8,8,7,8,8
2025/11/28 08:06,Student,Male,7,8,8,7,8,8
2025/11/28 08:12,Student,Male,7,8,8,7,8,8
2025/11/28 08:29,Student,Male,7,8,8,7,8,8
2025/11/28 08:38,Student,Male,7,8,8,7,8,8
2025/11/28 08:41,Student,Male,7,8,8,7,8,8
2025/11/28 08:41,Student,Male,7,8,8,7,8,8
2025/11/28 08:48,Student,Male,7,8,8,7,8,8
2025/11/28 08:51,Student,Male,7,8,8,7,8,8
2025/11/28 08:53,Student,Female,6,8,8,6,9,8
2025/11/28 08:55,Student,Male,7,8,8,7,8,8
2025/11/28 08:59,Student,Other,4,6,6,8,8,4
2025/11/28 09:01,Student,Male,7,8,8,7,8,8
2025/11/28 09:10,Non-Student,Male,6,10,10,6,10,6
2025/11/28 09:11,Student,Male,7,8,8,7,8,8
2025/11/28 09:22,Student,Male,7,8,8,7,8,8
2025/11/28 09:26,Student,Male,7,8,8,7,8,8
2025/11/28 09:30,Student,Male,7,8,8,7,8,8
2025/11/28 09:32,Student,Female,6,8,8,6,9,8
2025/11/28 09:35,Student,Male,7,8,8,7,8,8
2025/11/28 09:41,Student,Male,7,8,8,7,8,8
2025/11/28 09:44,Student,Female,6,8,8,6,9,8
2025/11/28 09:49,Student,Male,7,8,8,7,8,8
2025/11/28 09:51,Student,Female,6,8,8,6,9,8
2025/11/28 09:58,Student,Male,7,8,8,7,8,8
2025/11/28 10:12,Student,Male,7,8,8,7,8,8
2025/11/28 10:25,Non-Student,Female,7,8,9,6,9,7
2025/11/28 10:31,Student,Male,7,8,8,7,8,8
2025/11/28 10:36,Student,Male,7,8,8,7,8,8
2025/11/28 10:37,Student,Male,7,8,8,7,8,8
2025/11/28 10:41,Student,Male,7,8,8,7,8,8
2025/11/28 10:43,Student,Male,7,8,8,7,8,8
2025/11/28 10:46,Student,Male,7,8,8,7,8,8
2025/11/28 10:50,Student,Male,7,8,8,7,8,8
2025/11/28 10:54,Student,Male,7,8,8,7,8,8
2025/11/28 11:01,Student,Male,7,8,8,7,8,8
2025/11/28 11:10,Student,Male,7,8,8,7,8,8
2025/11/28 11:26,Student,Male,7,8,8,7,8,8
2025/11/28 11:31,Student,Male,7,8,8,7,8,8
2025/11/28 11:33,Student,Male,7,8,8,7,8,8
2025/11/28 11:46,Student,Male,7,8,8,7,8,8
2025/11/28 11:54,Non-Student,Female,7,8,9,6,9,7
2025/11/28 11:58,Student,Male,7,8,8,7,8,8
2025/11/28 12:02,Student,Male,7,8,8,7,8,8
2025/11/28 12:08,Student,Male,7,8,8,7,8,8
2025/11/28 12:16,Student,Male,7,8,8,7,8,8
2025/11/28 12:19,Student,Male,7,8,8,7,8,8
2025/11/28 12:20,Student,Male,7,8,8,7,8,8
2025/11/28 12:27,Student,Male,7,8,8,7,8,8
2025/11/28 12:29,Non-Student,Female,7,8,9,6,9,7
2025/11/28 12:31,Student,Male,7,8,8,7,8,8
2025/11/28 12:36,Student,Male,7,8,8,7,8,8
2025/11/28 12:42,Student,Male,7,8,8,7,8,8
2025/11/28 12:48,Student,Female,6,8,8,6,9,8
2025/11/28 12:56,Student,Female,6,8,8,6,9,8
2025/11/28 13:00,Student,Female,6,8,8,6,9,8
2025/11/28 13:15,Student,Male,7,8,8,7,8,8
2025/11/28 13:20,Student,Male,7,8,8,7,8,8
2025/11/28 13:22,Student,Male,7,8,8,7,8,8
2025/11/28 13:22,Student,Male,7,8,8,7,8,8
2025/11/28 13:35,Student,Male,7,8,8,7,8,8
2025/11/28 13:35,Student,Male,7,8,8,7,8,8
2025/11/28 13:39,Student,Male,7,8,8,7,8,8
2025/11/28 13:39,Student,Male,7,8,8,7,8,8
2025/11/28 13:46,Student,Male,7,8,8,7,8,8
2025/11/28 13:46,Student,Male,7,8,8,7,8,8
2025/11/28 13:51,Student,Male,7,8,8,7,8,8
2025/11/28 13:53,Student,Male,7,8,8,7,8,8
2025/11/28 13:58,Student,Male,7,8,8,7,8,8
2025/11/28 14:00,Student,Male,7,8,8,7,8,8
2025/11/28 14:01,Student,Male,7,8,8,7,8,8
2025/11/28 14:10,Student,Male,7,8,8,7,8,8
2025/11/28 14:16,Student,Male,7,8,8,7,8,8
2025/11/28 14:52,Student,Male,7,8,8,7,8,8
2025/11/28 15:01,Student,Female,6,8,8,6,9,8
2025/11/28 15:08,Student,Male,7,8,8,7,8,8
2025/11/28 15:09,Student,Male,7,8,8,7,8,8
2025/11/28 15:11,Student,Male,7,8,8,7,8,8
2025/11/28 15:12,Non-Student,Female,7,8,9,6,9,7
2025/11/28 15:17,Student,Male,7,8,8,7,8,8
2025/11/28 15:40,Student,Male,7,8,8,7,8,8
2025/11/28 15:50,Student,Male,7,8,8,7,8,8
2025/11/28 15:50,Student,Male,7,8,8,7,8,8
2025/11/28 15:55,Student,Male,7,8,8,7,8,8
2025/11/28 15:55,Student,Male,7,8,8,7,8,8
2025/11/28 15:55,Student,Male,7,8,8,7,8,8
2025/11/28 15:58,Student,Male,7,8,8,7,8,8
2025/11/28 16:05,Student,Male,7,8,8,7,8,8
2025/11/28 16:22,Student,Female,6,8,8,6,9,8
2025/11/28 16:24,Student,Male,7,8,8,7,8,8
2025/11/28 16:28,Non-Student,Female,7,8,9,6,9,7
2025/11/28 16:30,Student,Male,7,8,8,7,8,8
2025/11/28 16:31,Student,Male,7,8,8,7,8,8
2025/11/28 16:31,Student,Male,7,8,8,7,8,8
2025/11/28 16:33,Student,Male,7,8,8,7,8,8
2025/11/28 16:34,Student,Male,7,8,8,7,8,8
2025/11/28 16:48,Student,Male,7,8,8,7,8,8
2025/11/28 16:51,Student,Male,7,8,8,7,8,8
2025/11/28 16:56,Student,Male,7,8,8,7,8,8
2025/11/28 16:57,Student,Female,6,8,8,6,9,8
2025/11/28 17:10,Student,Female,6,8,8,6,9,8
2025/11/28 17:11,Non-Student,Female,7,8,9,6,9,7
2025/11/28 17:11,Non-Student,Female,7,8,9,6,9,7
2025/11/28 17:13,Student,Male,7,8,8,7,8,8
2025/11/28 17:17,Student,Male,7,8,8,7,8,8
2025/11/28 17:26,Student,Female,6,8,8,6,9,8
2025/11/28 17:28,Student,Male,7,8,8,7,8,8
2025/11/28 17:36,Student,Male,7,8,8,7,8,8
2025/11/28 17:36,Student,Male,7,8,8,7,8,8
2025/11/28 17:41,Student,Male,7,8,8,7,8,8
2025/11/28 17:55,Non-Student,Female,7,8,9,6,9,7
2025/11/28 18:01,Student,Male,7,8,8,7,8,8
2025/11/28 18:03,Student,Male,7,8,8,7,8,8
2025/11/28 18:12,Student,Female,6,8,8,6,9,8
2025/11/28 18:15,Student,Female,6,8,8,6,9,8
2025/11/28 18:20,Student,Female,6,8,8,6,9,8
2025/11/28 18:25,Student,Male,7,8,8,7,8,8
2025/11/28 18:27,Student,Male,7,8,8,7,8,8
2025/11/28 18:33,Student,Male,7,8,8,7,8,8
2025/11/28 18:46,Student,Male,7,8,8,7,8,8
2025/11/28 18:47,Student,Male,7,8,8,7,8,8
2025/11/28 19:01,Student,Male,7,8,8,7,8,8
2025/11/28 19:01,Student,Female,6,8,8,6,9,8
2025/11/28 19:02,Student,Male,7,8,8,7,8,8
2025/11/28 19:13,Student,Male,7,8,8,7,8,8
2025/11/28 19:18,Student,Male,7,8,8,7,8,8
2025/11/28 19:19,Student,Male,7,8,8,7,8,8
2025/11/28 19:19,Student,Male,7,8,8,7,8,8
2025/11/28 19:20,Student,Male,7,8,8,7,8,8
2025/11/28 19:22,Non-Student,Female,7,8,9,6,9,7
2025/11/28 19:23,Student,Other,4,6,6,8,8,4
2025/11/28 19:26,Student,Male,7,8,8,7,8,8
2025/11/28 19:33,Student,Female,6,8,8,6,9,8
2025/11/28 19:48,Student,Male,7,8,8,7,8,8
2025/11/28 20:01,Student,Female,6,8,8,6,9,8
2025/11/28 20:04,Student,Male,7,8,8,7,8,8
2025/11/28 20:06,Student,Male,7,8,8,7,8,8
2025/11/28 20:07,Student,Male,7,8,8,7,8,8
2025/11/28 20:22,Student,Male,7,8,8,7,8,8
2025/11/28 20:31,Student,Male,7,8,8,7,8,8
2025/11/28 20:36,Student,Female,6,8,8,6,9,8
2025/11/28 20:43,Student,Male,7,8,8,7,8,8
2025/11/28 20:47,Student,Male,7,8,8,7,8,8
2025/11/28 20:47,Student,Female,6,8,8,6,9,8
2025/11/28 20:50,Student,Female,6,8,8,6,9,8
2025/11/28 20:59,Non-Student,Female,7,8,9,6,9,7
2025/11/28 21:11,Student,Male,7,8,8,7,8,8
2025/11/28 21:11,Student,Male,7,8,8,7,8,8
2025/11/28 21:15,Student,Male,7,8,8,7,8,8
2025/11/28 21:19,Student,Male,7,8,8,7,8,8
2025/11/28 21:19,Student,Female,6,8,8,6,9,8
2025/11/28 21:19,Student,Male,7,8,8,7,8,8
2025/11/28 21:36,Student,Female,6,8,8,6,9,8
2025/11/28 21:43,Student,Female,6,8,8,6,9,8
2025/11/28 21:45,Student,Male,7,8,8,7,8,8
2025/11/28 21:58,Student,Female,6,8,8,6,9,8
2025/11/28 22:09,Student,Female,6,8,8,6,9,8
2025/11/28 22:25,Student,Male,7,8,8,7,8,8
2025/11/28 22:36,Student,Male,7,8,8,7,8,8
2025/11/28 22:46,Student,Male,7,8,8,7,8,8
2025/11/28 22:50,Student,Male,7,8,8,7,8,8
2025/11/28 22:50,Student,Female,6,8,8,6,9,8
2025/11/28 22:55,Student,Female,6,8,8,6,9,8
2025/11/28 23:06,Student,Male,7,8,8,7,8,8
2025/11/28 23:11,Student,Other,4,6,6,8,8,4
2025/11/28 23:17,Student,Male,7,8,8,7,8,8
2025/11/28 23:26,Student,Female,6,8,8,6,9,8
2025/11/28 23:27,Student,Other,4,6,6,8,8,4
2025/11/28 23:35,Student,Male,7,8,8,7,8,8
2025/11/28 23:42,Student,Male,7,8,8,7,8,8
2025/11/28 23:47,Student,Female,6,8,8,6,9,8
2025/11/28 23:54,Student,Male,7,8,8,7,8,8
2025/11/29 00:08,Student,Female,6,8,8,6,9,8
2025/11/29 00:10,Student,Male,7,8,8,7,8,8
2025/11/29 00:14,Student,Male,7,8,8,7,8,8
2025/11/29 00:18,Student,Male,7,8,8,7,8,8
2025/11/29 00:19,Student,Male,7,8,8,7,8,8
2025/11/29 00:26,Student,Male,7,8,8,7,8,8
2025/11/29 00:27,Student,Male,7,8,8,7,8,8
2025/11/29 00:35,Student,Male,7,8,8,7,8,8
2025/11/29 00:36,Student,Male,7,8,8,7,8,8
2025/11/29 00:41,Student,Male,7,8,8,7,8,8
2025/11/29 00:49,Student,Male,7,8,8,7,8,8
2025/11/29 01:08,Student,Female,6,8,8,6,9,8
2025/11/29 01:10,Student,Male,7,8,8,7,8,8
2025/11/29 01:17,Student,Male,7,8,8,7,8,8
2025/11/29 01:20,Student,Male,7,8,8,7,8,8
2025/11/29 01:32,Non-Student,Female,7,8,9,6,9,7
2025/11/29 01:35,Student,Female,6,8,8,6,9,8
2025/11/29 01:39,Student,Male,7,8,8,7,8,8
2025/11/29 01:39,Student,Male,7,8,8,7,8,8
2025/11/29 01:48,Student,Female,6,8,8,6,9,8
2025/11/29 01:50,Student,Male,7,8,8,7,8,8
2025/11/29 02:01,Student,Male,7,8,8,7,8,8
2025/11/29 02:02,Student,Male,7,8,8,7,8,8
2025/11/29 02:15,Student,Male,7,8,8,7,8,8
2025/11/29 02:20,Student,Male,7,8,8,7,8,8
2025/11/29 02:32,Student,Male,7,8,8,7,8,8
2025/11/29 02:45,Student,Male,7,8,8,7,8,8
2025/11/29 02:58,Student,Male,7,8,8,7,8,8
2025/11/29 03:04,Student,Female,6,8,8,6,9,8
2025/11/29 03:08,Student,Male,7,8,8,7,8,8
2025/11/29 03:09,Student,Male,7,8,8,7,8,8
2025/11/29 03:10,Student,Male,7,8,8,7,8,8
2025/11/29 03:15,Non-Student,Female,7,8,9,6,9,7
2025/11/29 03:26,Student,Female,6,8,8,6,9,8
2025/11/29 03:27,Student,Male,7,8,8,7,8,8
2025/11/29 03:30,Student,Male,7,8,8,7,8,8
2025/11/29 03:33,Student,Male,7,8,8,7,8,8
2025/11/29 03:33,Student,Male,7,8,8,7,8,8
2025/11/29 03:34,Student,Male,7,8,8,7,8,8
2025/11/29 03:44,Student,Male,7,8,8,7,8,8
2025/11/29 03:45,Student,Male,7,8,8,7,8,8
2025/11/29 03:51,Student,Male,7,8,8,7,8,8
2025/11/29 03:52,Student,Female,6,8,8,6,9,8
2025/11/29 03:55,Student,Female,6,8,8,6,9,8
2025/11/29 03:55,Student,Male,7,8,8,7,8,8
2025/11/29 04:01,Student,Male,7,8,8,7,8,8
2025/11/29 04:02,Student,Male,7,8,8,7,8,8
2025/11/29 04:02,Student,Male,7,8,8,7,8,8
2025/11/29 04:03,Student,Female,6,8,8,6,9,8
2025/11/29 04:05,Student,Male,7,8,8,7,8,8
2025/11/29 04:23,Student,Male,7,8,8,7,8,8
2025/11/29 04:24,Student,Male,7,8,8,7,8,8
2025/11/29 04:25,Student,Female,6,8,8,6,9,8
2025/11/29 04:36,Student,Male,7,8,8,7,8,8
2025/11/29 04:48,Student,Male,7,8,8,7,8,8
2025/11/29 04:48,Student,Female,6,8,8,6,9,8
2025/11/29 04:49,Student,Male,7,8,8,7,8,8
2025/11/29 04:53,Student,Female,6,8,8,6,9,8
2025/11/29 04:53,Non-Student,Female,7,8,9,6,9,7
2025/11/29 05:00,Student,Male,7,8,8,7,8,8
2025/11/29 05:01,Student,Female,6,8,8,6,9,8
2025/11/29 05:05,Student,Male,7,8,8,7,8,8
2025/11/29 05:06,Non-Student,Male,6,10,10,6,10,6
2025/11/29 05:16,Student,Male,7,8,8,7,8,8
2025/11/29 05:20,Student,Male,7,8,8,7,8,8
2025/11/29 05:24,Student,Male,7,8,8,7,8,8
2025/11/29 05:26,Student,Male,7,8,8,7,8,8
2025/11/29 05:27,Student,Male,7,8,8,7,8,8
2025/11/29 05:28,Student,Male,7,8,8,7,8,8
2025/11/29 05:28,Student,Male,7,8,8,7,8,8
2025/11/29 05:29,Student,Male,7,8,8,7,8,8
2025/11/29 05:38,Student,Male,7,8,8,7,8,8
2025/11/29 05:40,Student,Male,7,8,8,7,8,8
2025/11/29 05:45,Student,Male,7,8,8,7,8,8
2025/11/29 05:45,Student,Male,7,8,8,7,8,8
2025/11/29 05:49,Student,Male,7,8,8,7,8,8
2025/11/29 05:51,Student,Male,7,8,8,7,8,8
2025/11/29 05:58,Student,Female,6,8,8,6,9,8
2025/11/29 06:01,Student,Male,7,8,8,7,8,8
2025/11/29 06:06,Student,Male,7,8,8,7,8,8
2025/11/29 06:22,Student,Male,7,8,8,7,8,8
2025/11/29 06:24,Student,Female,6,8,8,6,9,8
2025/11/29 06:52,Student,Male,7,8,8,7,8,8
2025/11/29 06:58,Student,Male,7,8,8,7,8,8
2025/11/29 07:02,Student,Other,4,6,6,8,8,4
2025/11/29 07:04,Student,Male,7,8,8,7,8,8
2025/11/29 07:06,Student,Male,7,8,8,7,8,8
2025/11/29 07:12,Student,Male,7,8,8,7,8,8
2025/11/29 07:22,Student,Male,7,8,8,7,8,8
2025/11/29 07:24,Student,Male,7,8,8,7,8,8
2025/11/29 07:28,Student,Male,7,8,8,7,8,8
2025/11/29 07:29,Student,Male,7,8,8,7,8,8
2025/11/29 07:29,Student,Female,6,8,8,6,9,8
2025/11/29 07:29,Non-Student,Male,6,10,10,6,10,6
2025/11/29 07:40,Student,Male,7,8,8,7,8,8
2025/11/29 07:41,Student,Male,7,8,8,7,8,8
2025/11/29 07:45,Student,Male,7,8,8,7,8,8
2025/11/29 07:48,Student,Male,7,8,8,7,8,8
2025/11/29 07:52,Student,Male,7,8,8,7,8,8
2025/11/29 07:54,Student,Female,6,8,8,6,9,8
2025/11/29 07:58,Non-Student,Male,6,10,10,6,10,6
2025/11/29 08:03,Student,Male,7,8,8,7,8,8
2025/11/29 08:06,Student,Male,7,8,8,7,8,8
2025/11/29 08:12,Student,Male,7,8,8,7,8,8
2025/11/29 08:14,Student,Male,7,8,8,7,8,8
2025/11/29 08:19,Student,Female,6,8,8,6,9,8
2025/11/29 08:39,Student,Male,7,8,8,7,8,8
2025/11/29 08:52,Student,Female,6,8,8,6,9,8
2025/11/29 09:01,Student,Other,4,6,6,8,8,4
2025/11/29 09:08,Student,Female,6,8,8,6,9,8
2025/11/29 09:22,Student,Female,6,8,8,6,9,8
2025/11/29 09:24,Student,Male,7,8,8,7,8,8
2025/11/29 09:31,Student,Male,7,8,8,7,8,8
2025/11/29 09:57,Student,Male,7,8,8,7,8,8
2025/11/29 10:02,Student,Male,7,8,8,7,8,8
2025/11/29 10:09,Student,Female,6,8,8,6,9,8
2025/11/29 10:13,Student,Male,7,8,8,7,8,8
2025/11/29 10:16,Student,Female,6,8,8,6,9,8
2025/11/29 10:24,Student,Male,7,8,8,7,8,8
2025/11/29 10:32,Student,Male,7,8,8,7,8,8
2025/11/29 10:34,Student,Male,7,8,8,7,8,8
2025/11/29 10:38,Student,Male,7,8,8,7,8,8
2025/11/29 10:44,Student,Male,7,8,8,7,8,8
2025/11/29 10:50,Student,Male,7,8,8,7,8,8
2025/11/29 10:53,Student,Male,7,8,8,7,8,8
2025/11/29 11:07,Student,Male,7,8,8,7,8,8
2025/11/29 11:08,Student,Female,6,8,8,6,9,8
2025/11/29 11:11,Student,Male,7,8,8,7,8,8
2025/11/29 11:18,Student,Female,6,8,8,6,9,8
2025/11/29 11:20,Student,Male,7,8,8,7,8,8
2025/11/29 11:23,Student,Female,6,8,8,6,9,8
2025/11/29 12:01,Student,Female,6,8,8,6,9,8
2025/11/29 12:11,Student,Female,6,8,8,6,9,8
2025/11/29 12:11,Student,Female,6,8,8,6,9,8
2025/11/29 12:13,Student,Male,7,8,8,7,8,8
2025/11/29 12:16,Student,Male,7,8,8,7,8,8
2025/11/29 12:16,Student,Male,7,8,8,7,8,8
2025/11/29 12:17,Student,Male,7,8,8,7,8,8
2025/11/29 12:23,Student,Male,7,8,8,7,8,8
2025/11/29 12:24,Student,Male,7,8,8,7,8,8
2025/11/29 12:32,Student,Male,7,8,8,7,8,8
2025/11/29 12:38,Student,Female,6,8,8,6,9,8
2025/11/29 12:52,Student,Male,7,8,8,7,8,8
2025/11/29 12:55,Student,Male,7,8,8,7,8,8
2025/11/29 12:56,Student,Female,6,8,8,6,9,8
2025/11/29 13:02,Student,Female,6,8,8,6,9,8
2025/11/29 13:14,Student,Male,7,8,8,7,8,8
2025/11/29 13:27,Student,Female,6,8,8,6,9,8
2025/11/29 13:27,Student,Other,4,6,6,8,8,4
2025/11/29 13:39,Student,Male,7,8,8,7,8,8
2025/11/29 13:45,Student,Male,7,8,8,7,8,8
2025/11/29 13:58,Student,Male,7,8,8,7,8,8
2025/11/29 14:07,Student,Male,7,8,8,7,8,8
2025/11/29 14:14,Student,Male,7,8,8,7,8,8
2025/11/29 14:18,Student,Male,7,8,8,7,8,8
2025/11/29 14:18,Student,Female,6,8,8,6,9,8
2025/11/29 14:22,Student,Male,7,8,8,7,8,8
2025/11/29 14:26,Student,Male,7,8,8,7,8,8
2025/11/29 14:31,Student,Male,7,8,8,7,8,8
2025/11/29 14:31,Student,Female,6,8,8,6,9,8
2025/11/29 14:33,Student,Male,7,8,8,7,8,8
2025/11/29 15:00,Student,Male,7,8,8,7,8,8
2025/11/29 15:06,Student,Male,7,8,8,7,8,8
2025/11/29 15:20,Student,Male,7,8,8,7,8,8
2025/11/29 15:41,Student,Male,7,8,8,7,8,8
2025/11/29 15:55,Student,Male,7,8,8,7,8,8
2025/11/29 15:55,Student,Male,7,8,8,7,8,8
2025/11/29 16:08,Non-Student,Female,7,8,9,6,9,7
2025/11/29 16:11,Student,Male,7,8,8,7,8,8
2025/11/29 16:11,Student,Male,7,8,8,7,8,8
2025/11/29 16:16,Student,Male,7,8,8,7,8,8
2025/11/29 16:19,Student,Male,7,8,8,7,8,8
2025/11/29 16:30,Student,Male,7,8,8,7,8,8
2025/11/29 16:33,Student,Female,6,8,8,6,9,8
2025/11/29 16:34,Student,Male,7,8,8,7,8,8
2025/11/29 16:36,Student,Male,7,8,8,7,8,8
2025/11/29 16:37,Student,Male,7,8,8,7,8,8
2025/11/29 16:48,Student,Male,7,8,8,7,8,8
2025/11/29 17:09,Student,Male,7,8,8,7,8,8
2025/11/29 17:18,Student,Male,7,8,8,7,8,8
2025/11/29 17:24,Student,Male,7,8,8,7,8,8
2025/11/29 17:25,Student,Male,7,8,8,7,8,8
2025/11/29 17:26,Student,Male,7,8,8,7,8,8
2025/11/29 17:34,Student,Male,7,8,8,7,8,8
2025/11/29 17:37,Student,Male,7,8,8,7,8,8
2025/11/29 17:48,Student,Male,7,8,8,7,8,8
2025/11/29 17:54,Student,Male,7,8,8,7,8,8
2025/11/29 17:55,Student,Male,7,8,8,7,8,8
2025/11/29 18:04,Student,Male,7,8,8,7,8,8
2025/11/29 18:07,Student,Male,7,8,8,7,8,8
2025/11/29 18:09,Non-Student,Female,7,8,9,6,9,7
2025/11/29 18:21,Student,Male,7,8,8,7,8,8
2025/11/29 18:27,Non-Student,Female,7,8,9,6,9,7
2025/11/29 18:34,Student,Male,7,8,8,7,8,8
2025/11/29 18:35,Student,Male,7,8,8,7,8,8
2025/11/29 18:37,Student,Female,6,8,8,6,9,8
2025/11/29 18:39,Student,Male,7,8,8,7,8,8
2025/11/29 18:51,Student,Female,6,8,8,6,9,8
2025/11/29 18:52,Student,Male,7,8,8,7,8,8
2025/11/29 19:01,Student,Male,7,8,8,7,8,8
2025/11/29 19:08,Student,Male,7,8,8,7,8,8
2025/11/29 19:25,Student,Male,7,8,8,7,8,8
2025/11/29 19:38,Student,Male,7,8,8,7,8,8
2025/11/29 19:39,Student,Male,7,8,8,7,8,8
2025/11/29 19:41,Student,Male,7,8,8,7,8,8
2025/11/29 19:45,Student,Female,6,8,8,6,9,8
2025/11/29 19:47,Student,Male,7,8,8,7,8,8
2025/11/29 19:56,Student,Female,6,8,8,6,9,8
2025/11/29 19:58,Student,Female,6,8,8,6,9,8
2025/11/29 19:58,Student,Male,7,8,8,7,8,8
2025/11/29 19:59,Student,Female,6,8,8,6,9,8
2025/11/29 20:08,Student,Male,7,8,8,7,8,8
2025/11/29 20:14,Student,Female,6,8,8,6,9,8
2025/11/29 20:15,Non-Student,Female,7,8,9,6,9,7
2025/11/29 20:25,Student,Male,7,8,8,7,8,8
2025/11/29 20:28,Student,Female,6,8,8,6,9,8
2025/11/29 20:31,Student,Male,7,8,8,7,8,8
2025/11/29 20:33,Non-Student,Male,6,10,10,6,10,6
2025/11/29 20:33,Student,Female,6,8,8,6,9,8
2025/11/29 20:35,Student,Female,6,8,8,6,9,8
2025/11/29 20:36,Student,Male,7,8,8,7,8,8
2025/11/29 20:36,Student,Male,7,8,8,7,8,8
2025/11/29 20:41,Student,Male,7,8,8,7,8,8
2025/11/29 20:52,Student,Female,6,8,8,6,9,8
2025/11/29 20:59,Student,Male,7,8,8,7,8,8
2025/11/29 21:04,Student,Male,7,8,8,7,8,8
2025/11/29 21:06,Student,Male,7,8,8,7,8,8
2025/11/29 21:12,Student,Male,7,8,8,7,8,8
2025/11/29 21:12,Student,Male,7,8,8,7,8,8
2025/11/29 21:13,Student,Male,7,8,8,7,8,8
2025/11/29 21:19,Student,Male,7,8,8,7,8,8
2025/11/29 21:37,Student,Male,7,8,8,7,8,8
2025/11/29 21:43,Student,Female,6,8,8,6,9,8
2025/11/29 21:49,Student,Male,7,8,8,7,8,8
2025/11/29 21:51,Student,Male,7,8,8,7,8,8
2025/11/29 21:55,Student,Male,7,8,8,7,8,8
2025/11/29 21:55,Student,Male,7,8,8,7,8,8
2025/11/29 22:02,Student,Male,7,8,8,7,8,8
2025/11/29 22:04,Student,Male,7,8,8,7,8,8
2025/11/29 22:08,Student,Male,7,8,8,7,8,8
2025/11/29 22:10,Student,Female,6,8,8,6,9,8
2025/11/29 22:12,Student,Male,7,8,8,7,8,8
2025/11/29 22:14,Student,Female,6,8,8,6,9,8
2025/11/29 22:18,Student,Female,6,8,8,6,9,8
2025/11/29 22:22,Student,Male,7,8,8,7,8,8
2025/11/29 22:24,Student,Male,7,8,8,7,8,8
2025/11/29 22:35,Student,Female,6,8,8,6,9,8
2025/11/29 22:37,Student,Female,6,8,8,6,9,8
2025/11/29 22:38,Student,Male,7,8,8,7,8,8
2025/11/29 22:42,Student,Male,7,8,8,7,8,8
2025/11/29 22:47,Non-Student,Female,7,8,9,6,9,7
2025/11/29 22:50,Student,Male,7,8,8,7,8,8
2025/11/29 22:56,Non-Student,Male,6,10,10,6,10,6
2025/11/29 23:13,Student,Male,7,8,8,7,8,8
2025/11/29 23:17,Student,Female,6,8,8,6,9,8
2025/11/29 23:23,Student,Male,7,8,8,7,8,8
2025/11/29 23:41,Student,Male,7,8,8,7,8,8
2025/11/29 23:43,Student,Male,7,8,8,7,8,8
2025/11/29 23:50,Student,Male,7,8,8,7,8,8
2025/11/29 23:52,Student,Male,7,8,8,7,8,8
2025/11/29 23:57,Student,Male,7,8,8,7,8,8
2025/11/30 00:07,Student,Male,7,8,8,7,8,8
2025/11/30 00:10,Student,Female,6,8,8,6,9,8
2025/11/30 00:20,Student,Male,7,8,8,7,8,8
2025/11/30 00:21,Student,Male,7,8,8,7,8,8
2025/11/30 00:32,Student,Female,6,8,8,6,9,8
2025/11/30 00:37,Student,Male,7,8,8,7,8,8
2025/11/30 00:49,Student,Female,6,8,8,6,9,8
2025/11/30 00:51,Student,Male,7,8,8,7,8,8
2025/11/30 01:00,Student,Male,7,8,8,7,8,8
2025/11/30 01:08,Student,Male,7,8,8,7,8,8
2025/11/30 01:09,Student,Male,7,8,8,7,8,8
2025/11/30 01:21,Student,Female,6,8,8,6,9,8
2025/11/30 01:26,Student,Female,6,8,8,6,9,8
2025/11/30 01:41,Student,Male,7,8,8,7,8,8
2025/11/30 01:44,Student,Female,6,8,8,6,9,8
2025/11/30 01:48,Student,Male,7,8,8,7,8,8
2025/11/30 02:00,Student,Female,6,8,8,6,9,8
2025/11/30 02:02,Student,Male,7,8,8,7,8,8
2025/11/30 02:03,Student,Male,7,8,8,7,8,8
2025/11/30 02:21,Student,Male,7,8,8,7,8,8
2025/11/30 02:28,Student,Female,6,8,8,6,9,8
2025/11/30 02:29,Student,Male,7,8,8,7,8,8
2025/11/30 02:43,Non-Student,Female,7,8,9,6,9,7
2025/11/30 02:45,Student,Male,7,8,8,7,8,8
2025/11/30 02:47,Student,Male,7,8,8,7,8,8
2025/11/30 03:04,Student,Male,7,8,8,7,8,8
2025/11/30 03:05,Student,Male,7,8,8,7,8,8
2025/11/30 03:10,Student,Male,7,8,8,7,8,8
2025/11/30 03:44,Student,Male,7,8,8,7,8,8
2025/11/30 04:00,Student,Male,7,8,8,7,8,8
2025/11/30 04:05,Non-Student,Female,7,8,9,6,9,7
2025/11/30 04:06,Student,Female,6,8,8,6,9,8
2025/11/30 04:07,Student,Male,7,8,8,7,8,8
2025/11/30 04:14,Student,Male,7,8,8,7,8,8
2025/11/30 04:19,Student,Male,7,8,8,7,8,8
2025/11/30 04:20,Non-Student,Male,6,10,10,6,10,6
2025/11/30 04:26,Student,Male,7,8,8,7,8,8
2025/11/30 04:45,Student,Male,7,8,8,7,8,8
2025/11/30 05:10,Student,Male,7,8,8,7,8,8
2025/11/30 05:11,Student,Female,6,8,8,6,9,8
2025/11/30 05:24,Student,Male,7,8,8,7,8,8
2025/11/30 05:35,Student,Male,7,8,8,7,8,8
2025/11/30 05:36,Student,Male,7,8,8,7,8,8
2025/11/30 06:10,Student,Male,7,8,8,7,8,8
2025/11/30 06:15,Student,Male,7,8,8,7,8,8
2025/11/30 06:17,Student,Male,7,8,8,7,8,8
2025/11/30 06:19,Student,Male,7,8,8,7,8,8
2025/11/30 06:37,Student,Female,6,8,8,6,9,8
2025/11/30 06:38,Student,Male,7,8,8,7,8,8
2025/11/30 06:52,Student,Male,7,8,8,7,8,8
2025/11/30 06:56,Student,Male,7,8,8,7,8,8
2025/11/30 07:06,Student,Male,7,8,8,7,8,8
2025/11/30 07:09,Student,Male,7,8,8,7,8,8
2025/11/30 07:11,Student,Male,7,8,8,7,8,8
2025/11/30 07:12,Student,Female,6,8,8,6,9,8
2025/11/30 07:15,Student,Male,7,8,8,7,8,8
2025/11/30 07:19,Student,Male,7,8,8,7,8,8
2025/11/30 07:20,Student,Male,7,8,8,7,8,8
2025/11/30 07:26,Student,Female,6,8,8,6,9,8
2025/11/30 07:31,Student,Male,7,8,8,7,8,8
2025/11/30 07:34,Student,Female,6,8,8,6,9,8
2025/11/30 07:36,Student,Female,6,8,8,6,9,8
2025/11/30 07:42,Student,Male,7,8,8,7,8,8
2025/11/30 07:42,Student,Male,7,8,8,7,8,8
2025/11/30 07:47,Student,Male,7,8,8,7,8,8
2025/11/30 07:47,Student,Female,6,8,8,6,9,8
2025/11/30 07:55,Student,Male,7,8,8,7,8,8
2025/11/30 08:04,Student,Male,7,8,8,7,8,8
2025/11/30 08:04,Student,Female,6,8,8,6,9,8
2025/11/30 08:05,Student,Other,4,6,6,8,8,4
2025/11/30 08:08,Student,Male,7,8,8,7,8,8
2025/11/30 08:11,Student,Male,7,8,8,7,8,8
2025/11/30 08:24,Student,Male,7,8,8,7,8,8
2025/11/30 08:24,Student,Male,7,8,8,7,8,8
2025/11/30 08:30,Student,Female,6,8,8,6,9,8
2025/11/30 08:38,Non-Student,Female,7,8,9,6,9,7
2025/11/30 08:47,Student,Male,7,8,8,7,8,8
2025/11/30 08:51,Student,Male,7,8,8,7,8,8
2025/11/30 08:52,Student,Male,7,8,8,7,8,8
2025/11/30 09:16,Student,Male,7,8,8,7,8,8
2025/11/30 09:35,Student,Male,7,8,8,7,8,8
2025/11/30 09:37,Student,Male,7,8,8,7,8,8
2025/11/30 09:50,Student,Male,7,8,8,7,8,8
2025/11/30 09:50,Student,Male,7,8,8,7,8,8
2025/11/30 10:20,Student,Female,6,8,8,6,9,8
2025/11/30 10:27,Student,Male,7,8,8,7,8,8
2025/11/30 10:29,Student,Male,7,8,8,7,8,8
2025/11/30 10:31,Student,Male,7,8,8,7,8,8
2025/11/30 10:37,Student,Male,7,8,8,7,8,8
2025/11/30 10:39,Student,Male,7,8,8,7,8,8
2025/11/30 10:45,Student,Female,6,8,8,6,9,8
2025/11/30 10:50,Student,Male,7,8,8,7,8,8
2025/11/30 10:53,Student,Male,7,8,8,7,8,8
2025/11/30 10:58,Student,Male,7,8,8,7,8,8
2025/11/30 11:08,Student,Female,6,8,8,6,9,8
2025/11/30 11:08,Non-Student,Female,7,8,9,6,9,7
2025/11/30 11:15,Student,Male,7,8,8,7,8,8
2025/11/30 11:33,Non-Student,Female,7,8,9,6,9,7
2025/11/30 11:38,Student,Male,7,8,8,7,8,8
2025/11/30 11:43,Student,Male,7,8,8,7,8,8
2025/11/30 11:44,Student,Male,7,8,8,7,8,8
2025/11/30 11:45,Student,Male,7,8,8,7,8,8
2025/11/30 11:47,Student,Male,7,8,8,7,8,8
2025/11/30 11:48,Student,Female,6,8,8,6,9,8
2025/11/30 11:50,Student,Male,7,8,8,7,8,8
2025/11/30 12:08,Student,Female,6,8,8,6,9,8
2025/11/30 12:09,Student,Male,7,8,8,7,8,8
2025/11/30 12:15,Non-Student,Female,7,8,9,6,9,7
2025/11/30 12:19,Student,Female,6,8,8,6,9,8
2025/11/30 12:22,Student,Male,7,8,8,7,8,8
2025/11/30 12:23,Student,Female,6,8,8,6,9,8
2025/11/30 12:23,Student,Male,7,8,8,7,8,8
2025/11/30 12:26,Student,Female,6,8,8,6,9,8
2025/11/30 12:32,Student,Male,7,8,8,7,8,8
2025/11/30 12:46,Student,Male,7,8,8,7,8,8
2025/11/30 12:54,Student,Male,7,8,8,7,8,8
2025/11/30 12:56,Student,Male,7,8,8,7,8,8
2025/11/30 12:57,Student,Male,7,8,8,7,8,8
2025/11/30 13:02,Student,Female,6,8,8,6,9,8
2025/11/30 13:16,Student,Male,7,8,8,7,8,8
2025/11/30 13:34,Non-Student,Female,7,8,9,6,9,7
2025/11/30 13:40,Student,Female,6,8,8,6,9,8
2025/11/30 13:41,Student,Male,7,8,8,7,8,8
2025/11/30 13:47,Student,Male,7,8,8,7,8,8
2025/11/30 13:50,Student,Male,7,8,8,7,8,8
2025/11/30 13:51,Student,Male,7,8,8,7,8,8
2025/11/30 13:59,Student,Male,7,8,8,7,8,8
2025/11/30 14:07,Student,Male,7,8,8,7,8,8
2025/11/30 14:11,Student,Female,6,8,8,6,9,8
2025/11/30 14:12,Student,Male,7,8,8,7,8,8
2025/11/30 14:21,Student,Male,7,8,8,7,8,8
2025/11/30 14:28,Student,Male,7,8,8,7,8,8
2025/11/30 14:31,Student,Male,7,8,8,7,8,8
2025/11/30 14:33,Student,Male,7,8,8,7,8,8
2025/11/30 14:41,Student,Female,6,8,8,6,9,8
2025/11/30 14:42,Student,Female,6,8,8,6,9,8
2025/11/30 14:45,Student,Male,7,8,8,7,8,8
2025/11/30 14:58,Student,Male,7,8,8,7,8,8
2025/11/30 14:58,Student,Male,7,8,8,7,8,8
2025/11/30 15:04,Student,Male,7,8,8,7,8,8
2025/11/30 15:05,Student,Female,6,8,8,6,9,8
2025/11/30 15:19,Student,Male,7,8,8,7,8,8
2025/11/30 15:40,Student,Male,7,8,8,7,8,8
2025/11/30 15:46,Student,Male,7,8,8,7,8,8
2025/11/30 15:47,Student,Male,7,8,8,7,8,8
2025/11/30 15:50,Student,Male,7,8,8,7,8,8
2025/11/30 15:51,Student,Male,7,8,8,7,8,8
2025/11/30 15:51,Student,Male,7,8,8,7,8,8
2025/11/30 15:57,Student,Male,7,8,8,7,8,8
2025/11/30 16:02,Student,Male,7,8,8,7,8,8
2025/11/30 16:12,Student,Male,7,8,8,7,8,8
2025/11/30 16:14,Student,Male,7,8,8,7,8,8
2025/11/30 16:14,Student,Male,7,8,8,7,8,8
2025/11/30 16:20,Student,Female,6,8,8,6,9,8
2025/11/30 16:21,Student,Female,6,8,8,6,9,8
2025/11/30 16:33,Student,Female,6,8,8,6,9,8
2025/11/30 16:40,Student,Male,7,8,8,7,8,8
2025/11/30 16:45,Student,Female,6,8,8,6,9,8
2025/11/30 16:47,Student,Male,7,8,8,7,8,8
2025/11/30 16:48,Student,Male,7,8,8,7,8,8
2025/11/30 16:55,Student,Male,7,8,8,7,8,8
2025/11/30 17:01,Student,Male,7,8,8,7,8,8
2025/11/30 17:03,Student,Male,7,8,8,7,8,8
2025/11/30 17:04,Student,Female,6,8,8,6,9,8
2025/11/30 17:18,Student,Male,7,8,8,7,8,8
2025/11/30 17:21,Student,Male,7,8,8,7,8,8
2025/11/30 17:22,Student,Male,7,8,8,7,8,8
2025/11/30 17:33,Student,Male,7,8,8,7,8,8
2025/11/30 17:41,Student,Male,7,8,8,7,8,8
2025/11/30 17:44,Student,Male,7,8,8,7,8,8
2025/11/30 17:45,Student,Male,7,8,8,7,8,8
2025/11/30 17:46,Student,Male,7,8,8,7,8,8
2025/11/30 17:59,Student,Male,7,8,8,7,8,8
2025/11/30 18:05,Student,Male,7,8,8,7,8,8
2025/11/30 18:06,Student,Male,7,8,8,7,8,8
2025/11/30 18:12,Student,Male,7,8,8,7,8,8
2025/11/30 18:21,Student,Male,7,8,8,7,8,8
2025/11/30 18:24,Student,Male,7,8,8,7,8,8
2025/11/30 18:30,Non-Student,Female,7,8,9,6,9,7
2025/11/30 18:41,Student,Female,6,8,8,6,9,8
2025/11/30 18:42,Student,Female,6,8,8,6,9,8
2025/11/30 18:43,Student,Male,7,8,8,7,8,8
2025/11/30 18:59,Student,Male,7,8,8,7,8,8
2025/11/30 19:01,Student,Male,7,8,8,7,8,8
2025/11/30 19:06,Student,Male,7,8,8,7,8,8
2025/11/30 19:06,Student,Male,7,8,8,7,8,8
2025/11/30 19:06,Student,Male,7,8,8,7,8,8
2025/11/30 19:13,Student,Female,6,8,8,6,9,8
2025/11/30 19:23,Student,Male,7,8,8,7,8,8
2025/11/30 19:29,Student,Male,7,8,8,7,8,8
2025/11/30 19:41,Student,Female,6,8,8,6,9,8
2025/11/30 19:47,Student,Other,4,6,6,8,8,4
2025/11/30 19:51,Student,Male,7,8,8,7,8,8
2025/11/30 20:11,Student,Male,7,8,8,7,8,8
2025/11/30 20:12,Student,Male,7,8,8,7,8,8
2025/11/30 20:18,Student,Male,7,8,8,7,8,8
2025/11/30 20:21,Student,Male,7,8,8,7,8,8
2025/11/30 20:21,Student,Male,7,8,8,7,8,8
2025/11/30 20:29,Student,Female,6,8,8,6,9,8
2025/11/30 20:30,Student,Male,7,8,8,7,8,8
2025/11/30 20:35,Student,Male,7,8,8,7,8,8
2025/11/30 20:38,Student,Male,7,8,8,7,8,8
2025/11/30 20:40,Student,Female,6,8,8,6,9,8
2025/11/30 20:41,Student,Male,7,8,8,7,8,8
2025/11/30 20:44,Student,Male,7,8,8,7,8,8
2025/11/30 20:50,Student,Male,7,8,8,7,8,8
2025/11/30 20:55,Student,Female,6,8,8,6,9,8
2025/11/30 21:05,Student,Male,7,8,8,7,8,8
2025/11/30 21:20,Student,Male,7,8,8,7,8,8
2025/11/30 21:30,Student,Male,7,8,8,7,8,8
2025/11/30 21:42,Student,Male,7,8,8,7,8,8
2025/11/30 21:48,Student,Male,7,8,8,7,8,8
2025/11/30 21:50,Non-Student,Female,7,8,9,6,9,7
2025/11/30 22:07,Student,Male,7,8,8,7,8,8
2025/11/30 22:12,Student,Male,7,8,8,7,8,8
2025/11/30 22:15,Student,Male,7,8,8,7,8,8
2025/11/30 22:15,Student,Male,7,8,8,7,8,8
2025/11/30 22:16,Student,Male,7,8,8,7,8,8
2025/11/30 22:30,Student,Male,7,8,8,7,8,8
2025/11/30 22:33,Student,Female,6,8,8,6,9,8
2025/11/30 22:48,Student,Male,7,8,8,7,8,8
2025/11/30 22:49,Student,Male,7,8,8,7,8,8
2025/11/30 22:49,Student,Male,7,8,8,7,8,8
2025/11/30 22:52,Student,Female,6,8,8,6,9,8
2025/11/30 22:55,Student,Male,7,8,8,7,8,8
2025/11/30 23:01,Student,Male,7,8,8,7,8,8
2025/11/30 23:04,Student,Male,7,8,8,7,8,8
2025/11/30 23:14,Student,Male,7,8,8,7,8,8
2025/11/30 23:15,Student,Male,7,8,8,7,8,8
2025/11/30 23:18,Student,Female,6,8,8,6,9,8
2025/11/30 23:19,Non-Student,Female,7,8,9,6,9,7
2025/11/30 23:20,Student,Male,7,8,8,7,8,8
2025/11/30 23:22,Student,Female,6,8,8,6,9,8
2025/11/30 23:23,Student,Male,7,8,8,7,8,8
2025/11/30 23:29,Student,Male,7,8,8,7,8,8
2025/11/30 23:31,Student,Female,6,8,8,6,9,8
2025/11/30 23:37,Student,Female,6,8,8,6,9,8
2025/11/30 23:41,Student,Male,7,8,8,7,8,8
2025/11/30 23:42,Student,Male,7,8,8,7,8,8
2025/11/30 23:43,Student,Female,6,8,8,6,9,8
2025/11/30 23:47,Student,Male,7,8,8,7,8,8
2025/11/30 23:48,Student,Female,6,8,8,6,9,8
2025/12/1 00:10,Student,Male,7,8,8,7,8,8
2025/12/1 00:16,Non-Student,Female,7,8,9,6,9,7
2025/12/1 00:16,Student,Male,7,8,8,7,8,8
2025/12/1 00:29,Student,Male,7,8,8,7,8,8
2025/12/1 00:32,Student,Male,7,8,8,7,8,8
2025/12/1 00:38,Student,Male,7,8,8,7,8,8
2025/12/1 00:39,Student,Male,7,8,8,7,8,8
2025/12/1 00:42,Student,Male,7,8,8,7,8,8
2025/12/1 00:53,Student,Male,7,8,8,7,8,8
2025/12/1 01:11,Student,Female,6,8,8,6,9,8
2025/12/1 01:13,Student,Male,7,8,8,7,8,8
2025/12/1 01:22,Student,Male,7,8,8,7,8,8
2025/12/1 01:25,Student,Male,7,8,8,7,8,8
2025/12/1 01:40,Student,Male,7,8,8,7,8,8
2025/12/1 01:51,Student,Male,7,8,8,7,8,8
2025/12/1 01:58,Student,Female,6,8,8,6,9,8
2025/12/1 02:04,Student,Male,7,8,8,7,8,8
2025/12/1 02:09,Student,Female,6,8,8,6,9,8
2025/12/1 02:18,Student,Male,7,8,8,7,8,8
2025/12/1 02:21,Student,Female,6,8,8,6,9,8
2025/12/1 02:27,Student,Male,7,8,8,7,8,8
2025/12/1 02:51,Student,Male,7,8,8,7,8,8
2025/12/1 02:53,Student,Male,7,8,8,7,8,8
2025/12/1 02:54,Student,Male,7,8,8,7,8,8
2025/12/1 02:58,Student,Male,7,8,8,7,8,8
2025/12/1 03:00,Student,Male,7,8,8,7,8,8
2025/12/1 03:13,Student,Male,7,8,8,7,8,8
2025/12/1 03:19,Student,Male,7,8,8,7,8,8
2025/12/1 03:30,Student,Male,7,8,8,7,8,8
2025/12/1 03:33,Student,Male,7,8,8,7,8,8
2025/12/1 03:35,Student,Male,7,8,8,7,8,8
2025/12/1 03:49,Student,Male,7,8,8,7,8,8
2025/12/1 03:50,Student,Male,7,8,8,7,8,8
2025/12/1 03:54,Student,Female,6,8,8,6,9,8
2025/12/1 03:57,Student,Male,7,8,8,7,8,8
2025/12/1 04:03,Student,Female,6,8,8,6,9,8
2025/12/1 04:10,Student,Male,7,8,8,7,8,8
2025/12/1 04:12,Student,Male,7,8,8,7,8,8
2025/12/1 04:24,Student,Male,7,8,8,7,8,8
2025/12/1 04:31,Non-Student,Male,6,10,10,6,10,6
2025/12/1 04:36,Student,Male,7,8,8,7,8,8
2025/12/1 04:38,Student,Male,7,8,8,7,8,8
2025/12/1 04:51,Student,Male,7,8,8,7,8,8
2025/12/1 05:09,Student,Male,7,8,8,7,8,8
2025/12/1 05:22,Student,Male,7,8,8,7,8,8
2025/12/1 05:22,Student,Female,6,8,8,6,9,8
2025/12/1 05:35,Student,Male,7,8,8,7,8,8
2025/12/1 05:44,Student,Male,7,8,8,7,8,8
2025/12/1 05:52,Student,Male,7,8,8,7,8,8
2025/12/1 06:00,Student,Male,7,8,8,7,8,8
2025/12/1 06:01,Student,Male,7,8,8,7,8,8
2025/12/1 06:07,Non-Student,Female,7,8,9,6,9,7
2025/12/1 06:19,Student,Male,7,8,8,7,8,8
2025/12/1 06:23,Student,Male,7,8,8,7,8,8
2025/12/1 06:27,Student,Female,6,8,8,6,9,8
2025/12/1 06:31,Student,Male,7,8,8,7,8,8
2025/12/1 06:36,Student,Male,7,8,8,7,8,8
2025/12/1 06:37,Student,Male,7,8,8,7,8,8
2025/12/1 06:42,Student,Male,7,8,8,7,8,8
2025/12/1 06:45,Student,Male,7,8,8,7,8,8
2025/12/1 06:46,Student,Male,7,8,8,7,8,8
2025/12/1 06:47,Student,Male,7,8,8,7,8,8
2025/12/1 07:07,Student,Female,6,8,8,6,9,8
2025/12/1 07:08,Student,Male,7,8,8,7,8,8
2025/12/1 07:12,Student,Male,7,8,8,7,8,8
2025/12/1 07:12,Student,Female,6,8,8,6,9,8
2025/12/1 07:33,Student,Male,7,8,8,7,8,8
2025/12/1 07:40,Student,Male,7,8,8,7,8,8
2025/12/1 07:40,Student,Female,6,8,8,6,9,8
2025/12/1 08:10,Student,Male,7,8,8,7,8,8
2025/12/1 08:13,Non-Student,Female,7,8,9,6,9,7
2025/12/1 08:15,Student,Male,7,8,8,7,8,8
2025/12/1 08:18,Student,Male,7,8,8,7,8,8
2025/12/1 08:23,Student,Male,7,8,8,7,8,8
2025/12/1 08:26,Student,Male,7,8,8,7,8,8
2025/12/1 08:37,Student,Male,7,8,8,7,8,8
2025/12/1 08:39,Student,Male,7,8,8,7,8,8
2025/12/1 08:41,Student,Female,6,8,8,6,9,8
2025/12/1 08:41,Student,Male,7,8,8,7,8,8
2025/12/1 08:47,Student,Female,6,8,8,6,9,8
2025/12/1 08:52,Student,Female,6,8,8,6,9,8
2025/12/1 08:57,Student,Male,7,8,8,7,8,8
2025/12/1 09:05,Student,Female,6,8,8,6,9,8
2025/12/1 09:11,Student,Male,7,8,8,7,8,8
2025/12/1 09:12,Student,Male,7,8,8,7,8,8
2025/12/1 09:13,Student,Male,7,8,8,7,8,8
2025/12/1 09:19,Student,Female,6,8,8,6,9,8
2025/12/1 09:25,Student,Male,7,8,8,7,8,8
2025/12/1 09:33,Student,Male,7,8,8,7,8,8
2025/12/1 09:34,Student,Female,6,8,8,6,9,8
2025/12/1 09:46,Student,Male,7,8,8,7,8,8
2025/12/1 09:46,Student,Male,7,8,8,7,8,8
2025/12/1 09:55,Student,Female,6,8,8,6,9,8
2025/12/1 09:59,Student,Male,7,8,8,7,8,8
2025/12/1 10:13,Student,Male,7,8,8,7,8,8
2025/12/1 10:15,Student,Male,7,8,8,7,8,8
2025/12/1 10:16,Student,Male,7,8,8,7,8,8
2025/12/1 10:16,Student,Male,7,8,8,7,8,8
2025/12/1 10:19,Student,Male,7,8,8,7,8,8
2025/12/1 10:35,Student,Male,7,8,8,7,8,8
2025/12/1 10:44,Student,Male,7,8,8,7,8,8
2025/12/1 10:45,Student,Male,7,8,8,7,8,8
2025/12/1 10:45,Student,Male,7,8,8,7,8,8
2025/12/1 10:48,Student,Male,7,8,8,7,8,8
2025/12/1 10:52,Student,Female,6,8,8,6,9,8
2025/12/1 10:58,Student,Male,7,8,8,7,8,8
2025/12/1 11:01,Student,Male,7,8,8,7,8,8
2025/12/1 11:17,Student,Female,6,8,8,6,9,8
2025/12/1 11:17,Student,Male,7,8,8,7,8,8
2025/12/1 11:23,Student,Female,6,8,8,6,9,8
2025/12/1 11:23,Student,Female,6,8,8,6,9,8
2025/12/1 11:37,Student,Female,6,8,8,6,9,8
2025/12/1 11:47,Student,Female,6,8,8,6,9,8
2025/12/1 11:50,Student,Female,6,8,8,6,9,8
2025/12/1 11:50,Student,Male,7,8,8,7,8,8
2025/12/1 11:51,Student,Female,6,8,8,6,9,8
2025/12/1 11:56,Student,Female,6,8,8,6,9,8
2025/12/1 12:05,Student,Male,7,8,8,7,8,8
2025/12/1 12:10,Student,Male,7,8,8,7,8,8
2025/12/1 12:15,Student,Male,7,8,8,7,8,8
2025/12/1 12:21,Student,Male,7,8,8,7,8,8
2025/12/1 12:24,Student,Male,7,8,8,7,8,8
2025/12/1 12:30,Student,Male,7,8,8,7,8,8
2025/12/1 12:40,Student,Male,7,8,8,7,8,8
2025/12/1 12:49,Student,Male,7,8,8,7,8,8
2025/12/1 12:52,Student,Female,6,8,8,6,9,8
2025/12/1 12:53,Student,Female,6,8,8,6,9,8
2025/12/1 13:14,Student,Female,6,8,8,6,9,8
2025/12/1 13:19,Student,Male,7,8,8,7,8,8
2025/12/1 13:26,Student,Male,7,8,8,7,8,8
2025/12/1 13:26,Student,Male,7,8,8,7,8,8
2025/12/1 13:32,Student,Male,7,8,8,7,8,8
2025/12/1 13:33,Student,Male,7,8,8,7,8,8
2025/12/1 13:36,Student,Male,7,8,8,7,8,8
2025/12/1 13:36,Student,Male,7,8,8,7,8,8
2025/12/1 13:43,Student,Female,6,8,8,6,9,8
2025/12/1 13:45,Student,Female,6,8,8,6,9,8
2025/12/1 13:47,Student,Female,6,8,8,6,9,8
2025/12/1 13:51,Student,Male,7,8,8,7,8,8
2025/12/1 13:58,Student,Male,7,8,8,7,8,8
2025/12/1 13:58,Student,Male,7,8,8,7,8,8
2025/12/1 14:04,Student,Male,7,8,8,7,8,8
2025/12/1 14:09,Student,Male,7,8,8,7,8,8
2025/12/1 14:11,Student,Male,7,8,8,7,8,8
2025/12/1 14:14,Student,Male,7,8,8,7,8,8
2025/12/1 14:31,Student,Male,7,8,8,7,8,8
2025/12/1 14:34,Student,Male,7,8,8,7,8,8
2025/12/1 14:50,Student,Male,7,8,8,7,8,8
2025/12/1 15:09,Student,Male,7,8,8,7,8,8
2025/12/1 15:20,Student,Male,7,8,8,7,8,8
2025/12/1 15:21,Student,Male,7,8,8,7,8,8
2025/12/1 15:38,Student,Female,6,8,8,6,9,8
2025/12/1 15:41,Student,Female,6,8,8,6,9,8
2025/12/1 15:42,Student,Female,6,8,8,6,9,8
2025/12/1 15:47,Student,Male,7,8,8,7,8,8
2025/12/1 16:04,Student,Male,7,8,8,7,8,8
2025/12/1 16:21,Student,Male,7,8,8,7,8,8
2025/12/1 16:26,Student,Male,7,8,8,7,8,8
2025/12/1 16:31,Student,Female,6,8,8,6,9,8
2025/12/1 16:34,Student,Female,6,8,8,6,9,8
2025/12/1 17:00,Student,Female,6,8,8,6,9,8
2025/12/1 17:06,Student,Male,7,8,8,7,8,8
2025/12/1 17:15,Student,Male,7,8,8,7,8,8
2025/12/1 17:24,Student,Male,7,8,8,7,8,8
2025/12/1 17:35,Student,Male,7,8,8,7,8,8
2025/12/1 17:38,Student,Female,6,8,8,6,9,8
2025/12/1 17:49,Student,Male,7,8,8,7,8,8
2025/12/1 18:03,Student,Male,7,8,8,7,8,8
2025/12/1 18:03,Student,Male,7,8,8,7,8,8
2025/12/1 18:03,Student,Male,7,8,8,7,8,8
2025/12/1 18:03,Student,Male,7,8,8,7,8,8
2025/12/1 18:04,Student,Male,7,8,8,7,8,8
2025/12/1 18:05,Student,Male,7,8,8,7,8,8
2025/12/1 18:10,Student,Female,6,8,8,6,9,8
2025/12/1 18:10,Student,Male,7,8,8,7,8,8
2025/12/1 18:20,Student,Male,7,8,8,7,8,8
2025/12/1 18:22,Student,Female,6,8,8,6,9,8
2025/12/1 18:22,Student,Male,7,8,8,7,8,8
2025/12/1 18:34,Student,Female,6,8,8,6,9,8
2025/12/1 18:47,Student,Male,7,8,8,7,8,8
2025/12/1 18:50,Student,Female,6,8,8,6,9,8
2025/12/1 19:21,Student,Male,7,8,8,7,8,8
2025/12/1 19:29,Student,Male,7,8,8,7,8,8
2025/12/1 19:34,Student,Male,7,8,8,7,8,8
2025/12/1 19:42,Student,Female,6,8,8,6,9,8
2025/12/1 19:54,Student,Male,7,8,8,7,8,8
2025/12/1 19:57,Student,Male,7,8,8,7,8,8
2025/12/1 20:03,Student,Male,7,8,8,7,8,8
2025/12/1 20:03,Student,Male,7,8,8,7,8,8
2025/12/1 20:04,Student,Male,7,8,8,7,8,8
2025/12/1 20:26,Student,Male,7,8,8,7,8,8
2025/12/1 20:27,Student,Female,6,8,8,6,9,8
2025/12/1 20:28,Student,Male,7,8,8,7,8,8
2025/12/1 20:33,Student,Male,7,8,8,7,8,8
2025/12/1 20:39,Student,Male,7,8,8,7,8,8
2025/12/1 20:45,Student,Male,7,8,8,7,8,8
2025/12/1 20:47,Student,Female,6,8,8,6,9,8
2025/12/1 20:59,Student,Male,7,8,8,7,8,8
2025/12/1 21:00,Student,Male,7,8,8,7,8,8
2025/12/1 21:04,Student,Male,7,8,8,7,8,8
2025/12/1 21:05,Student,Male,7,8,8,7,8,8
2025/12/1 21:19,Student,Female,6,8,8,6,9,8
2025/12/1 21:19,Student,Female,6,8,8,6,9,8
2025/12/1 21:22,Student,Male,7,8,8,7,8,8
2025/12/1 21:24,Student,Male,7,8,8,7,8,8
2025/12/1 21:32,Student,Male,7,8,8,7,8,8
2025/12/1 21:33,Student,Male,7,8,8,7,8,8
2025/12/1 21:34,Student,Female,6,8,8,6,9,8
2025/12/1 21:40,Student,Male,7,8,8,7,8,8
2025/12/1 21:42,Student,Male,7,8,8,7,8,8
2025/12/1 21:44,Student,Female,6,8,8,6,9,8
2025/12/1 21:45,Student,Male,7,8,8,7,8,8
2025/12/1 21:48,Student,Male,7,8,8,7,8,8
2025/12/1 21:57,Student,Male,7,8,8,7,8,8
2025/12/1 21:58,Student,Male,7,8,8,7,8,8
2025/12/1 22:10,Student,Female,6,8,8,6,9,8
2025/12/1 22:11,Student,Male,7,8,8,7,8,8
2025/12/1 22:11,Student,Female,6,8,8,6,9,8
2025/12/1 22:34,Student,Male,7,8,8,7,8,8
2025/12/1 22:43,Student,Male,7,8,8,7,8,8
2025/12/1 23:22,Student,Female,6,8,8,6,9,8
2025/12/1 23:22,Student,Male,7,8,8,7,8,8
2025/12/1 23:27,Student,Male,7,8,8,7,8,8
2025/12/1 23:28,Non-Student,Male,6,10,10,6,10,6
2025/12/1 23:28,Student,Male,7,8,8,7,8,8
2025/12/1 23:47,Student,Male,7,8,8,7,8,8
2025/12/1 23:50,Student,Male,7,8,8,7,8,8
2025/12/1 23:53,Student,Female,6,8,8,6,9,8
2025/12/1 23:57,Student,Female,6,8,8,6,9,8
2025/12/2 00:01,Student,Male,7,8,8,7,8,8
2025/12/2 00:07,Student,Female,6,8,8,6,9,8
2025/12/2 00:10,Student,Male,7,8,8,7,8,8
2025/12/2 00:15,Student,Male,7,8,8,7,8,8
2025/12/2 00:24,Student,Female,6,8,8,6,9,8
2025/12/2 00:31,Student,Male,7,8,8,7,8,8
2025/12/2 00:34,Student,Female,6,8,8,6,9,8
2025/12/2 00:37,Non-Student,Female,7,8,9,6,9,7
2025/12/2 00:37,Student,Male,7,8,8,7,8,8
2025/12/2 00:47,Student,Male,7,8,8,7,8,8
2025/12/2 00:47,Student,Male,7,8,8,7,8,8
2025/12/2 01:00,Student,Female,6,8,8,6,9,8
2025/12/2 01:00,Student,Male,7,8,8,7,8,8
2025/12/2 01:07,Student,Male,7,8,8,7,8,8
2025/12/2 01:08,Student,Male,7,8,8,7,8,8
2025/12/2 01:20,Student,Male,7,8,8,7,8,8
2025/12/2 01:30,Student,Male,7,8,8,7,8,8
2025/12/2 01:33,Student,Male,7,8,8,7,8,8
2025/12/2 01:43,Student,Male,7,8,8,7,8,8
2025/12/2 01:47,Non-Student,Male,6,10,10,6,10,6
2025/12/2 01:52,Student,Female,6,8,8,6,9,8
2025/12/2 02:08,Student,Female,6,8,8,6,9,8
2025/12/2 02:16,Student,Male,7,8,8,7,8,8
2025/12/2 02:38,Student,Male,7,8,8,7,8,8
2025/12/2 02:45,Student,Male,7,8,8,7,8,8
2025/12/2 02:49,Student,Male,7,8,8,7,8,8
2025/12/2 02:56,Student,Male,7,8,8,7,8,8
2025/12/2 02:56,Student,Male,7,8,8,7,8,8
2025/12/2 02:58,Student,Male,7,8,8,7,8,8
2025/12/2 03:05,Student,Male,7,8,8,7,8,8
2025/12/2 03:13,Student,Male,7,8,8,7,8,8
2025/12/2 03:17,Student,Male,7,8,8,7,8,8
2025/12/2 03:23,Student,Male,7,8,8,7,8,8
2025/12/2 03:33,Student,Female,6,8,8,6,9,8
2025/12/2 03:47,Student,Male,7,8,8,7,8,8
2025/12/2 03:50,Student,Male,7,8,8,7,8,8
2025/12/2 03:53,Student,Male,7,8,8,7,8,8
2025/12/2 03:59,Student,Male,7,8,8,7,8,8
2025/12/2 03:59,Student,Male,7,8,8,7,8,8
2025/12/2 04:01,Student,Male,7,8,8,7,8,8
2025/12/2 04:10,Student,Female,6,8,8,6,9,8
2025/12/2 04:12,Student,Male,7,8,8,7,8,8
2025/12/2 04:33,Student,Male,7,8,8,7,8,8
2025/12/2 04:44,Student,Male,7,8,8,7,8,8
2025/12/2 04:51,Student,Male,7,8,8,7,8,8
2025/12/2 05:00,Student,Male,7,8,8,7,8,8
2025/12/2 05:03,Student,Male,7,8,8,7,8,8
2025/12/2 05:16,Student,Male,7,8,8,7,8,8
2025/12/2 05:18,Student,Male,7,8,8,7,8,8
2025/12/2 05:21,Student,Male,7,8,8,7,8,8
2025/12/2 05:41,Student,Other,4,6,6,8,8,4
2025/12/2 05:41,Student,Male,7,8,8,7,8,8
2025/12/2 05:54,Student,Male,7,8,8,7,8,8
2025/12/2 05:54,Student,Male,7,8,8,7,8,8
2025/12/2 05:57,Student,Female,6,8,8,6,9,8
2025/12/2 06:04,Non-Student,Male,6,10,10,6,10,6
2025/12/2 06:11,Student,Male,7,8,8,7,8,8
2025/12/2 06:23,Student,Male,7,8,8,7,8,8
2025/12/2 06:37,Student,Male,7,8,8,7,8,8
2025/12/2 06:50,Student,Male,7,8,8,7,8,8
2025/12/2 06:56,Student,Male,7,8,8,7,8,8
2025/12/2 07:06,Student,Male,7,8,8,7,8,8
2025/12/2 07:20,Non-Student,Female,7,8,9,6,9,7
2025/12/2 07:20,Student,Female,6,8,8,6,9,8
2025/12/2 07:21,Student,Male,7,8,8,7,8,8
2025/12/2 07:22,Student,Female,6,8,8,6,9,8
2025/12/2 07:22,Student,Male,7,8,8,7,8,8
2025/12/2 07:29,Student,Male,7,8,8,7,8,8
2025/12/2 07:43,Student,Female,6,8,8,6,9,8
2025/12/2 07:45,Student,Female,6,8,8,6,9,8
2025/12/2 07:45,Student,Female,6,8,8,6,9,8
2025/12/2 07:50,Student,Female,6,8,8,6,9,8
2025/12/2 07:52,Student,Female,6,8,8,6,9,8
2025/12/2 07:53,Student,Male,7,8,8,7,8,8
2025/12/2 08:06,Student,Male,7,8,8,7,8,8
2025/12/2 08:06,Student,Male,7,8,8,7,8,8
2025/12/2 08:27,Student,Male,7,8,8,7,8,8
2025/12/2 08:29,Student,Male,7,8,8,7,8,8
2025/12/2 08:31,Student,Male,7,8,8,7,8,8
2025/12/2 08:33,Student,Male,7,8,8,7,8,8
2025/12/2 08:49,Student,Male,7,8,8,7,8,8
2025/12/2 08:52,Student,Male,7,8,8,7,8,8
2025/12/2 08:57,Student,Male,7,8,8,7,8,8
2025/12/2 08:59,Student,Male,7,8,8,7,8,8
2025/12/2 09:00,Student,Male,7,8,8,7,8,8
2025/12/2 09:09,Student,Male,7,8,8,7,8,8
2025/12/2 09:13,Student,Male,7,8,8,7,8,8
2025/12/2 09:20,Student,Male,7,8,8,7,8,8
2025/12/2 09:24,Non-Student,Female,7,8,9,6,9,7
2025/12/2 09:25,Student,Male,7,8,8,7,8,8
2025/12/2 09:33,Student,Male,7,8,8,7,8,8
2025/12/2 09:38,Student,Female,6,8,8,6,9,8
2025/12/2 09:43,Student,Male,7,8,8,7,8,8
2025/12/2 09:50,Student,Male,7,8,8,7,8,8
2025/12/2 09:51,Student,Male,7,8,8,7,8,8
2025/12/2 09:53,Student,Male,7,8,8,7,8,8
2025/12/2 10:04,Student,Male,7,8,8,7,8,8
2025/12/2 10:09,Student,Male,7,8,8,7,8,8
2025/12/2 10:18,Student,Male,7,8,8,7,8,8
2025/12/2 10:21,Student,Male,7,8,8,7,8,8
2025/12/2 10:28,Student,Female,6,8,8,6,9,8
2025/12/2 10:45,Student,Female,6,8,8,6,9,8
2025/12/2 10:47,Student,Male,7,8,8,7,8,8
2025/12/2 10:50,Non-Student,Female,7,8,9,6,9,7
2025/12/2 10:59,Student,Male,7,8,8,7,8,8
2025/12/2 11:12,Student,Female,6,8,8,6,9,8
2025/12/2 11:13,Student,Male,7,8,8,7,8,8
2025/12/2 11:17,Student,Male,7,8,8,7,8,8
2025/12/2 11:21,Student,Female,6,8,8,6,9,8
2025/12/2 11:24,Student,Female,6,8,8,6,9,8
2025/12/2 11:32,Student,Female,6,8,8,6,9,8
2025/12/2 11:41,Student,Male,7,8,8,7,8,8
2025/12/2 11:51,Student,Male,7,8,8,7,8,8
2025/12/2 11:52,Student,Female,6,8,8,6,9,8
2025/12/2 11:53,Student,Male,7,8,8,7,8,8
2025/12/2 11:56,Student,Male,7,8,8,7,8,8
2025/12/2 11:57,Student,Male,7,8,8,7,8,8
2025/12/2 12:00,Student,Female,6,8,8,6,9,8
2025/12/2 12:02,Student,Male,7,8,8,7,8,8
2025/12/2 12:03,Student,Male,7,8,8,7,8,8
2025/12/2 12:18,Student,Male,7,8,8,7,8,8
2025/12/2 12:20,Student,Male,7,8,8,7,8,8
2025/12/2 12:22,Student,Male,7,8,8,7,8,8
2025/12/2 12:24,Student,Male,7,8,8,7,8,8
2025/12/2 12:33,Student,Male,7,8,8,7,8,8
2025/12/2 12:36,Non-Student,Female,7,8,9,6,9,7
2025/12/2 12:39,Student,Male,7,8,8,7,8,8
2025/12/2 12:46,Student,Male,7,8,8,7,8,8
2025/12/2 12:47,Student,Female,6,8,8,6,9,8
2025/12/2 12:59,Student,Male,7,8,8,7,8,8
2025/12/2 13:15,Student,Male,7,8,8,7,8,8
2025/12/2 13:17,Student,Male,7,8,8,7,8,8
2025/12/2 13:18,Student,Male,7,8,8,7,8,8
2025/12/2 13:22,Student,Female,6,8,8,6,9,8
2025/12/2 13:28,Student,Male,7,8,8,7,8,8
2025/12/2 13:31,Student,Male,7,8,8,7,8,8
2025/12/2 13:31,Student,Female,6,8,8,6,9,8
2025/12/2 13:36,Student,Male,7,8,8,7,8,8
2025/12/2 13:36,Student,Male,7,8,8,7,8,8
2025/12/2 13:39,Student,Female,6,8,8,6,9,8
2025/12/2 13:51,Student,Male,7,8,8,7,8,8
2025/12/2 13:55,Student,Male,7,8,8,7,8,8
2025/12/2 13:56,Student,Female,6,8,8,6,9,8
2025/12/2 14:01,Student,Male,7,8,8,7,8,8
2025/12/2 14:25,Student,Male,7,8,8,7,8,8
2025/12/2 14:31,Student,Male,7,8,8,7,8,8
2025/12/2 14:39,Student,Male,7,8,8,7,8,8
2025/12/2 14:43,Student,Male,7,8,8,7,8,8
2025/12/2 14:56,Student,Male,7,8,8,7,8,8
2025/12/2 14:56,Student,Male,7,8,8,7,8,8
2025/12/2 15:02,Student,Female,6,8,8,6,9,8
2025/12/2 15:05,Student,Male,7,8,8,7,8,8
2025/12/2 15:21,Student,Male,7,8,8,7,8,8
2025/12/2 15:23,Student,Female,6,8,8,6,9,8
2025/12/2 15:25,Student,Male,7,8,8,7,8,8
2025/12/2 15:27,Student,Male,7,8,8,7,8,8
2025/12/2 15:29,Student,Female,6,8,8,6,9,8
2025/12/2 15:32,Student,Male,7,8,8,7,8,8
2025/12/2 15:38,Non-Student,Male,6,10,10,6,10,6
2025/12/2 15:44,Student,Male,7,8,8,7,8,8
2025/12/2 15:46,Student,Female,6,8,8,6,9,8
2025/12/2 15:47,Non-Student,Female,7,8,9,6,9,7
2025/12/2 15:47,Student,Male,7,8,8,7,8,8
2025/12/2 15:48,Student,Male,7,8,8,7,8,8
2025/12/2 15:53,Student,Male,7,8,8,7,8,8
2025/12/2 15:54,Student,Male,7,8,8,7,8,8
2025/12/2 15:54,Student,Female,6,8,8,6,9,8
2025/12/2 16:10,Student,Male,7,8,8,7,8,8
2025/12/2 16:26,Student,Female,6,8,8,6,9,8
2025/12/2 16:37,Student,Male,7,8,8,7,8,8
2025/12/2 16:38,Student,Male,7,8,8,7,8,8
2025/12/2 17:03,Student,Female,6,8,8,6,9,8
2025/12/2 17:04,Student,Male,7,8,8,7,8,8
2025/12/2 17:10,Student,Female,6,8,8,6,9,8
2025/12/2 17:14,Student,Male,7,8,8,7,8,8
2025/12/2 17:16,Student,Male,7,8,8,7,8,8
2025/12/2 17:20,Student,Male,7,8,8,7,8,8
2025/12/2 17:21,Student,Male,7,8,8,7,8,8
2025/12/2 17:21,Student,Male,7,8,8,7,8,8
2025/12/2 17:27,Student,Female,6,8,8,6,9,8
2025/12/2 17:30,Student,Male,7,8,8,7,8,8
2025/12/2 17:32,Student,Male,7,8,8,7,8,8
2025/12/2 17:37,Student,Male,7,8,8,7,8,8
2025/12/2 17:37,Student,Male,7,8,8,7,8,8
2025/12/2 17:57,Student,Female,6,8,8,6,9,8
2025/12/2 17:59,Student,Male,7,8,8,7,8,8
2025/12/2 18:00,Non-Student,Female,7,8,9,6,9,7
2025/12/2 18:05,Student,Male,7,8,8,7,8,8
2025/12/2 18:09,Student,Male,7,8,8,7,8,8
2025/12/2 18:14,Student,Male,7,8,8,7,8,8
2025/12/2 18:23,Student,Male,7,8,8,7,8,8
2025/12/2 18:25,Student,Female,6,8,8,6,9,8
2025/12/2 18:25,Student,Male,7,8,8,7,8,8
2025/12/2 18:33,Student,Male,7,8,8,7,8,8
2025/12/2 18:35,Student,Female,6,8,8,6,9,8
2025/12/2 18:39,Non-Student,Female,7,8,9,6,9,7
2025/12/2 18:43,Student,Male,7,8,8,7,8,8
2025/12/2 18:54,Student,Male,7,8,8,7,8,8
2025/12/2 18:55,Student,Male,7,8,8,7,8,8
2025/12/2 19:08,Student,Male,7,8,8,7,8,8
2025/12/2 19:09,Student,Male,7,8,8,7,8,8
2025/12/2 19:12,Student,Male,7,8,8,7,8,8
2025/12/2 19:20,Student,Male,7,8,8,7,8,8
2025/12/2 19:21,Student,Female,6,8,8,6,9,8
2025/12/2 19:23,Student,Male,7,8,8,7,8,8
2025/12/2 19:24,Student,Male,7,8,8,7,8,8
2025/12/2 19:25,Student,Male,7,8,8,7,8,8
2025/12/2 19:26,Student,Male,7,8,8,7,8,8
2025/12/2 19:30,Student,Male,7,8,8,7,8,8
2025/12/2 19:47,Student,Male,7,8,8,7,8,8
2025/12/2 19:51,Student,Male,7,8,8,7,8,8
2025/12/2 20:04,Student,Female,6,8,8,6,9,8
2025/12/2 20:08,Student,Male,7,8,8,7,8,8
2025/12/2 20:15,Student,Male,7,8,8,7,8,8
2025/12/2 20:24,Student,Male,7,8,8,7,8,8
2025/12/2 20:38,Student,Female,6,8,8,6,9,8
2025/12/2 20:39,Student,Female,6,8,8,6,9,8
2025/12/2 20:46,Student,Male,7,8,8,7,8,8
2025/12/2 20:52,Student,Male,7,8,8,7,8,8
2025/12/2 20:57,Student,Male,7,8,8,7,8,8
2025/12/2 21:01,Student,Female,6,8,8,6,9,8
2025/12/2 21:03,Student,Female,6,8,8,6,9,8
2025/12/2 21:09,Student,Male,7,8,8,7,8,8
2025/12/2 21:14,Student,Male,7,8,8,7,8,8
2025/12/2 21:33,Student,Other,4,6,6,8,8,4
2025/12/2 21:41,Student,Female,6,8,8,6,9,8
2025/12/2 21:46,Student,Male,7,8,8,7,8,8
2025/12/2 21:47,Student,Male,7,8,8,7,8,8
2025/12/2 22:00,Student,Male,7,8,8,7,8,8
2025/12/2 22:09,Student,Male,7,8,8,7,8,8
2025/12/2 22:12,Student,Male,7,8,8,7,8,8
2025/12/2 22:15,Student,Male,7,8,8,7,8,8
2025/12/2 22:17,Student,Male,7,8,8,7,8,8
2025/12/2 22:33,Student,Male,7,8,8,7,8,8
2025/12/2 22:39,Student,Male,7,8,8,7,8,8
2025/12/2 22:40,Student,Female,6,8,8,6,9,8
2025/12/2 22:41,Student,Male,7,8,8,7,8,8
2025/12/2 22:42,Student,Male,7,8,8,7,8,8
2025/12/2 22:46,Student,Male,7,8,8,7,8,8
2025/12/2 22:48,Student,Female,6,8,8,6,9,8
2025/12/2 22:53,Student,Male,7,8,8,7,8,8
2025/12/2 23:01,Student,Male,7,8,8,7,8,8
2025/12/2 23:05,Student,Female,6,8,8,6,9,8
2025/12/2 23:09,Student,Male,7,8,8,7,8,8
2025/12/2 23:16,Student,Female,6,8,8,6,9,8
2025/12/2 23:23,Student,Female,6,8,8,6,9,8
2025/12/2 23:24,Student,Female,6,8,8,6,9,8
2025/12/2 23:24,Non-Student,Female,7,8,9,6,9,7
2025/12/2 23:29,Student,Male,7,8,8,7,8,8
2025/12/2 23:37,Student,Male,7,8,8,7,8,8
2025/12/2 23:38,Student,Male,7,8,8,7,8,8
2025/12/2 23:44,Student,Female,6,8,8,6,9,8
2025/12/2 23:44,Student,Female,6,8,8,6,9,8
2025/12/2 23:52,Student,Male,7,8,8,7,8,8
2025/12/2 23:56,Student,Male,7,8,8,7,8,8
2025/12/3 00:01,Student,Female,6,8,8,6,9,8
2025/12/3 00:03,Student,Male,7,8,8,7,8,8
2025/12/3 00:11,Student,Male,7,8,8,7,8,8
2025/12/3 00:22,Student,Male,7,8,8,7,8,8
2025/12/3 00:32,Student,Female,6,8,8,6,9,8
2025/12/3 00:49,Non-Student,Female,7,8,9,6,9,7
2025/12/3 00:54,Student,Male,7,8,8,7,8,8
2025/12/3 01:01,Student,Male,7,8,8,7,8,8
2025/12/3 01:03,Student,Male,7,8,8,7,8,8
2025/12/3 01:03,Student,Male,7,8,8,7,8,8
2025/12/3 01:10,Student,Male,7,8,8,7,8,8
2025/12/3 01:26,Student,Male,7,8,8,7,8,8
2025/12/3 01:26,Student,Male,7,8,8,7,8,8
2025/12/3 01:27,Student,Male,7,8,8,7,8,8
2025/12/3 01:39,Student,Female,6,8,8,6,9,8
2025/12/3 01:50,Student,Female,6,8,8,6,9,8
2025/12/3 01:58,Student,Male,7,8,8,7,8,8
2025/12/3 01:59,Student,Male,7,8,8,7,8,8
2025/12/3 02:14,Student,Male,7,8,8,7,8,8
2025/12/3 02:17,Student,Male,7,8,8,7,8,8
2025/12/3 02:17,Student,Male,7,8,8,7,8,8
2025/12/3 02:25,Student,Male,7,8,8,7,8,8
2025/12/3 02:39,Student,Female,6,8,8,6,9,8
2025/12/3 02:45,Student,Male,7,8,8,7,8,8
2025/12/3 02:54,Student,Male,7,8,8,7,8,8
2025/12/3 02:55,Student,Female,6,8,8,6,9,8
2025/12/3 03:34,Student,Male,7,8,8,7,8,8
2025/12/3 03:43,Student,Male,7,8,8,7,8,8
2025/12/3 04:04,Student,Male,7,8,8,7,8,8
2025/12/3 04:04,Student,Female,6,8,8,6,9,8
2025/12/3 04:09,Student,Male,7,8,8,7,8,8
2025/12/3 04:23,Student,Male,7,8,8,7,8,8
2025/12/3 04:31,Student,Male,7,8,8,7,8,8
2025/12/3 04:35,Student,Female,6,8,8,6,9,8
2025/12/3 04:36,Student,Male,7,8,8,7,8,8
2025/12/3 04:37,Student,Male,7,8,8,7,8,8
2025/12/3 04:40,Non-Student,Female,7,8,9,6,9,7
2025/12/3 04:50,Student,Male,7,8,8,7,8,8
2025/12/3 05:03,Student,Male,7,8,8,7,8,8
2025/12/3 05:04,Student,Male,7,8,8,7,8,8
2025/12/3 05:14,Student,Male,7,8,8,7,8,8
2025/12/3 05:15,Student,Male,7,8,8,7,8,8
2025/12/3 05:17,Student,Female,6,8,8,6,9,8
2025/12/3 05:20,Student,Male,7,8,8,7,8,8
2025/12/3 05:22,Student,Male,7,8,8,7,8,8
2025/12/3 05:25,Student,Male,7,8,8,7,8,8
2025/12/3 05:31,Non-Student,Female,7,8,9,6,9,7
2025/12/3 05:33,Student,Male,7,8,8,7,8,8
2025/12/3 05:37,Student,Other,4,6,6,8,8,4
2025/12/3 05:43,Student,Male,7,8,8,7,8,8
2025/12/3 05:45,Student,Female,6,8,8,6,9,8
2025/12/3 05:46,Student,Male,7,8,8,7,8,8
2025/12/3 05:52,Student,Male,7,8,8,7,8,8
2025/12/3 05:56,Student,Female,6,8,8,6,9,8
2025/12/3 06:08,Student,Male,7,8,8,7,8,8
2025/12/3 06:13,Student,Male,7,8,8,7,8,8
2025/12/3 06:21,Student,Male,7,8,8,7,8,8
2025/12/3 06:26,Student,Male,7,8,8,7,8,8
2025/12/3 06:31,Student,Male,7,8,8,7,8,8
2025/12/3 06:33,Student,Male,7,8,8,7,8,8
2025/12/3 06:33,Student,Female,6,8,8,6,9,8
2025/12/3 06:38,Student,Male,7,8,8,7,8,8
2025/12/3 06:45,Student,Female,6,8,8,6,9,8
2025/12/3 06:51,Student,Male,7,8,8,7,8,8
2025/12/3 06:59,Student,Male,7,8,8,7,8,8
2025/12/3 07:00,Student,Male,7,8,8,7,8,8
2025/12/3 07:11,Student,Male,7,8,8,7,8,8
2025/12/3 07:12,Student,Male,7,8,8,7,8,8
2025/12/3 07:21,Student,Female,6,8,8,6,9,8
2025/12/3 07:22,Student,Male,7,8,8,7,8,8
2025/12/3 07:28,Student,Male,7,8,8,7,8,8
2025/12/3 07:28,Student,Male,7,8,8,7,8,8
2025/12/3 07:32,Student,Other,4,6,6,8,8,4
2025/12/3 07:40,Student,Female,6,8,8,6,9,8
2025/12/3 07:45,Student,Male,7,8,8,7,8,8
2025/12/3 07:57,Student,Male,7,8,8,7,8,8
2025/12/3 07:57,Student,Male,7,8,8,7,8,8
2025/12/3 08:07,Student,Male,7,8,8,7,8,8
2025/12/3 08:07,Student,Male,7,8,8,7,8,8
2025/12/3 08:07,Student,Male,7,8,8,7,8,8
2025/12/3 08:12,Student,Male,7,8,8,7,8,8
2025/12/3 08:17,Student,Male,7,8,8,7,8,8
2025/12/3 08:17,Student,Male,7,8,8,7,8,8
2025/12/3 08:21,Student,Female,6,8,8,6,9,8
2025/12/3 08:27,Student,Male,7,8,8,7,8,8
2025/12/3 08:34,Student,Male,7,8,8,7,8,8
2025/12/3 08:44,Student,Male,7,8,8,7,8,8
2025/12/3 08:45,Student,Male,7,8,8,7,8,8
2025/12/3 08:47,Student,Male,7,8,8,7,8,8
2025/12/3 08:47,Student,Male,7,8,8,7,8,8
2025/12/3 08:54,Student,Male,7,8,8,7,8,8
2025/12/3 08:58,Student,Female,6,8,8,6,9,8
2025/12/3 09:04,Student,Male,7,8,8,7,8,8
2025/12/3 09:07,Student,Male,7,8,8,7,8,8
2025/12/3 09:22,Student,Male,7,8,8,7,8,8
2025/12/3 09:26,Student,Other,4,6,6,8,8,4
2025/12/3 09:30,Non-Student,Female,7,8,9,6,9,7
2025/12/3 09:31,Student,Male,7,8,8,7,8,8
2025/12/3 09:41,Student,Female,6,8,8,6,9,8
2025/12/3 09:47,Student,Male,7,8,8,7,8,8
2025/12/3 09:47,Student,Male,7,8,8,7,8,8
2025/12/3 09:49,Student,Female,6,8,8,6,9,8
2025/12/3 09:51,Student,Female,6,8,8,6,9,8
2025/12/3 09:58,Student,Male,7,8,8,7,8,8
2025/12/3 10:02,Student,Male,7,8,8,7,8,8
2025/12/3 10:05,Student,Male,7,8,8,7,8,8
2025/12/3 10:09,Student,Male,7,8,8,7,8,8
2025/12/3 10:16,Student,Male,7,8,8,7,8,8
2025/12/3 10:17,Student,Female,6,8,8,6,9,8
2025/12/3 10:18,Student,Male,7,8,8,7,8,8
2025/12/3 10:21,Student,Female,6,8,8,6,9,8
2025/12/3 10:34,Non-Student,Female,7,8,9,6,9,7
2025/12/3 10:46,Student,Male,7,8,8,7,8,8
2025/12/3 10:47,Non-Student,Female,7,8,9,6,9,7
2025/12/3 10:48,Non-Student,Female,7,8,9,6,9,7
2025/12/3 10:55,Student,Female,6,8,8,6,9,8
2025/12/3 10:56,Student,Male,7,8,8,7,8,8
2025/12/3 10:58,Student,Male,7,8,8,7,8,8
2025/12/3 10:58,Student,Male,7,8,8,7,8,8
2025/12/3 11:06,Student,Male,7,8,8,7,8,8
2025/12/3 11:12,Student,Male,7,8,8,7,8,8
2025/12/3 11:19,Student,Female,6,8,8,6,9,8
2025/12/3 11:22,Student,Male,7,8,8,7,8,8
2025/12/3 11:38,Student,Male,7,8,8,7,8,8
2025/12/3 11:41,Student,Male,7,8,8,7,8,8
2025/12/3 11:47,Student,Male,7,8,8,7,8,8
2025/12/3 11:53,Student,Female,6,8,8,6,9,8
2025/12/3 11:53,Student,Male,7,8,8,7,8,8
2025/12/3 11:54,Student,Male,7,8,8,7,8,8
2025/12/3 11:57,Student,Male,7,8,8,7,8,8
2025/12/3 12:13,Student,Male,7,8,8,7,8,8
2025/12/3 12:17,Student,Male,7,8,8,7,8,8
2025/12/3 12:26,Student,Male,7,8,8,7,8,8
2025/12/3 12:29,Student,Male,7,8,8,7,8,8
2025/12/3 12:49,Student,Male,7,8,8,7,8,8
2025/12/3 12:52,Student,Male,7,8,8,7,8,8
2025/12/3 13:05,Student,Male,7,8,8,7,8,8
2025/12/3 13:09,Student,Female,6,8,8,6,9,8
2025/12/3 13:24,Student,Male,7,8,8,7,8,8
2025/12/3 13:28,Non-Student,Female,7,8,9,6,9,7
2025/12/3 13:28,Student,Female,6,8,8,6,9,8
2025/12/3 13:30,Student,Male,7,8,8,7,8,8
2025/12/3 13:40,Student,Male,7,8,8,7,8,8
2025/12/3 13:45,Student,Male,7,8,8,7,8,8
2025/12/3 13:57,Student,Male,7,8,8,7,8,8
2025/12/3 14:02,Student,Female,6,8,8,6,9,8
2025/12/3 14:16,Student,Male,7,8,8,7,8,8
2025/12/3 14:17,Student,Male,7,8,8,7,8,8
2025/12/3 14:26,Student,Female,6,8,8,6,9,8
2025/12/3 14:28,Student,Male,7,8,8,7,8,8
2025/12/3 14:56,Student,Male,7,8,8,7,8,8
2025/12/3 15:00,Student,Male,7,8,8,7,8,8
2025/12/3 15:04,Student,Male,7,8,8,7,8,8
2025/12/3 15:09,Student,Male,7,8,8,7,8,8
2025/12/3 15:13,Student,Female,6,8,8,6,9,8
2025/12/3 15:22,Student,Male,7,8,8,7,8,8
2025/12/3 15:22,Student,Male,7,8,8,7,8,8
2025/12/3 15:32,Student,Male,7,8,8,7,8,8
2025/12/3 15:40,Student,Male,7,8,8,7,8,8
2025/12/3 15:41,Student,Male,7,8,8,7,8,8
2025/12/3 15:56,Student,Male,7,8,8,7,8,8
2025/12/3 16:04,Student,Male,7,8,8,7,8,8
2025/12/3 16:05,Student,Other,4,6,6,8,8,4
2025/12/3 16:07,Student,Male,7,8,8,7,8,8
2025/12/3 16:11,Student,Male,7,8,8,7,8,8
2025/12/3 16:16,Student,Male,7,8,8,7,8,8
2025/12/3 16:20,Student,Male,7,8,8,7,8,8
2025/12/3 16:23,Student,Male,7,8,8,7,8,8
2025/12/3 16:24,Student,Male,7,8,8,7,8,8
2025/12/3 16:29,Student,Male,7,8,8,7,8,8
2025/12/3 16:32,Student,Male,7,8,8,7,8,8
2025/12/3 16:38,Student,Male,7,8,8,7,8,8
2025/12/3 16:42,Student,Male,7,8,8,7,8,8
2025/12/3 16:43,Student,Female,6,8,8,6,9,8
2025/12/3 16:53,Student,Male,7,8,8,7,8,8
2025/12/3 16:58,Student,Female,6,8,8,6,9,8
2025/12/3 17:01,Student,Male,7,8,8,7,8,8
2025/12/3 17:15,Student,Male,7,8,8,7,8,8
2025/12/3 17:19,Student,Male,7,8,8,7,8,8
2025/12/3 17:29,Student,Female,6,8,8,6,9,8
2025/12/3 17:31,Student,Male,7,8,8,7,8,8
2025/12/3 17:35,Student,Male,7,8,8,7,8,8
2025/12/3 17:39,Student,Female,6,8,8,6,9,8
2025/12/3 17:48,Student,Male,7,8,8,7,8,8
2025/12/3 17:51,Student,Male,7,8,8,7,8,8
2025/12/3 18:02,Student,Female,6,8,8,6,9,8
2025/12/3 18:07,Student,Female,6,8,8,6,9,8
2025/12/3 18:15,Student,Male,7,8,8,7,8,8
2025/12/3 18:17,Student,Male,7,8,8,7,8,8
2025/12/3 18:18,Non-Student,Female,7,8,9,6,9,7
2025/12/3 18:22,Student,Male,7,8,8,7,8,8
2025/12/3 18:23,Student,Male,7,8,8,7,8,8
2025/12/3 18:29,Student,Female,6,8,8,6,9,8
2025/12/3 18:44,Student,Male,7,8,8,7,8,8
2025/12/3 19:05,Student,Female,6,8,8,6,9,8
2025/12/3 19:06,Student,Male,7,8,8,7,8,8
2025/12/3 19:06,Student,Male,7,8,8,7,8,8
2025/12/3 19:14,Student,Male,7,8,8,7,8,8
2025/12/3 19:24,Student,Female,6,8,8,6,9,8
2025/12/3 19:28,Student,Female,6,8,8,6,9,8
2025/12/3 19:48,Student,Male,7,8,8,7,8,8
2025/12/3 19:51,Student,Female,6,8,8,6,9,8
2025/12/3 19:56,Student,Male,7,8,8,7,8,8
2025/12/3 20:07,Student,Male,7,8,8,7,8,8
2025/12/3 20:44,Student,Female,6,8,8,6,9,8
2025/12/3 20:46,Student,Female,6,8,8,6,9,8
2025/12/3 20:46,Non-Student,Female,7,8,9,6,9,7
2025/12/3 20:49,Student,Male,7,8,8,7,8,8
2025/12/3 20:49,Student,Female,6,8,8,6,9,8
2025/12/3 21:16,Student,Male,7,8,8,7,8,8
2025/12/3 21:17,Student,Male,7,8,8,7,8,8
2025/12/3 21:18,Student,Male,7,8,8,7,8,8
2025/12/3 21:21,Student,Female,6,8,8,6,9,8
2025/12/3 21:49,Student,Male,7,8,8,7,8,8
2025/12/3 22:23,Student,Male,7,8,8,7,8,8
2025/12/3 22:27,Student,Male,7,8,8,7,8,8
2025/12/3 22:34,Student,Male,7,8,8,7,8,8
2025/12/3 22:42,Student,Male,7,8,8,7,8,8
2025/12/3 22:45,Student,Male,7,8,8,7,8,8
2025/12/3 22:46,Student,Male,7,8,8,7,8,8
2025/12/3 23:03,Student,Female,6,8,8,6,9,8
2025/12/3 23:03,Student,Male,7,8,8,7,8,8
2025/12/3 23:06,Student,Male,7,8,8,7,8,8
2025/12/3 23:21,Student,Male,7,8,8,7,8,8
2025/12/3 23:21,Student,Male,7,8,8,7,8,8
2025/12/3 23:24,Student,Male,7,8,8,7,8,8
2025/12/3 23:26,Student,Female,6,8,8,6,9,8
2025/12/3 23:38,Student,Male,7,8,8,7,8,8
2025/12/3 23:38,Student,Female,6,8,8,6,9,8
2025/12/3 23:39,Student,Male,7,8,8,7,8,8
2025/12/3 23:42,Student,Male,7,8,8,7,8,8
2025/12/4 00:00,Student,Male,7,8,8,7,8,8
2025/12/4 00:02,Non-Student,Male,6,10,10,6,10,6
2025/12/4 00:09,Student,Male,7,8,8,7,8,8
2025/12/4 00:24,Student,Male,7,8,8,7,8,8
2025/12/4 00:35,Student,Male,7,8,8,7,8,8
2025/12/4 00:36,Student,Male,7,8,8,7,8,8
2025/12/4 00:37,Student,Male,7,8,8,7,8,8
2025/12/4 00:39,Student,Female,6,8,8,6,9,8
2025/12/4 00:41,Student,Female,6,8,8,6,9,8
2025/12/4 00:41,Student,Female,6,8,8,6,9,8
2025/12/4 00:44,Student,Male,7,8,8,7,8,8
2025/12/4 00:51,Student,Female,6,8,8,6,9,8
2025/12/4 00:53,Student,Female,6,8,8,6,9,8
2025/12/4 00:56,Student,Male,7,8,8,7,8,8
2025/12/4 00:59,Student,Male,7,8,8,7,8,8
2025/12/4 01:05,Student,Male,7,8,8,7,8,8
2025/12/4 01:06,Student,Male,7,8,8,7,8,8
2025/12/4 01:08,Student,Male,7,8,8,7,8,8
2025/12/4 01:22,Student,Male,7,8,8,7,8,8
2025/12/4 01:27,Student,Female,6,8,8,6,9,8
2025/12/4 01:28,Non-Student,Female,7,8,9,6,9,7
2025/12/4 01:31,Non-Student,Male,6,10,10,6,10,6
2025/12/4 01:37,Student,Male,7,8,8,7,8,8
2025/12/4 01:38,Student,Female,6,8,8,6,9,8
2025/12/4 01:39,Student,Male,7,8,8,7,8,8
2025/12/4 01:41,Student,Male,7,8,8,7,8,8
2025/12/4 02:00,Student,Male,7,8,8,7,8,8
2025/12/4 02:07,Student,Male,7,8,8,7,8,8
2025/12/4 02:09,Student,Male,7,8,8,7,8,8
2025/12/4 02:13,Student,Male,7,8,8,7,8,8
2025/12/4 02:13,Non-Student,Female,7,8,9,6,9,7
2025/12/4 02:13,Student,Male,7,8,8,7,8,8
2025/12/4 02:15,Student,Male,7,8,8,7,8,8
2025/12/4 02:29,Student,Female,6,8,8,6,9,8
2025/12/4 02:43,Student,Male,7,8,8,7,8,8
2025/12/4 02:50,Student,Male,7,8,8,7,8,8
2025/12/4 03:01,Student,Female,6,8,8,6,9,8
2025/12/4 03:04,Student,Male,7,8,8,7,8,8
2025/12/4 03:10,Student,Male,7,8,8,7,8,8
2025/12/4 03:13,Student,Female,6,8,8,6,9,8
2025/12/4 03:29,Student,Male,7,8,8,7,8,8
2025/12/4 03:31,Student,Male,7,8,8,7,8,8
2025/12/4 03:33,Student,Male,7,8,8,7,8,8
2025/12/4 03:36,Student,Male,7,8,8,7,8,8
2025/12/4 03:39,Student,Female,6,8,8,6,9,8
2025/12/4 03:48,Student,Male,7,8,8,7,8,8
2025/12/4 03:48,Student,Male,7,8,8,7,8,8
2025/12/4 04:06,Student,Male,7,8,8,7,8,8
2025/12/4 04:07,Student,Male,7,8,8,7,8,8
2025/12/4 04:12,Student,Male,7,8,8,7,8,8
2025/12/4 04:17,Student,Male,7,8,8,7,8,8
2025/12/4 04:24,Student,Male,7,8,8,7,8,8
2025/12/4 04:24,Student,Male,7,8,8,7,8,8
2025/12/4 04:27,Student,Male,7,8,8,7,8,8
2025/12/4 04:31,Student,Male,7,8,8,7,8,8
2025/12/4 04:32,Student,Male,7,8,8,7,8,8
2025/12/4 04:33,Student,Male,7,8,8,7,8,8
2025/12/4 04:35,Student,Male,7,8,8,7,8,8
2025/12/4 04:45,Student,Female,6,8,8,6,9,8
2025/12/4 04:54,Student,Female,6,8,8,6,9,8
2025/12/4 05:02,Student,Male,7,8,8,7,8,8
2025/12/4 05:05,Student,Male,7,8,8,7,8,8
2025/12/4 05:07,Student,Female,6,8,8,6,9,8
2025/12/4 05:10,Student,Male,7,8,8,7,8,8
2025/12/4 05:30,Student,Female,6,8,8,6,9,8
2025/12/4 05:50,Student,Female,6,8,8,6,9,8
2025/12/4 05:51,Student,Female,6,8,8,6,9,8
2025/12/4 05:52,Student,Male,7,8,8,7,8,8
2025/12/4 06:04,Student,Male,7,8,8,7,8,8
2025/12/4 06:06,Student,Male,7,8,8,7,8,8
2025/12/4 06:07,Student,Male,7,8,8,7,8,8
2025/12/4 06:13,Student,Male,7,8,8,7,8,8
2025/12/4 06:28,Student,Female,6,8,8,6,9,8
2025/12/4 06:28,Student,Male,7,8,8,7,8,8
2025/12/4 06:29,Student,Male,7,8,8,7,8,8
2025/12/4 06:30,Student,Male,7,8,8,7,8,8
2025/12/4 06:38,Student,Male,7,8,8,7,8,8
2025/12/4 06:44,Student,Male,7,8,8,7,8,8
2025/12/4 06:49,Student,Female,6,8,8,6,9,8
2025/12/4 06:51,Student,Female,6,8,8,6,9,8
2025/12/4 06:55,Student,Male,7,8,8,7,8,8
2025/12/4 07:00,Student,Male,7,8,8,7,8,8
2025/12/4 07:15,Student,Female,6,8,8,6,9,8
2025/12/4 07:17,Student,Female,6,8,8,6,9,8
2025/12/4 07:18,Student,Female,6,8,8,6,9,8
2025/12/4 07:21,Student,Male,7,8,8,7,8,8
2025/12/4 07:32,Student,Male,7,8,8,7,8,8
2025/12/4 07:37,Student,Other,4,6,6,8,8,4
2025/12/4 07:40,Student,Female,6,8,8,6,9,8
2025/12/4 07:46,Student,Female,6,8,8,6,9,8
2025/12/4 07:50,Student,Male,7,8,8,7,8,8
2025/12/4 07:54,Student,Male,7,8,8,7,8,8
2025/12/4 08:05,Non-Student,Male,6,10,10,6,10,6
2025/12/4 08:13,Student,Male,7,8,8,7,8,8
2025/12/4 08:14,Student,Female,6,8,8,6,9,8
2025/12/4 08:18,Student,Male,7,8,8,7,8,8
2025/12/4 08:20,Student,Male,7,8,8,7,8,8
2025/12/4 08:24,Student,Male,7,8,8,7,8,8
2025/12/4 08:25,Student,Female,6,8,8,6,9,8
2025/12/4 08:26,Student,Male,7,8,8,7,8,8
2025/12/4 08:40,Student,Male,7,8,8,7,8,8
2025/12/4 08:52,Student,Male,7,8,8,7,8,8
2025/12/4 08:56,Student,Female,6,8,8,6,9,8
2025/12/4 09:00,Student,Male,7,8,8,7,8,8
2025/12/4 09:18,Student,Female,6,8,8,6,9,8
2025/12/4 09:23,Student,Female,6,8,8,6,9,8
2025/12/4 09:34,Student,Female,6,8,8,6,9,8
2025/12/4 10:02,Student,Male,7,8,8,7,8,8
2025/12/4 10:02,Student,Male,7,8,8,7,8,8
2025/12/4 10:04,Student,Male,7,8,8,7,8,8
2025/12/4 10:13,Student,Female,6,8,8,6,9,8
2025/12/4 10:16,Student,Male,7,8,8,7,8,8
2025/12/4 10:27,Student,Female,6,8,8,6,9,8
2025/12/4 10:31,Student,Male,7,8,8,7,8,8
2025/12/4 10:31,Student,Male,7,8,8,7,8,8
2025/12/4 10:31,Student,Male,7,8,8,7,8,8
2025/12/4 10:42,Student,Male,7,8,8,7,8,8
2025/12/4 10:43,Student,Male,7,8,8,7,8,8
2025/12/4 10:46,Student,Male,7,8,8,7,8,8
2025/12/4 10:55,Student,Female,6,8,8,6,9,8
2025/12/4 10:57,Student,Male,7,8,8,7,8,8
2025/12/4 11:10,Student,Male,7,8,8,7,8,8
2025/12/4 11:12,Student,Male,7,8,8,7,8,8
2025/12/4 11:13,Student,Male,7,8,8,7,8,8
2025/12/4 11:13,Student,Male,7,8,8,7,8,8
2025/12/4 11:13,Student,Male,7,8,8,7,8,8
2025/12/4 11:15,Student,Female,6,8,8,6,9,8
2025/12/4 11:18,Student,Male,7,8,8,7,8,8
2025/12/4 11:18,Student,Male,7,8,8,7,8,8
2025/12/4 11:19,Student,Male,7,8,8,7,8,8
2025/12/4 11:19,Student,Male,7,8,8,7,8,8
2025/12/4 11:21,Student,Male,7,8,8,7,8,8
2025/12/4 11:27,Student,Male,7,8,8,7,8,8
2025/12/4 11:30,Student,Male,7,8,8,7,8,8
2025/12/4 11:41,Student,Male,7,8,8,7,8,8
2025/12/4 11:41,Student,Male,7,8,8,7,8,8
2025/12/4 11:53,Student,Male,7,8,8,7,8,8
2025/12/4 12:07,Student,Female,6,8,8,6,9,8
2025/12/4 12:08,Student,Male,7,8,8,7,8,8
2025/12/4 12:23,Student,Male,7,8,8,7,8,8
2025/12/4 12:41,Student,Other,4,6,6,8,8,4
2025/12/4 12:42,Student,Female,6,8,8,6,9,8
2025/12/4 12:43,Student,Female,6,8,8,6,9,8
2025/12/4 12:47,Student,Male,7,8,8,7,8,8
2025/12/4 12:53,Student,Male,7,8,8,7,8,8
2025/12/4 12:58,Student,Male,7,8,8,7,8,8
2025/12/4 13:01,Student,Female,6,8,8,6,9,8
2025/12/4 13:05,Student,Male,7,8,8,7,8,8
2025/12/4 13:15,Student,Female,6,8,8,6,9,8
2025/12/4 13:17,Student,Male,7,8,8,7,8,8
2025/12/4 13:21,Student,Male,7,8,8,7,8,8
2025/12/4 13:29,Student,Male,7,8,8,7,8,8
2025/12/4 13:34,Student,Male,7,8,8,7,8,8
2025/12/4 13:36,Student,Male,7,8,8,7,8,8
2025/12/4 13:45,Student,Male,7,8,8,7,8,8
2025/12/4 13:45,Student,Male,7,8,8,7,8,8
2025/12/4 13:51,Student,Male,7,8,8,7,8,8
2025/12/4 13:57,Student,Male,7,8,8,7,8,8
2025/12/4 14:08,Student,Male,7,8,8,7,8,8
2025/12/4 14:10,Student,Male,7,8,8,7,8,8
2025/12/4 14:13,Non-Student,Male,6,10,10,6,10,6
2025/12/4 14:18,Student,Male,7,8,8,7,8,8
2025/12/4 14:21,Non-Student,Female,7,8,9,6,9,7
2025/12/4 14:29,Student,Male,7,8,8,7,8,8
2025/12/4 14:32,Student,Female,6,8,8,6,9,8
2025/12/4 14:42,Student,Male,7,8,8,7,8,8
2025/12/4 15:04,Student,Female,6,8,8,6,9,8
2025/12/4 15:23,Student,Male,7,8,8,7,8,8
2025/12/4 15:24,Student,Male,7,8,8,7,8,8
2025/12/4 15:29,Student,Female,6,8,8,6,9,8
2025/12/4 15:30,Student,Male,7,8,8,7,8,8
2025/12/4 15:34,Student,Male,7,8,8,7,8,8
2025/12/4 15:45,Student,Male,7,8,8,7,8,8
2025/12/4 15:47,Student,Male,7,8,8,7,8,8
2025/12/4 15:53,Student,Male,7,8,8,7,8,8
2025/12/4 15:56,Student,Male,7,8,8,7,8,8
2025/12/4 15:59,Student,Male,7,8,8,7,8,8
2025/12/4 16:13,Student,Male,7,8,8,7,8,8
2025/12/4 16:36,Student,Female,6,8,8,6,9,8
2025/12/4 16:39,Student,Female,6,8,8,6,9,8
2025/12/4 16:39,Student,Male,7,8,8,7,8,8
2025/12/4 16:54,Student,Female,6,8,8,6,9,8
2025/12/4 16:56,Student,Female,6,8,8,6,9,8
2025/12/4 17:02,Student,Male,7,8,8,7,8,8
2025/12/4 17:03,Non-Student,Female,7,8,9,6,9,7
2025/12/4 17:03,Student,Male,7,8,8,7,8,8
2025/12/4 17:16,Student,Female,6,8,8,6,9,8
2025/12/4 17:17,Student,Male,7,8,8,7,8,8
2025/12/4 17:20,Student,Female,6,8,8,6,9,8
2025/12/4 17:29,Student,Male,7,8,8,7,8,8
2025/12/4 17:42,Student,Female,6,8,8,6,9,8
2025/12/4 17:46,Student,Male,7,8,8,7,8,8
2025/12/4 17:54,Student,Male,7,8,8,7,8,8
2025/12/4 17:55,Student,Male,7,8,8,7,8,8
2025/12/4 17:56,Student,Male,7,8,8,7,8,8
2025/12/4 18:01,Student,Female,6,8,8,6,9,8
2025/12/4 18:08,Student,Male,7,8,8,7,8,8
2025/12/4 18:10,Student,Female,6,8,8,6,9,8
2025/12/4 18:12,Student,Female,6,8,8,6,9,8
2025/12/4 18:18,Student,Male,7,8,8,7,8,8
2025/12/4 18:19,Student,Male,7,8,8,7,8,8
2025/12/4 18:29,Student,Female,6,8,8,6,9,8
2025/12/4 18:30,Student,Female,6,8,8,6,9,8
2025/12/4 18:37,Student,Female,6,8,8,6,9,8
2025/12/4 18:38,Student,Female,6,8,8,6,9,8
2025/12/4 18:49,Student,Female,6,8,8,6,9,8
2025/12/4 18:50,Student,Female,6,8,8,6,9,8
2025/12/4 18:51,Student,Male,7,8,8,7,8,8
2025/12/4 18:55,Student,Male,7,8,8,7,8,8
2025/12/4 19:03,Student,Male,7,8,8,7,8,8
2025/12/4 19:05,Student,Male,7,8,8,7,8,8
2025/12/4 19:05,Student,Male,7,8,8,7,8,8
2025/12/4 19:07,Student,Male,7,8,8,7,8,8
2025/12/4 19:12,Student,Female,6,8,8,6,9,8
2025/12/4 19:13,Student,Male,7,8,8,7,8,8
2025/12/4 19:16,Student,Male,7,8,8,7,8,8
2025/12/4 19:22,Student,Female,6,8,8,6,9,8
2025/12/4 19:45,Student,Male,7,8,8,7,8,8
2025/12/4 19:49,Student,Female,6,8,8,6,9,8
2025/12/4 19:50,Student,Male,7,8,8,7,8,8
2025/12/4 20:08,Student,Male,7,8,8,7,8,8
2025/12/4 20:23,Student,Male,7,8,8,7,8,8
2025/12/4 20:24,Student,Male,7,8,8,7,8,8
2025/12/4 20:32,Student,Male,7,8,8,7,8,8
2025/12/4 20:33,Student,Male,7,8,8,7,8,8
2025/12/4 20:34,Student,Male,7,8,8,7,8,8
2025/12/4 20:38,Student,Male,7,8,8,7,8,8
2025/12/4 20:40,Student,Female,6,8,8,6,9,8
2025/12/4 20:43,Student,Male,7,8,8,7,8,8
2025/12/4 20:46,Student,Male,7,8,8,7,8,8
2025/12/4 21:05,Student,Male,7,8,8,7,8,8
2025/12/4 21:19,Student,Female,6,8,8,6,9,8
2025/12/4 21:25,Student,Male,7,8,8,7,8,8
2025/12/4 21:27,Student,Male,7,8,8,7,8,8
2025/12/4 21:36,Student,Male,7,8,8,7,8,8
2025/12/4 21:36,Student,Male,7,8,8,7,8,8
2025/12/4 22:00,Student,Male,7,8,8,7,8,8
2025/12/4 22:00,Non-Student,Female,7,8,9,6,9,7
2025/12/4 22:00,Student,Female,6,8,8,6,9,8
2025/12/4 22:17,Student,Female,6,8,8,6,9,8
2025/12/4 22:21,Non-Student,Female,7,8,9,6,9,7
2025/12/4 22:37,Student,Female,6,8,8,6,9,8
2025/12/4 22:58,Student,Female,6,8,8,6,9,8
2025/12/4 23:12,Student,Female,6,8,8,6,9,8
2025/12/4 23:16,Student,Male,7,8,8,7,8,8
2025/12/4 23:28,Student,Male,7,8,8,7,8,8
2025/12/4 23:43,Student,Female,6,8,8,6,9,8
2025/12/4 23:46,Student,Female,6,8,8,6,9,8
2025/12/4 23:50,Student,Female,6,8,8,6,9,8
2025/12/4 23:55,Student,Male,7,8,8,7,8,8
2025/12/5 00:08,Student,Female,6,8,8,6,9,8
2025/12/5 00:13,Student,Male,7,8,8,7,8,8
2025/12/5 00:18,Student,Male,7,8,8,7,8,8
2025/12/5 00:20,Student,Male,7,8,8,7,8,8
2025/12/5 00:22,Student,Male,7,8,8,7,8,8
2025/12/5 00:29,Student,Male,7,8,8,7,8,8
2025/12/5 00:30,Student,Male,7,8,8,7,8,8
2025/12/5 00:45,Student,Female,6,8,8,6,9,8
2025/12/5 00:50,Student,Female,6,8,8,6,9,8
2025/12/5 01:15,Student,Male,7,8,8,7,8,8
2025/12/5 01:20,Student,Male,7,8,8,7,8,8
2025/12/5 01:23,Student,Female,6,8,8,6,9,8
2025/12/5 01:25,Student,Male,7,8,8,7,8,8
2025/12/5 01:40,Student,Female,6,8,8,6,9,8
2025/12/5 01:42,Student,Female,6,8,8,6,9,8
2025/12/5 01:48,Student,Male,7,8,8,7,8,8
2025/12/5 01:53,Student,Female,6,8,8,6,9,8
2025/12/5 02:04,Student,Female,6,8,8,6,9,8
2025/12/5 02:28,Student,Male,7,8,8,7,8,8
2025/12/5 02:39,Non-Student,Male,6,10,10,6,10,6
2025/12/5 02:48,Student,Male,7,8,8,7,8,8
2025/12/5 03:06,Student,Male,7,8,8,7,8,8
2025/12/5 03:06,Student,Female,6,8,8,6,9,8
2025/12/5 03:19,Student,Male,7,8,8,7,8,8
2025/12/5 03:29,Student,Male,7,8,8,7,8,8
2025/12/5 03:31,Student,Male,7,8,8,7,8,8
2025/12/5 03:31,Student,Male,7,8,8,7,8,8
2025/12/5 03:38,Student,Male,7,8,8,7,8,8
2025/12/5 03:46,Student,Male,7,8,8,7,8,8
2025/12/5 03:48,Student,Male,7,8,8,7,8,8
2025/12/5 03:52,Student,Female,6,8,8,6,9,8
2025/12/5 03:55,Student,Male,7,8,8,7,8,8
2025/12/5 03:59,Student,Male,7,8,8,7,8,8
2025/12/5 04:00,Student,Female,6,8,8,6,9,8
2025/12/5 04:06,Student,Male,7,8,8,7,8,8
2025/12/5 04:11,Student,Female,6,8,8,6,9,8
2025/12/5 04:14,Student,Female,6,8,8,6,9,8
2025/12/5 04:16,Student,Male,7,8,8,7,8,8
2025/12/5 04:25,Student,Male,7,8,8,7,8,8
2025/12/5 04:25,Student,Male,7,8,8,7,8,8
2025/12/5 04:53,Student,Male,7,8,8,7,8,8
2025/12/5 04:54,Student,Male,7,8,8,7,8,8
2025/12/5 04:56,Student,Male,7,8,8,7,8,8
2025/12/5 04:58,Student,Male,7,8,8,7,8,8
2025/12/5 05:08,Student,Male,7,8,8,7,8,8
2025/12/5 05:10,Student,Male,7,8,8,7,8,8
2025/12/5 05:14,Student,Female,6,8,8,6,9,8
2025/12/5 05:15,Student,Female,6,8,8,6,9,8
2025/12/5 05:24,Student,Female,6,8,8,6,9,8
2025/12/5 05:27,Student,Male,7,8,8,7,8,8
2025/12/5 05:27,Student,Other,4,6,6,8,8,4
2025/12/5 05:31,Student,Male,7,8,8,7,8,8
2025/12/5 05:32,Student,Female,6,8,8,6,9,8
2025/12/5 05:36,Student,Female,6,8,8,6,9,8
2025/12/5 05:39,Student,Female,6,8,8,6,9,8
2025/12/5 05:40,Student,Male,7,8,8,7,8,8
2025/12/5 05:44,Student,Male,7,8,8,7,8,8
2025/12/5 05:45,Student,Female,6,8,8,6,9,8
2025/12/5 05:53,Student,Male,7,8,8,7,8,8
2025/12/5 06:08,Non-Student,Female,7,8,9,6,9,7
2025/12/5 06:08,Student,Male,7,8,8,7,8,8
2025/12/5 06:09,Student,Female,6,8,8,6,9,8
2025/12/5 06:12,Student,Male,7,8,8,7,8,8
2025/12/5 06:16,Student,Female,6,8,8,6,9,8
2025/12/5 06:17,Student,Male,7,8,8,7,8,8
2025/12/5 06:24,Student,Female,6,8,8,6,9,8
2025/12/5 06:27,Student,Male,7,8,8,7,8,8
2025/12/5 06:31,Student,Male,7,8,8,7,8,8
2025/12/5 06:57,Student,Male,7,8,8,7,8,8
2025/12/5 06:59,Student,Female,6,8,8,6,9,8
2025/12/5 07:01,Student,Female,6,8,8,6,9,8
2025/12/5 07:02,Student,Female,6,8,8,6,9,8
2025/12/5 07:07,Student,Male,7,8,8,7,8,8
2025/12/5 07:09,Student,Male,7,8,8,7,8,8
2025/12/5 07:13,Student,Female,6,8,8,6,9,8
2025/12/5 07:33,Student,Male,7,8,8,7,8,8
2025/12/5 07:36,Student,Male,7,8,8,7,8,8
2025/12/5 07:48,Student,Female,6,8,8,6,9,8
2025/12/5 07:58,Student,Male,7,8,8,7,8,8
2025/12/5 08:06,Student,Male,7,8,8,7,8,8
2025/12/5 08:06,Student,Male,7,8,8,7,8,8
2025/12/5 08:10,Student,Male,7,8,8,7,8,8
2025/12/5 08:11,Student,Male,7,8,8,7,8,8
2025/12/5 08:20,Student,Male,7,8,8,7,8,8
2025/12/5 08:23,Student,Male,7,8,8,7,8,8
2025/12/5 08:30,Student,Male,7,8,8,7,8,8
2025/12/5 08:32,Student,Female,6,8,8,6,9,8
2025/12/5 08:44,Student,Female,6,8,8,6,9,8
2025/12/5 08:50,Student,Male,7,8,8,7,8,8
2025/12/5 08:51,Student,Male,7,8,8,7,8,8
2025/12/5 08:53,Student,Female,6,8,8,6,9,8
2025/12/5 08:54,Student,Female,6,8,8,6,9,8
2025/12/5 08:59,Student,Female,6,8,8,6,9,8
2025/12/5 09:01,Student,Male,7,8,8,7,8,8
2025/12/5 09:01,Student,Male,7,8,8,7,8,8
2025/12/5 09:04,Student,Male,7,8,8,7,8,8
2025/12/5 09:18,Student,Male,7,8,8,7,8,8
2025/12/5 09:41,Student,Female,6,8,8,6,9,8
2025/12/5 09:41,Student,Male,7,8,8,7,8,8
2025/12/5 10:01,Student,Male,7,8,8,7,8,8
2025/12/5 10:20,Student,Male,7,8,8,7,8,8
2025/12/5 10:22,Non-Student,Female,7,8,9,6,9,7
2025/12/5 10:30,Student,Male,7,8,8,7,8,8
2025/12/5 10:30,Student,Male,7,8,8,7,8,8
2025/12/5 10:37,Student,Male,7,8,8,7,8,8
2025/12/5 10:45,Student,Male,7,8,8,7,8,8
2025/12/5 10:59,Student,Male,7,8,8,7,8,8
2025/12/5 11:17,Student,Male,7,8,8,7,8,8
2025/12/5 11:22,Student,Male,7,8,8,7,8,8
2025/12/5 11:24,Student,Male,7,8,8,7,8,8
2025/12/5 11:29,Non-Student,Male,6,10,10,6,10,6
2025/12/5 11:35,Student,Male,7,8,8,7,8,8
2025/12/5 11:39,Student,Male,7,8,8,7,8,8
2025/12/5 11:46,Student,Male,7,8,8,7,8,8
2025/12/5 11:51,Student,Male,7,8,8,7,8,8
2025/12/5 11:54,Student,Male,7,8,8,7,8,8
2025/12/5 12:02,Non-Student,Female,7,8,9,6,9,7
2025/12/5 12:06,Student,Female,6,8,8,6,9,8
2025/12/5 12:15,Student,Male,7,8,8,7,8,8
2025/12/5 12:24,Student,Male,7,8,8,7,8,8
2025/12/5 12:42,Student,Male,7,8,8,7,8,8
2025/12/5 12:42,Student,Male,7,8,8,7,8,8
2025/12/5 12:50,Student,Male,7,8,8,7,8,8
2025/12/5 12:58,Student,Male,7,8,8,7,8,8
2025/12/5 13:08,Student,Male,7,8,8,7,8,8
2025/12/5 13:14,Student,Female,6,8,8,6,9,8
2025/12/5 13:16,Student,Male,7,8,8,7,8,8
2025/12/5 13:19,Student,Male,7,8,8,7,8,8
2025/12/5 13:26,Student,Female,6,8,8,6,9,8
2025/12/5 13:26,Student,Male,7,8,8,7,8,8
2025/12/5 13:28,Student,Male,7,8,8,7,8,8
2025/12/5 13:34,Student,Male,7,8,8,7,8,8
2025/12/5 13:36,Student,Female,6,8,8,6,9,8
2025/12/5 13:40,Student,Male,7,8,8,7,8,8
2025/12/5 13:48,Student,Female,6,8,8,6,9,8
2025/12/5 13:52,Student,Male,7,8,8,7,8,8
2025/12/5 13:56,Student,Male,7,8,8,7,8,8
2025/12/5 14:01,Student,Male,7,8,8,7,8,8
2025/12/5 14:02,Student,Male,7,8,8,7,8,8
2025/12/5 14:05,Student,Male,7,8,8,7,8,8
2025/12/5 14:11,Student,Male,7,8,8,7,8,8
2025/12/5 14:14,Student,Male,7,8,8,7,8,8
2025/12/5 14:24,Student,Female,6,8,8,6,9,8
2025/12/5 14:32,Student,Male,7,8,8,7,8,8
2025/12/5 14:32,Student,Female,6,8,8,6,9,8
2025/12/5 14:35,Student,Male,7,8,8,7,8,8
2025/12/5 14:35,Student,Female,6,8,8,6,9,8
2025/12/5 14:46,Student,Female,6,8,8,6,9,8
2025/12/5 15:00,Student,Female,6,8,8,6,9,8
2025/12/5 15:08,Student,Male,7,8,8,7,8,8
2025/12/5 15:13,Student,Male,7,8,8,7,8,8
2025/12/5 15:34,Student,Female,6,8,8,6,9,8
2025/12/5 15:37,Student,Male,7,8,8,7,8,8
2025/12/5 15:46,Non-Student,Male,6,10,10,6,10,6
2025/12/5 15:48,Student,Male,7,8,8,7,8,8
2025/12/5 15:49,Non-Student,Male,6,10,10,6,10,6
2025/12/5 15:55,Student,Male,7,8,8,7,8,8
2025/12/5 15:56,Student,Male,7,8,8,7,8,8
2025/12/5 16:05,Non-Student,Female,7,8,9,6,9,7
2025/12/5 16:07,Student,Male,7,8,8,7,8,8
2025/12/5 16:20,Student,Male,7,8,8,7,8,8
2025/12/5 16:21,Student,Male,7,8,8,7,8,8
2025/12/5 16:36,Student,Male,7,8,8,7,8,8
2025/12/5 16:40,Student,Male,7,8,8,7,8,8
2025/12/5 16:43,Student,Male,7,8,8,7,8,8
2025/12/5 16:44,Student,Female,6,8,8,6,9,8
2025/12/5 16:44,Student,Male,7,8,8,7,8,8
2025/12/5 16:59,Student,Male,7,8,8,7,8,8
2025/12/5 17:01,Non-Student,Female,7,8,9,6,9,7
2025/12/5 17:02,Student,Female,6,8,8,6,9,8
2025/12/5 17:19,Student,Female,6,8,8,6,9,8
2025/12/5 17:19,Student,Female,6,8,8,6,9,8
2025/12/5 17:19,Student,Female,6,8,8,6,9,8
2025/12/5 17:23,Student,Female,6,8,8,6,9,8
2025/12/5 17:24,Student,Male,7,8,8,7,8,8
2025/12/5 17:33,Student,Male,7,8,8,7,8,8
2025/12/5 17:39,Student,Male,7,8,8,7,8,8
2025/12/5 17:45,Student,Male,7,8,8,7,8,8
2025/12/5 17:47,Student,Male,7,8,8,7,8,8
2025/12/5 17:58,Student,Male,7,8,8,7,8,8
2025/12/5 18:01,Student,Male,7,8,8,7,8,8
2025/12/5 18:01,Student,Male,7,8,8,7,8,8
2025/12/5 18:18,Student,Male,7,8,8,7,8,8
2025/12/5 18:18,Student,Male,7,8,8,7,8,8
2025/12/5 18:26,Student,Female,6,8,8,6,9,8
2025/12/5 18:27,Student,Male,7,8,8,7,8,8
2025/12/5 18:39,Student,Male,7,8,8,7,8,8
2025/12/5 18:41,Student,Male,7,8,8,7,8,8
2025/12/5 18:46,Student,Female,6,8,8,6,9,8
2025/12/5 18:50,Student,Male,7,8,8,7,8,8
2025/12/5 18:56,Student,Male,7,8,8,7,8,8
2025/12/5 19:12,Student,Female,6,8,8,6,9,8
2025/12/5 19:16,Student,Male,7,8,8,7,8,8
2025/12/5 19:22,Student,Male,7,8,8,7,8,8
2025/12/5 19:31,Student,Male,7,8,8,7,8,8
2025/12/5 19:36,Student,Male,7,8,8,7,8,8
2025/12/5 19:39,Non-Student,Male,6,10,10,6,10,6
2025/12/5 19:39,Student,Male,7,8,8,7,8,8
2025/12/5 19:42,Student,Female,6,8,8,6,9,8
2025/12/5 19:44,Student,Male,7,8,8,7,8,8
2025/12/5 19:57,Student,Male,7,8,8,7,8,8
2025/12/5 20:01,Student,Male,7,8,8,7,8,8
2025/12/5 20:06,Student,Male,7,8,8,7,8,8
2025/12/5 20:14,Non-Student,Female,7,8,9,6,9,7
2025/12/5 20:16,Student,Male,7,8,8,7,8,8
2025/12/5 20:16,Student,Male,7,8,8,7,8,8
2025/12/5 20:34,Student,Male,7,8,8,7,8,8
2025/12/5 20:36,Student,Male,7,8,8,7,8,8
2025/12/5 20:38,Student,Male,7,8,8,7,8,8
2025/12/5 20:39,Student,Male,7,8,8,7,8,8
2025/12/5 20:41,Student,Male,7,8,8,7,8,8
2025/12/5 20:42,Non-Student,Female,7,8,9,6,9,7
2025/12/5 20:43,Student,Male,7,8,8,7,8,8
2025/12/5 20:53,Student,Female,6,8,8,6,9,8
2025/12/5 20:54,Student,Male,7,8,8,7,8,8
2025/12/5 21:00,Student,Male,7,8,8,7,8,8
2025/12/5 21:03,Student,Male,7,8,8,7,8,8
2025/12/5 21:12,Student,Male,7,8,8,7,8,8
2025/12/5 21:22,Student,Female,6,8,8,6,9,8
2025/12/5 21:29,Student,Female,6,8,8,6,9,8
2025/12/5 21:32,Student,Male,7,8,8,7,8,8
2025/12/5 21:53,Student,Male,7,8,8,7,8,8
2025/12/5 22:02,Student,Male,7,8,8,7,8,8
2025/12/5 22:09,Student,Male,7,8,8,7,8,8
2025/12/5 22:16,Student,Female,6,8,8,6,9,8
2025/12/5 22:27,Non-Student,Male,6,10,10,6,10,6
2025/12/5 22:28,Student,Male,7,8,8,7,8,8
2025/12/5 22:33,Student,Male,7,8,8,7,8,8
2025/12/5 22:36,Student,Male,7,8,8,7,8,8
2025/12/5 22:37,Student,Male,7,8,8,7,8,8
2025/12/5 22:52,Student,Male,7,8,8,7,8,8
2025/12/5 22:59,Student,Female,6,8,8,6,9,8
2025/12/5 23:13,Student,Male,7,8,8,7,8,8
2025/12/5 23:19,Student,Male,7,8,8,7,8,8
2025/12/5 23:36,Student,Male,7,8,8,7,8,8
2025/12/5 23:38,Student,Male,7,8,8,7,8,8
2025/12/5 23:39,Student,Male,7,8,8,7,8,8
2025/12/5 23:44,Student,Male,7,8,8,7,8,8
2025/12/5 23:48,Student,Male,7,8,8,7,8,8
2025/12/5 23:48,Student,Male,7,8,8,7,8,8
2025/12/5 23:49,Student,Female,6,8,8,6,9,8
2025/12/5 23:50,Student,Female,6,8,8,6,9,8
2025/12/5 23:59,Student,Male,7,8,8,7,8,8
2025/12/6 00:05,Student,Female,6,8,8,6,9,8
2025/12/6 00:06,Student,Male,7,8,8,7,8,8
2025/12/6 00:07,Student,Male,7,8,8,7,8,8
2025/12/6 00:10,Student,Female,6,8,8,6,9,8
2025/12/6 00:17,Student,Male,7,8,8,7,8,8
2025/12/6 00:20,Student,Male,7,8,8,7,8,8
2025/12/6 00:48,Student,Female,6,8,8,6,9,8
2025/12/6 00:53,Student,Other,4,6,6,8,8,4
2025/12/6 00:53,Student,Male,7,8,8,7,8,8
2025/12/6 01:16,Student,Female,6,8,8,6,9,8
2025/12/6 01:21,Student,Male,7,8,8,7,8,8
2025/12/6 01:27,Student,Female,6,8,8,6,9,8
2025/12/6 01:33,Student,Male,7,8,8,7,8,8
2025/12/6 01:38,Student,Female,6,8,8,6,9,8
2025/12/6 01:39,Student,Male,7,8,8,7,8,8
2025/12/6 01:43,Student,Male,7,8,8,7,8,8
2025/12/6 01:44,Student,Female,6,8,8,6,9,8
2025/12/6 01:47,Student,Male,7,8,8,7,8,8
2025/12/6 01:47,Student,Male,7,8,8,7,8,8
2025/12/6 01:47,Student,Male,7,8,8,7,8,8
2025/12/6 01:57,Student,Male,7,8,8,7,8,8
2025/12/6 02:01,Student,Male,7,8,8,7,8,8
2025/12/6 02:04,Student,Male,7,8,8,7,8,8
2025/12/6 02:05,Student,Male,7,8,8,7,8,8
2025/12/6 02:09,Student,Female,6,8,8,6,9,8
2025/12/6 02:12,Student,Female,6,8,8,6,9,8
2025/12/6 02:12,Student,Male,7,8,8,7,8,8
2025/12/6 02:18,Student,Male,7,8,8,7,8,8
2025/12/6 02:27,Student,Male,7,8,8,7,8,8
2025/12/6 02:31,Student,Male,7,8,8,7,8,8
2025/12/6 02:32,Student,Male,7,8,8,7,8,8
2025/12/6 02:38,Student,Male,7,8,8,7,8,8
2025/12/6 02:57,Student,Male,7,8,8,7,8,8
2025/12/6 03:01,Student,Female,6,8,8,6,9,8
2025/12/6 03:30,Student,Male,7,8,8,7,8,8
2025/12/6 03:41,Student,Male,7,8,8,7,8,8
2025/12/6 03:48,Student,Male,7,8,8,7,8,8
2025/12/6 04:01,Student,Male,7,8,8,7,8,8
2025/12/6 04:19,Student,Male,7,8,8,7,8,8
2025/12/6 04:36,Student,Male,7,8,8,7,8,8
2025/12/6 05:13,Student,Female,6,8,8,6,9,8
2025/12/6 05:16,Student,Male,7,8,8,7,8,8
2025/12/6 05:18,Student,Female,6,8,8,6,9,8
2025/12/6 05:31,Student,Male,7,8,8,7,8,8
2025/12/6 05:36,Student,Male,7,8,8,7,8,8
2025/12/6 05:40,Student,Male,7,8,8,7,8,8
2025/12/6 05:40,Student,Male,7,8,8,7,8,8
2025/12/6 05:42,Student,Male,7,8,8,7,8,8
2025/12/6 05:43,Student,Other,4,6,6,8,8,4
2025/12/6 05:58,Student,Female,6,8,8,6,9,8
2025/12/6 06:05,Student,Male,7,8,8,7,8,8
2025/12/6 06:10,Student,Male,7,8,8,7,8,8
2025/12/6 06:16,Student,Male,7,8,8,7,8,8
2025/12/6 06:17,Student,Male,7,8,8,7,8,8
2025/12/6 06:21,Student,Female,6,8,8,6,9,8
2025/12/6 06:45,Student,Male,7,8,8,7,8,8
2025/12/6 07:03,Non-Student,Female,7,8,9,6,9,7
2025/12/6 07:05,Student,Female,6,8,8,6,9,8
2025/12/6 07:08,Student,Male,7,8,8,7,8,8
2025/12/6 07:10,Student,Male,7,8,8,7,8,8
2025/12/6 07:15,Student,Female,6,8,8,6,9,8
2025/12/6 07:26,Student,Male,7,8,8,7,8,8
2025/12/6 07:28,Student,Male,7,8,8,7,8,8
2025/12/6 07:31,Student,Male,7,8,8,7,8,8
2025/12/6 07:41,Student,Male,7,8,8,7,8,8
2025/12/6 07:42,Student,Male,7,8,8,7,8,8
2025/12/6 07:44,Student,Male,7,8,8,7,8,8
2025/12/6 07:55,Student,Male,7,8,8,7,8,8
2025/12/6 07:57,Student,Male,7,8,8,7,8,8
2025/12/6 08:08,Student,Male,7,8,8,7,8,8
2025/12/6 08:18,Student,Male,7,8,8,7,8,8
2025/12/6 08:18,Student,Male,7,8,8,7,8,8
2025/12/6 08:21,Student,Female,6,8,8,6,9,8
2025/12/6 08:41,Student,Male,7,8,8,7,8,8
2025/12/6 08:53,Student,Male,7,8,8,7,8,8
2025/12/6 09:02,Student,Male,7,8,8,7,8,8
2025/12/6 09:11,Student,Male,7,8,8,7,8,8
2025/12/6 09:18,Student,Male,7,8,8,7,8,8
2025/12/6 09:27,Student,Male,7,8,8,7,8,8
2025/12/6 09:31,Student,Male,7,8,8,7,8,8
2025/12/6 09:43,Student,Male,7,8,8,7,8,8
2025/12/6 09:47,Student,Female,6,8,8,6,9,8
2025/12/6 09:49,Student,Male,7,8,8,7,8,8
2025/12/6 10:04,Student,Male,7,8,8,7,8,8
2025/12/6 10:11,Student,Female,6,8,8,6,9,8
2025/12/6 10:28,Student,Female,6,8,8,6,9,8
2025/12/6 10:29,Non-Student,Male,6,10,10,6,10,6
2025/12/6 10:31,Student,Male,7,8,8,7,8,8
2025/12/6 10:31,Student,Male,7,8,8,7,8,8
2025/12/6 10:33,Student,Male,7,8,8,7,8,8
2025/12/6 10:36,Student,Male,7,8,8,7,8,8
2025/12/6 10:37,Student,Female,6,8,8,6,9,8
2025/12/6 10:40,Student,Male,7,8,8,7,8,8
2025/12/6 10:44,Student,Female,6,8,8,6,9,8
2025/12/6 10:44,Student,Male,7,8,8,7,8,8
2025/12/6 10:52,Student,Male,7,8,8,7,8,8
2025/12/6 10:56,Student,Male,7,8,8,7,8,8
2025/12/6 10:56,Student,Male,7,8,8,7,8,8
2025/12/6 10:58,Student,Male,7,8,8,7,8,8
2025/12/6 11:09,Student,Male,7,8,8,7,8,8
2025/12/6 11:25,Student,Male,7,8,8,7,8,8
2025/12/6 11:28,Student,Male,7,8,8,7,8,8
2025/12/6 11:42,Student,Male,7,8,8,7,8,8
2025/12/6 11:43,Student,Male,7,8,8,7,8,8
2025/12/6 11:48,Student,Male,7,8,8,7,8,8
2025/12/6 11:51,Student,Male,7,8,8,7,8,8
2025/12/6 11:54,Student,Male,7,8,8,7,8,8
2025/12/6 11:57,Student,Male,7,8,8,7,8,8
2025/12/6 12:03,Student,Male,7,8,8,7,8,8
2025/12/6 12:04,Student,Male,7,8,8,7,8,8
2025/12/6 12:04,Student,Male,7,8,8,7,8,8
2025/12/6 12:11,Student,Male,7,8,8,7,8,8
2025/12/6 12:13,Student,Male,7,8,8,7,8,8
2025/12/6 12:13,Student,Male,7,8,8,7,8,8
2025/12/6 12:23,Student,Male,7,8,8,7,8,8
2025/12/6 12:26,Student,Male,7,8,8,7,8,8
2025/12/6 12:32,Non-Student,Female,7,8,9,6,9,7
2025/12/6 12:33,Student,Male,7,8,8,7,8,8
2025/12/6 12:42,Student,Male,7,8,8,7,8,8
2025/12/6 12:48,Student,Female,6,8,8,6,9,8
2025/12/6 12:55,Student,Female,6,8,8,6,9,8
2025/12/6 12:56,Student,Female,6,8,8,6,9,8
2025/12/6 13:01,Student,Female,6,8,8,6,9,8
2025/12/6 13:11,Student,Male,7,8,8,7,8,8
2025/12/6 13:12,Student,Male,7,8,8,7,8,8
2025/12/6 13:25,Student,Male,7,8,8,7,8,8
2025/12/6 13:26,Non-Student,Female,7,8,9,6,9,7
2025/12/6 13:32,Student,Female,6,8,8,6,9,8
2025/12/6 13:33,Student,Female,6,8,8,6,9,8
2025/12/6 13:41,Student,Female,6,8,8,6,9,8
2025/12/6 13:49,Student,Male,7,8,8,7,8,8
2025/12/6 13:51,Student,Male,7,8,8,7,8,8
2025/12/6 14:01,Student,Male,7,8,8,7,8,8
2025/12/6 14:02,Student,Male,7,8,8,7,8,8
2025/12/6 14:13,Student,Male,7,8,8,7,8,8
2025/12/6 14:16,Student,Male,7,8,8,7,8,8
2025/12/6 14:21,Student,Male,7,8,8,7,8,8
2025/12/6 14:22,Student,Male,7,8,8,7,8,8
2025/12/6 14:31,Student,Male,7,8,8,7,8,8
2025/12/6 14:36,Student,Male,7,8,8,7,8,8
2025/12/6 14:36,Student,Male,7,8,8,7,8,8
2025/12/6 14:43,Student,Female,6,8,8,6,9,8
2025/12/6 14:45,Student,Male,7,8,8,7,8,8
2025/12/6 14:49,Student,Male,7,8,8,7,8,8
2025/12/6 14:51,Student,Female,6,8,8,6,9,8
2025/12/6 14:57,Student,Male,7,8,8,7,8,8
2025/12/6 15:03,Student,Male,7,8,8,7,8,8
2025/12/6 15:04,Student,Male,7,8,8,7,8,8
2025/12/6 15:17,Student,Female,6,8,8,6,9,8
2025/12/6 15:24,Student,Male,7,8,8,7,8,8
2025/12/6 15:25,Student,Male,7,8,8,7,8,8
2025/12/6 15:33,Student,Male,7,8,8,7,8,8
2025/12/6 15:39,Student,Male,7,8,8,7,8,8
2025/12/6 15:44,Student,Male,7,8,8,7,8,8
2025/12/6 15:45,Student,Male,7,8,8,7,8,8
2025/12/6 15:49,Student,Female,6,8,8,6,9,8
2025/12/6 15:50,Student,Male,7,8,8,7,8,8
2025/12/6 15:50,Student,Male,7,8,8,7,8,8
2025/12/6 15:55,Student,Male,7,8,8,7,8,8
2025/12/6 15:57,Student,Male,7,8,8,7,8,8
2025/12/6 16:09,Student,Male,7,8,8,7,8,8
2025/12/6 16:09,Student,Male,7,8,8,7,8,8
2025/12/6 16:16,Student,Male,7,8,8,7,8,8
2025/12/6 16:16,Student,Male,7,8,8,7,8,8
2025/12/6 16:20,Student,Male,7,8,8,7,8,8
2025/12/6 16:21,Student,Male,7,8,8,7,8,8
2025/12/6 16:26,Student,Male,7,8,8,7,8,8
2025/12/6 16:27,Student,Male,7,8,8,7,8,8
2025/12/6 16:29,Student,Male,7,8,8,7,8,8
2025/12/6 16:30,Student,Male,7,8,8,7,8,8
2025/12/6 16:30,Student,Male,7,8,8,7,8,8
2025/12/6 16:43,Student,Male,7,8,8,7,8,8
2025/12/6 16:51,Student,Male,7,8,8,7,8,8
2025/12/6 17:06,Non-Student,Female,7,8,9,6,9,7
2025/12/6 17:12,Student,Male,7,8,8,7,8,8
2025/12/6 17:16,Student,Male,7,8,8,7,8,8
2025/12/6 17:17,Student,Male,7,8,8,7,8,8
2025/12/6 17:20,Student,Male,7,8,8,7,8,8
2025/12/6 17:25,Student,Female,6,8,8,6,9,8
2025/12/6 17:29,Student,Male,7,8,8,7,8,8
2025/12/6 17:31,Student,Female,6,8,8,6,9,8
2025/12/6 17:33,Student,Female,6,8,8,6,9,8
2025/12/6 17:44,Student,Male,7,8,8,7,8,8
2025/12/6 18:05,Student,Male,7,8,8,7,8,8
2025/12/6 18:06,Student,Male,7,8,8,7,8,8
2025/12/6 18:06,Student,Female,6,8,8,6,9,8
2025/12/6 18:06,Student,Female,6,8,8,6,9,8
2025/12/6 18:22,Student,Male,7,8,8,7,8,8
2025/12/6 18:32,Student,Female,6,8,8,6,9,8
2025/12/6 18:40,Student,Male,7,8,8,7,8,8
2025/12/6 18:57,Student,Male,7,8,8,7,8,8
2025/12/6 18:59,Student,Female,6,8,8,6,9,8
2025/12/6 19:16,Student,Female,6,8,8,6,9,8
2025/12/6 19:18,Student,Male,7,8,8,7,8,8
2025/12/6 19:19,Student,Male,7,8,8,7,8,8
2025/12/6 19:20,Student,Male,7,8,8,7,8,8
2025/12/6 19:20,Student,Female,6,8,8,6,9,8
2025/12/6 19:22,Student,Female,6,8,8,6,9,8
2025/12/6 19:29,Student,Male,7,8,8,7,8,8
2025/12/6 19:30,Student,Male,7,8,8,7,8,8
2025/12/6 19:31,Student,Male,7,8,8,7,8,8
2025/12/6 19:34,Student,Female,6,8,8,6,9,8
2025/12/6 19:39,Student,Male,7,8,8,7,8,8
2025/12/6 19:47,Non-Student,Female,7,8,9,6,9,7
2025/12/6 19:50,Student,Male,7,8,8,7,8,8
2025/12/6 20:00,Student,Male,7,8,8,7,8,8
2025/12/6 20:01,Student,Male,7,8,8,7,8,8
2025/12/6 20:16,Student,Male,7,8,8,7,8,8
2025/12/6 20:19,Non-Student,Female,7,8,9,6,9,7
2025/12/6 20:22,Student,Female,6,8,8,6,9,8
2025/12/6 20:22,Student,Male,7,8,8,7,8,8
2025/12/6 20:24,Student,Female,6,8,8,6,9,8
2025/12/6 20:27,Student,Other,4,6,6,8,8,4
2025/12/6 20:27,Student,Male,7,8,8,7,8,8
2025/12/6 20:28,Student,Male,7,8,8,7,8,8
2025/12/6 20:37,Non-Student,Female,7,8,9,6,9,7
2025/12/6 20:39,Student,Male,7,8,8,7,8,8
2025/12/6 20:39,Student,Male,7,8,8,7,8,8
2025/12/6 20:42,Student,Male,7,8,8,7,8,8
2025/12/6 20:45,Student,Male,7,8,8,7,8,8
2025/12/6 20:46,Student,Male,7,8,8,7,8,8
2025/12/6 20:49,Student,Male,7,8,8,7,8,8
2025/12/6 21:02,Student,Female,6,8,8,6,9,8
2025/12/6 21:15,Student,Male,7,8,8,7,8,8
2025/12/6 21:24,Student,Male,7,8,8,7,8,8
2025/12/6 21:29,Student,Male,7,8,8,7,8,8
2025/12/6 21:35,Student,Male,7,8,8,7,8,8
2025/12/6 21:35,Student,Male,7,8,8,7,8,8
2025/12/6 21:39,Student,Male,7,8,8,7,8,8
2025/12/6 21:40,Student,Male,7,8,8,7,8,8
2025/12/6 21:49,Student,Male,7,8,8,7,8,8
2025/12/6 21:55,Student,Male,7,8,8,7,8,8
2025/12/6 21:58,Student,Female,6,8,8,6,9,8
2025/12/6 21:58,Student,Male,7,8,8,7,8,8
2025/12/6 22:07,Student,Male,7,8,8,7,8,8
2025/12/6 22:15,Student,Male,7,8,8,7,8,8
2025/12/6 22:24,Student,Male,7,8,8,7,8,8
2025/12/6 22:42,Student,Male,7,8,8,7,8,8
2025/12/6 22:43,Student,Male,7,8,8,7,8,8
2025/12/6 22:46,Student,Male,7,8,8,7,8,8
2025/12/6 23:09,Student,Male,7,8,8,7,8,8
2025/12/6 23:18,Student,Male,7,8,8,7,8,8
2025/12/6 23:28,Student,Male,7,8,8,7,8,8
2025/12/6 23:33,Student,Male,7,8,8,7,8,8
2025/12/6 23:35,Student,Male,7,8,8,7,8,8
2025/12/6 23:39,Student,Male,7,8,8,7,8,8
2025/12/6 23:40,Student,Male,7,8,8,7,8,8
2025/12/6 23:45,Student,Female,6,8,8,6,9,8
2025/12/7 00:00,Student,Male,7,8,8,7,8,8
2025/12/7 00:03,Student,Male,7,8,8,7,8,8
2025/12/7 00:17,Student,Male,7,8,8,7,8,8
2025/12/7 00:21,Student,Male,7,8,8,7,8,8
2025/12/7 00:22,Student,Male,7,8,8,7,8,8
2025/12/7 00:25,Non-Student,Female,7,8,9,6,9,7
2025/12/7 00:30,Student,Male,7,8,8,7,8,8
2025/12/7 00:33,Non-Student,Female,7,8,9,6,9,7
2025/12/7 00:39,Student,Male,7,8,8,7,8,8
2025/12/7 00:44,Student,Male,7,8,8,7,8,8
2025/12/7 00:45,Student,Female,6,8,8,6,9,8
2025/12/7 00:52,Student,Male,7,8,8,7,8,8
2025/12/7 01:11,Student,Female,6,8,8,6,9,8
2025/12/7 01:14,Student,Other,4,6,6,8,8,4
2025/12/7 01:16,Student,Male,7,8,8,7,8,8
2025/12/7 01:28,Student,Female,6,8,8,6,9,8
2025/12/7 01:40,Student,Female,6,8,8,6,9,8
2025/12/7 01:56,Student,Male,7,8,8,7,8,8
2025/12/7 01:58,Student,Female,6,8,8,6,9,8
2025/12/7 02:00,Student,Male,7,8,8,7,8,8
2025/12/7 02:11,Student,Female,6,8,8,6,9,8
2025/12/7 02:15,Student,Female,6,8,8,6,9,8
2025/12/7 02:17,Student,Male,7,8,8,7,8,8
2025/12/7 02:23,Student,Male,7,8,8,7,8,8
2025/12/7 02:25,Student,Male,7,8,8,7,8,8
2025/12/7 02:31,Student,Female,6,8,8,6,9,8
2025/12/7 02:33,Student,Male,7,8,8,7,8,8
2025/12/7 02:42,Student,Male,7,8,8,7,8,8
2025/12/7 02:44,Student,Male,7,8,8,7,8,8
2025/12/7 02:49,Student,Male,7,8,8,7,8,8
2025/12/7 02:50,Student,Male,7,8,8,7,8,8
2025/12/7 03:05,Student,Male,7,8,8,7,8,8
2025/12/7 03:06,Student,Male,7,8,8,7,8,8
2025/12/7 03:20,Student,Female,6,8,8,6,9,8
2025/12/7 03:28,Student,Male,7,8,8,7,8,8
2025/12/7 03:31,Student,Male,7,8,8,7,8,8
2025/12/7 03:33,Student,Male,7,8,8,7,8,8
2025/12/7 03:44,Student,Male,7,8,8,7,8,8
2025/12/7 03:46,Student,Male,7,8,8,7,8,8
2025/12/7 03:51,Student,Male,7,8,8,7,8,8
2025/12/7 04:12,Student,Male,7,8,8,7,8,8
2025/12/7 04:29,Student,Male,7,8,8,7,8,8
2025/12/7 04:30,Student,Male,7,8,8,7,8,8
2025/12/7 04:32,Student,Male,7,8,8,7,8,8
2025/12/7 04:51,Student,Male,7,8,8,7,8,8
2025/12/7 05:11,Student,Male,7,8,8,7,8,8
2025/12/7 05:17,Student,Male,7,8,8,7,8,8
2025/12/7 05:19,Student,Male,7,8,8,7,8,8
2025/12/7 05:34,Student,Male,7,8,8,7,8,8
2025/12/7 05:37,Student,Male,7,8,8,7,8,8
2025/12/7 05:46,Student,Male,7,8,8,7,8,8
2025/12/7 05:48,Student,Female,6,8,8,6,9,8
2025/12/7 05:51,Student,Male,7,8,8,7,8,8
2025/12/7 05:58,Student,Male,7,8,8,7,8,8
2025/12/7 06:02,Student,Male,7,8,8,7,8,8
2025/12/7 06:04,Student,Male,7,8,8,7,8,8
2025/12/7 06:15,Student,Male,7,8,8,7,8,8
2025/12/7 06:16,Student,Male,7,8,8,7,8,8
2025/12/7 06:19,Student,Male,7,8,8,7,8,8
2025/12/7 06:27,Student,Male,7,8,8,7,8,8
2025/12/7 06:34,Student,Female,6,8,8,6,9,8
2025/12/7 06:34,Student,Female,6,8,8,6,9,8
2025/12/7 06:43,Student,Male,7,8,8,7,8,8
2025/12/7 06:46,Student,Male,7,8,8,7,8,8
2025/12/7 06:46,Student,Female,6,8,8,6,9,8
2025/12/7 06:49,Student,Female,6,8,8,6,9,8
2025/12/7 06:51,Student,Male,7,8,8,7,8,8
2025/12/7 07:01,Student,Male,7,8,8,7,8,8
2025/12/7 07:10,Student,Female,6,8,8,6,9,8
2025/12/7 07:13,Student,Female,6,8,8,6,9,8
2025/12/7 07:20,Student,Male,7,8,8,7,8,8
2025/12/7 07:26,Student,Female,6,8,8,6,9,8
2025/12/7 07:28,Student,Male,7,8,8,7,8,8
2025/12/7 07:36,Student,Male,7,8,8,7,8,8
2025/12/7 07:41,Student,Female,6,8,8,6,9,8
2025/12/7 07:43,Student,Male,7,8,8,7,8,8
2025/12/7 07:54,Student,Male,7,8,8,7,8,8
2025/12/7 08:19,Student,Male,7,8,8,7,8,8
2025/12/7 08:21,Student,Male,7,8,8,7,8,8
2025/12/7 08:31,Student,Female,6,8,8,6,9,8
2025/12/7 08:43,Student,Female,6,8,8,6,9,8
2025/12/7 08:44,Student,Male,7,8,8,7,8,8
2025/12/7 08:46,Student,Male,7,8,8,7,8,8
2025/12/7 08:54,Student,Male,7,8,8,7,8,8
2025/12/7 08:58,Non-Student,Female,7,8,9,6,9,7
2025/12/7 09:07,Student,Female,6,8,8,6,9,8
2025/12/7 09:18,Student,Male,7,8,8,7,8,8
2025/12/7 09:23,Student,Female,6,8,8,6,9,8
2025/12/7 09:24,Student,Male,7,8,8,7,8,8
2025/12/7 09:31,Student,Male,7,8,8,7,8,8
2025/12/7 09:32,Student,Male,7,8,8,7,8,8
2025/12/7 09:37,Student,Male,7,8,8,7,8,8
2025/12/7 09:40,Student,Female,6,8,8,6,9,8
2025/12/7 09:41,Student,Female,6,8,8,6,9,8
2025/12/7 09:42,Student,Male,7,8,8,7,8,8
2025/12/7 09:44,Student,Female,6,8,8,6,9,8
2025/12/7 09:46,Student,Male,7,8,8,7,8,8
2025/12/7 09:54,Non-Student,Male,6,10,10,6,10,6
2025/12/7 09:57,Student,Female,6,8,8,6,9,8
2025/12/7 09:59,Student,Female,6,8,8,6,9,8
2025/12/7 10:01,Student,Male,7,8,8,7,8,8
2025/12/7 10:06,Student,Male,7,8,8,7,8,8
2025/12/7 10:08,Student,Male,7,8,8,7,8,8
2025/12/7 10:10,Student,Male,7,8,8,7,8,8
2025/12/7 10:14,Non-Student,Male,6,10,10,6,10,6
2025/12/7 10:14,Student,Male,7,8,8,7,8,8
2025/12/7 10:17,Student,Female,6,8,8,6,9,8
2025/12/7 10:24,Student,Male,7,8,8,7,8,8
2025/12/7 10:34,Student,Male,7,8,8,7,8,8
2025/12/7 10:38,Student,Male,7,8,8,7,8,8
2025/12/7 10:44,Student,Female,6,8,8,6,9,8
2025/12/7 10:45,Student,Male,7,8,8,7,8,8
2025/12/7 10:48,Student,Male,7,8,8,7,8,8
2025/12/7 10:48,Non-Student,Female,7,8,9,6,9,7
2025/12/7 10:51,Student,Male,7,8,8,7,8,8
2025/12/7 11:01,Student,Male,7,8,8,7,8,8
2025/12/7 11:09,Student,Male,7,8,8,7,8,8
2025/12/7 11:10,Student,Male,7,8,8,7,8,8
2025/12/7 11:10,Student,Male,7,8,8,7,8,8
2025/12/7 11:10,Student,Female,6,8,8,6,9,8
2025/12/7 11:11,Student,Male,7,8,8,7,8,8
2025/12/7 11:13,Student,Male,7,8,8,7,8,8
2025/12/7 11:16,Student,Male,7,8,8,7,8,8
2025/12/7 11:17,Student,Female,6,8,8,6,9,8
2025/12/7 11:18,Student,Male,7,8,8,7,8,8
2025/12/7 11:30,Student,Male,7,8,8,7,8,8
2025/12/7 11:31,Student,Male,7,8,8,7,8,8
2025/12/7 11:38,Student,Male,7,8,8,7,8,8
2025/12/7 11:44,Student,Male,7,8,8,7,8,8
2025/12/7 11:44,Student,Female,6,8,8,6,9,8
2025/12/7 11:54,Student,Male,7,8,8,7,8,8
2025/12/7 11:57,Non-Student,Female,7,8,9,6,9,7
2025/12/7 11:59,Student,Male,7,8,8,7,8,8
2025/12/7 12:00,Student,Male,7,8,8,7,8,8
2025/12/7 12:05,Student,Male,7,8,8,7,8,8
2025/12/7 12:11,Student,Male,7,8,8,7,8,8
2025/12/7 12:19,Student,Male,7,8,8,7,8,8
2025/12/7 12:19,Student,Male,7,8,8,7,8,8
2025/12/7 12:21,Student,Male,7,8,8,7,8,8
2025/12/7 12:37,Student,Male,7,8,8,7,8,8
2025/12/7 13:00,Student,Female,6,8,8,6,9,8
2025/12/7 13:03,Student,Female,6,8,8,6,9,8
2025/12/7 13:04,Student,Male,7,8,8,7,8,8
2025/12/7 13:16,Student,Male,7,8,8,7,8,8
2025/12/7 13:22,Student,Male,7,8,8,7,8,8
2025/12/7 13:24,Student,Male,7,8,8,7,8,8
2025/12/7 13:35,Student,Male,7,8,8,7,8,8
2025/12/7 13:36,Student,Male,7,8,8,7,8,8
2025/12/7 13:40,Student,Male,7,8,8,7,8,8
2025/12/7 13:49,Student,Female,6,8,8,6,9,8
2025/12/7 14:02,Student,Male,7,8,8,7,8,8
2025/12/7 14:06,Student,Male,7,8,8,7,8,8
2025/12/7 14:11,Student,Male,7,8,8,7,8,8
2025/12/7 14:11,Student,Male,7,8,8,7,8,8
2025/12/7 14:21,Student,Male,7,8,8,7,8,8
2025/12/7 14:39,Student,Male,7,8,8,7,8,8
2025/12/7 14:45,Student,Female,6,8,8,6,9,8
2025/12/7 14:48,Student,Male,7,8,8,7,8,8
2025/12/7 14:51,Student,Male,7,8,8,7,8,8
2025/12/7 14:56,Student,Male,7,8,8,7,8,8
2025/12/7 14:58,Student,Female,6,8,8,6,9,8
2025/12/7 15:00,Student,Male,7,8,8,7,8,8
2025/12/7 15:01,Student,Male,7,8,8,7,8,8
2025/12/7 15:02,Student,Male,7,8,8,7,8,8
2025/12/7 15:05,Student,Female,6,8,8,6,9,8
2025/12/7 15:08,Student,Female,6,8,8,6,9,8
2025/12/7 15:09,Student,Female,6,8,8,6,9,8
2025/12/7 15:10,Student,Female,6,8,8,6,9,8
2025/12/7 15:11,Student,Male,7,8,8,7,8,8
2025/12/7 15:26,Student,Male,7,8,8,7,8,8
2025/12/7 15:39,Student,Male,7,8,8,7,8,8
2025/12/7 15:49,Student,Male,7,8,8,7,8,8
2025/12/7 15:56,Student,Male,7,8,8,7,8,8
2025/12/7 15:58,Student,Male,7,8,8,7,8,8
2025/12/7 16:08,Student,Male,7,8,8,7,8,8
2025/12/7 16:14,Student,Female,6,8,8,6,9,8
2025/12/7 16:14,Student,Female,6,8,8,6,9,8
2025/12/7 16:18,Student,Male,7,8,8,7,8,8
2025/12/7 16:19,Student,Male,7,8,8,7,8,8
2025/12/7 16:25,Student,Male,7,8,8,7,8,8
2025/12/7 16:30,Student,Male,7,8,8,7,8,8
2025/12/7 16:35,Student,Female,6,8,8,6,9,8
2025/12/7 16:35,Student,Female,6,8,8,6,9,8
2025/12/7 16:40,Student,Female,6,8,8,6,9,8
2025/12/7 16:42,Student,Male,7,8,8,7,8,8
2025/12/7 16:45,Student,Male,7,8,8,7,8,8
2025/12/7 16:54,Student,Male,7,8,8,7,8,8
2025/12/7 16:54,Student,Male,7,8,8,7,8,8
2025/12/7 16:58,Student,Male,7,8,8,7,8,8
2025/12/7 17:39,Student,Male,7,8,8,7,8,8
2025/12/7 17:42,Student,Male,7,8,8,7,8,8
2025/12/7 17:42,Student,Male,7,8,8,7,8,8
2025/12/7 17:44,Student,Male,7,8,8,7,8,8
2025/12/7 17:51,Student,Male,7,8,8,7,8,8
2025/12/7 17:51,Student,Male,7,8,8,7,8,8
2025/12/7 17:59,Student,Male,7,8,8,7,8,8
2025/12/7 18:03,Student,Male,7,8,8,7,8,8
2025/12/7 18:06,Student,Female,6,8,8,6,9,8
2025/12/7 18:14,Student,Female,6,8,8,6,9,8
2025/12/7 18:15,Student,Male,7,8,8,7,8,8
2025/12/7 18:33,Student,Male,7,8,8,7,8,8
2025/12/7 18:36,Student,Male,7,8,8,7,8,8
2025/12/7 18:47,Student,Male,7,8,8,7,8,8
2025/12/7 18:51,Student,Male,7,8,8,7,8,8
2025/12/7 18:55,Student,Male,7,8,8,7,8,8
2025/12/7 19:00,Student,Male,7,8,8,7,8,8
2025/12/7 19:03,Student,Male,7,8,8,7,8,8
2025/12/7 19:08,Student,Male,7,8,8,7,8,8
2025/12/7 19:13,Student,Male,7,8,8,7,8,8
2025/12/7 19:14,Student,Female,6,8,8,6,9,8
2025/12/7 19:21,Student,Male,7,8,8,7,8,8
2025/12/7 19:27,Student,Male,7,8,8,7,8,8
2025/12/7 19:40,Student,Male,7,8,8,7,8,8
2025/12/7 19:41,Non-Student,Female,7,8,9,6,9,7
2025/12/7 19:46,Student,Male,7,8,8,7,8,8
2025/12/7 19:47,Student,Female,6,8,8,6,9,8
2025/12/7 19:52,Student,Male,7,8,8,7,8,8
2025/12/7 19:58,Student,Female,6,8,8,6,9,8
2025/12/7 20:07,Student,Male,7,8,8,7,8,8
2025/12/7 20:07,Non-Student,Female,7,8,9,6,9,7
2025/12/7 20:10,Student,Male,7,8,8,7,8,8
2025/12/7 20:14,Student,Male,7,8,8,7,8,8
2025/12/7 20:16,Student,Male,7,8,8,7,8,8
2025/12/7 20:19,Student,Male,7,8,8,7,8,8
2025/12/7 20:21,Student,Female,6,8,8,6,9,8
2025/12/7 20:21,Student,Female,6,8,8,6,9,8
2025/12/7 20:27,Student,Male,7,8,8,7,8,8
2025/12/7 20:55,Student,Female,6,8,8,6,9,8
2025/12/7 20:57,Student,Male,7,8,8,7,8,8
2025/12/7 21:07,Student,Male,7,8,8,7,8,8
2025/12/7 21:11,Non-Student,Female,7,8,9,6,9,7
2025/12/7 21:12,Student,Female,6,8,8,6,9,8
2025/12/7 21:24,Student,Male,7,8,8,7,8,8
2025/12/7 21:33,Student,Male,7,8,8,7,8,8
2025/12/7 21:46,Student,Male,7,8,8,7,8,8
2025/12/7 21:52,Student,Male,7,8,8,7,8,8
2025/12/7 22:00,Student,Male,7,8,8,7,8,8
2025/12/7 22:03,Student,Male,7,8,8,7,8,8
2025/12/7 22:08,Student,Male,7,8,8,7,8,8
2025/12/7 22:11,Student,Other,4,6,6,8,8,4
2025/12/7 22:11,Student,Male,7,8,8,7,8,8
2025/12/7 22:19,Student,Male,7,8,8,7,8,8
2025/12/7 22:23,Student,Male,7,8,8,7,8,8
2025/12/7 22:24,Student,Female,6,8,8,6,9,8
2025/12/7 22:48,Student,Female,6,8,8,6,9,8
2025/12/7 22:49,Student,Male,7,8,8,7,8,8
2025/12/7 23:01,Student,Female,6,8,8,6,9,8
2025/12/7 23:15,Non-Student,Female,7,8,9,6,9,7
2025/12/7 23:24,Student,Male,7,8,8,7,8,8
2025/12/7 23:47,Student,Male,7,8,8,7,8,8
2025/12/7 23:47,Student,Male,7,8,8,7,8,8
2025/12/7 23:49,Student,Male,7,8,8,7,8,8
2025/12/7 23:49,Student,Female,6,8,8,6,9,8
2025/12/7 23:54,Student,Male,7,8,8,7,8,8
2025/12/8 00:04,Student,Male,7,8,8,7,8,8
2025/12/8 00:12,Student,Female,6,8,8,6,9,8
2025/12/8 00:21,Non-Student,Male,6,10,10,6,10,6
2025/12/8 00:22,Student,Male,7,8,8,7,8,8
2025/12/8 00:22,Student,Male,7,8,8,7,8,8
2025/12/8 00:32,Student,Male,7,8,8,7,8,8
2025/12/8 00:36,Student,Male,7,8,8,7,8,8
2025/12/8 00:41,Student,Female,6,8,8,6,9,8
2025/12/8 00:48,Student,Male,7,8,8,7,8,8
2025/12/8 00:51,Student,Male,7,8,8,7,8,8
2025/12/8 00:58,Student,Male,7,8,8,7,8,8
2025/12/8 01:06,Student,Female,6,8,8,6,9,8
2025/12/8 01:08,Student,Female,6,8,8,6,9,8
2025/12/8 01:11,Student,Male,7,8,8,7,8,8
2025/12/8 01:20,Student,Male,7,8,8,7,8,8
2025/12/8 01:26,Student,Male,7,8,8,7,8,8
2025/12/8 01:27,Student,Female,6,8,8,6,9,8
2025/12/8 01:27,Student,Male,7,8,8,7,8,8
2025/12/8 01:33,Student,Male,7,8,8,7,8,8
2025/12/8 01:38,Student,Male,7,8,8,7,8,8
2025/12/8 01:40,Student,Male,7,8,8,7,8,8
2025/12/8 01:46,Student,Male,7,8,8,7,8,8
2025/12/8 01:50,Student,Male,7,8,8,7,8,8
2025/12/8 02:06,Student,Female,6,8,8,6,9,8
2025/12/8 02:12,Student,Male,7,8,8,7,8,8
2025/12/8 02:20,Student,Male,7,8,8,7,8,8
2025/12/8 02:28,Student,Male,7,8,8,7,8,8
2025/12/8 02:47,Student,Female,6,8,8,6,9,8
2025/12/8 02:47,Student,Other,4,6,6,8,8,4
2025/12/8 02:52,Student,Male,7,8,8,7,8,8
2025/12/8 02:54,Student,Female,6,8,8,6,9,8
2025/12/8 03:06,Student,Male,7,8,8,7,8,8
2025/12/8 03:11,Student,Female,6,8,8,6,9,8
2025/12/8 03:21,Student,Male,7,8,8,7,8,8
2025/12/8 03:24,Student,Male,7,8,8,7,8,8
2025/12/8 03:33,Student,Female,6,8,8,6,9,8
2025/12/8 03:35,Student,Male,7,8,8,7,8,8
2025/12/8 03:37,Student,Male,7,8,8,7,8,8
2025/12/8 03:45,Student,Male,7,8,8,7,8,8
2025/12/8 03:51,Student,Male,7,8,8,7,8,8
2025/12/8 03:53,Non-Student,Female,7,8,9,6,9,7
2025/12/8 03:56,Student,Other,4,6,6,8,8,4
2025/12/8 03:58,Student,Female,6,8,8,6,9,8
2025/12/8 04:01,Student,Male,7,8,8,7,8,8
2025/12/8 04:07,Student,Male,7,8,8,7,8,8
2025/12/8 04:08,Student,Male,7,8,8,7,8,8
2025/12/8 04:09,Student,Female,6,8,8,6,9,8
2025/12/8 04:13,Student,Male,7,8,8,7,8,8
2025/12/8 04:18,Student,Male,7,8,8,7,8,8
2025/12/8 04:18,Student,Male,7,8,8,7,8,8
2025/12/8 04:22,Student,Male,7,8,8,7,8,8
2025/12/8 04:22,Student,Male,7,8,8,7,8,8
2025/12/8 04:24,Student,Male,7,8,8,7,8,8
2025/12/8 04:36,Student,Female,6,8,8,6,9,8
2025/12/8 04:42,Student,Male,7,8,8,7,8,8
2025/12/8 04:46,Student,Male,7,8,8,7,8,8
2025/12/8 04:52,Student,Male,7,8,8,7,8,8
2025/12/8 04:57,Non-Student,Female,7,8,9,6,9,7
2025/12/8 05:07,Student,Male,7,8,8,7,8,8
2025/12/8 05:17,Student,Male,7,8,8,7,8,8
2025/12/8 05:19,Student,Male,7,8,8,7,8,8
2025/12/8 05:27,Student,Female,6,8,8,6,9,8
2025/12/8 05:42,Student,Male,7,8,8,7,8,8
2025/12/8 05:46,Student,Male,7,8,8,7,8,8
2025/12/8 05:49,Student,Female,6,8,8,6,9,8
2025/12/8 05:49,Student,Other,4,6,6,8,8,4
2025/12/8 05:50,Student,Male,7,8,8,7,8,8
2025/12/8 05:52,Student,Male,7,8,8,7,8,8
2025/12/8 05:55,Student,Male,7,8,8,7,8,8
2025/12/8 05:59,Student,Female,6,8,8,6,9,8
2025/12/8 06:04,Student,Female,6,8,8,6,9,8
2025/12/8 06:10,Student,Male,7,8,8,7,8,8
2025/12/8 06:16,Student,Male,7,8,8,7,8,8
2025/12/8 06:20,Student,Female,6,8,8,6,9,8
2025/12/8 06:23,Student,Male,7,8,8,7,8,8
2025/12/8 06:29,Student,Male,7,8,8,7,8,8
2025/12/8 06:38,Student,Male,7,8,8,7,8,8
2025/12/8 06:40,Student,Male,7,8,8,7,8,8
2025/12/8 06:40,Student,Male,7,8,8,7,8,8
2025/12/8 06:43,Student,Male,7,8,8,7,8,8
2025/12/8 06:50,Student,Male,7,8,8,7,8,8
2025/12/8 06:55,Student,Male,7,8,8,7,8,8
2025/12/8 06:56,Student,Male,7,8,8,7,8,8
2025/12/8 07:03,Student,Male,7,8,8,7,8,8
2025/12/8 07:05,Student,Male,7,8,8,7,8,8
2025/12/8 07:07,Student,Male,7,8,8,7,8,8
2025/12/8 07:12,Student,Male,7,8,8,7,8,8
2025/12/8 07:13,Student,Male,7,8,8,7,8,8
2025/12/8 07:13,Student,Female,6,8,8,6,9,8
2025/12/8 07:15,Student,Male,7,8,8,7,8,8
2025/12/8 07:21,Student,Male,7,8,8,7,8,8
2025/12/8 07:22,Student,Female,6,8,8,6,9,8
2025/12/8 07:23,Student,Female,6,8,8,6,9,8
2025/12/8 07:54,Student,Male,7,8,8,7,8,8
2025/12/8 08:04,Student,Female,6,8,8,6,9,8
2025/12/8 08:16,Student,Male,7,8,8,7,8,8
2025/12/8 08:17,Student,Female,6,8,8,6,9,8
2025/12/8 08:18,Student,Female,6,8,8,6,9,8
2025/12/8 08:21,Student,Female,6,8,8,6,9,8
2025/12/8 08:27,Student,Male,7,8,8,7,8,8
2025/12/8 08:32,Student,Male,7,8,8,7,8,8
2025/12/8 08:42,Student,Male,7,8,8,7,8,8
2025/12/8 08:51,Student,Male,7,8,8,7,8,8
2025/12/8 08:55,Student,Male,7,8,8,7,8,8
2025/12/8 08:58,Student,Male,7,8,8,7,8,8
2025/12/8 09:01,Student,Male,7,8,8,7,8,8
2025/12/8 09:03,Student,Male,7,8,8,7,8,8
2025/12/8 09:10,Student,Male,7,8,8,7,8,8
2025/12/8 09:10,Student,Male,7,8,8,7,8,8
2025/12/8 09:18,Student,Male,7,8,8,7,8,8
2025/12/8 09:21,Student,Male,7,8,8,7,8,8
2025/12/8 09:22,Student,Male,7,8,8,7,8,8
2025/12/8 09:46,Student,Male,7,8,8,7,8,8
2025/12/8 09:48,Student,Male,7,8,8,7,8,8
2025/12/8 09:48,Student,Male,7,8,8,7,8,8
2025/12/8 09:51,Student,Male,7,8,8,7,8,8
2025/12/8 09:55,Student,Male,7,8,8,7,8,8
2025/12/8 09:58,Student,Male,7,8,8,7,8,8
2025/12/8 09:59,Student,Male,7,8,8,7,8,8
2025/12/8 10:03,Student,Female,6,8,8,6,9,8
2025/12/8 10:10,Student,Male,7,8,8,7,8,8
2025/12/8 10:15,Student,Female,6,8,8,6,9,8
2025/12/8 10:21,Student,Male,7,8,8,7,8,8
2025/12/8 10:23,Student,Male,7,8,8,7,8,8
2025/12/8 10:24,Student,Male,7,8,8,7,8,8
2025/12/8 10:33,Student,Female,6,8,8,6,9,8
2025/12/8 10:35,Student,Male,7,8,8,7,8,8
2025/12/8 10:43,Student,Female,6,8,8,6,9,8
2025/12/8 10:48,Student,Male,7,8,8,7,8,8
2025/12/8 10:57,Student,Male,7,8,8,7,8,8
2025/12/8 11:01,Student,Male,7,8,8,7,8,8
2025/12/8 11:04,Student,Male,7,8,8,7,8,8
2025/12/8 11:05,Student,Male,7,8,8,7,8,8
2025/12/8 11:07,Student,Male,7,8,8,7,8,8
2025/12/8 11:18,Student,Female,6,8,8,6,9,8
2025/12/8 11:26,Student,Male,7,8,8,7,8,8
2025/12/8 11:34,Student,Male,7,8,8,7,8,8
2025/12/8 11:34,Student,Male,7,8,8,7,8,8
2025/12/8 11:43,Student,Female,6,8,8,6,9,8
2025/12/8 11:43,Student,Male,7,8,8,7,8,8
2025/12/8 11:46,Student,Male,7,8,8,7,8,8
2025/12/8 11:48,Student,Male,7,8,8,7,8,8
2025/12/8 11:53,Student,Male,7,8,8,7,8,8
2025/12/8 11:58,Student,Female,6,8,8,6,9,8
2025/12/8 12:05,Student,Female,6,8,8,6,9,8
2025/12/8 12:05,Student,Male,7,8,8,7,8,8
2025/12/8 12:19,Student,Male,7,8,8,7,8,8
2025/12/8 12:19,Student,Male,7,8,8,7,8,8
2025/12/8 12:20,Student,Male,7,8,8,7,8,8
2025/12/8 12:22,Student,Male,7,8,8,7,8,8
2025/12/8 12:30,Student,Male,7,8,8,7,8,8
2025/12/8 12:38,Student,Male,7,8,8,7,8,8
2025/12/8 12:42,Student,Male,7,8,8,7,8,8
2025/12/8 13:01,Student,Female,6,8,8,6,9,8
2025/12/8 13:01,Student,Male,7,8,8,7,8,8
2025/12/8 13:02,Student,Female,6,8,8,6,9,8
2025/12/8 13:06,Student,Male,7,8,8,7,8,8
2025/12/8 13:13,Student,Male,7,8,8,7,8,8
2025/12/8 13:15,Student,Male,7,8,8,7,8,8
2025/12/8 13:17,Student,Male,7,8,8,7,8,8
2025/12/8 13:33,Student,Female,6,8,8,6,9,8
2025/12/8 13:40,Student,Male,7,8,8,7,8,8
2025/12/8 13:48,Student,Male,7,8,8,7,8,8
2025/12/8 13:49,Student,Female,6,8,8,6,9,8
2025/12/8 13:50,Student,Male,7,8,8,7,8,8
2025/12/8 13:52,Student,Male,7,8,8,7,8,8
2025/12/8 14:08,Student,Male,7,8,8,7,8,8
2025/12/8 14:10,Non-Student,Female,7,8,9,6,9,7
2025/12/8 14:15,Student,Female,6,8,8,6,9,8
2025/12/8 14:20,Student,Male,7,8,8,7,8,8
2025/12/8 14:23,Student,Male,7,8,8,7,8,8
2025/12/8 14:26,Student,Male,7,8,8,7,8,8
2025/12/8 14:26,Student,Male,7,8,8,7,8,8
2025/12/8 14:31,Student,Male,7,8,8,7,8,8
2025/12/8 14:35,Student,Male,7,8,8,7,8,8
2025/12/8 14:35,Student,Male,7,8,8,7,8,8
2025/12/8 14:38,Student,Male,7,8,8,7,8,8
2025/12/8 14:40,Student,Male,7,8,8,7,8,8
2025/12/8 14:46,Student,Male,7,8,8,7,8,8
2025/12/8 14:50,Student,Male,7,8,8,7,8,8
2025/12/8 15:05,Student,Male,7,8,8,7,8,8
2025/12/8 15:11,Student,Female,6,8,8,6,9,8
2025/12/8 15:13,Student,Male,7,8,8,7,8,8
2025/12/8 15:20,Student,Female,6,8,8,6,9,8
2025/12/8 15:20,Student,Male,7,8,8,7,8,8
2025/12/8 15:20,Student,Male,7,8,8,7,8,8
2025/12/8 15:22,Student,Male,7,8,8,7,8,8
2025/12/8 15:23,Student,Male,7,8,8,7,8,8
2025/12/8 15:30,Non-Student,Male,6,10,10,6,10,6
2025/12/8 15:50,Student,Male,7,8,8,7,8,8
2025/12/8 15:51,Student,Female,6,8,8,6,9,8
2025/12/8 15:51,Student,Male,7,8,8,7,8,8
2025/12/8 15:59,Student,Male,7,8,8,7,8,8
2025/12/8 16:04,Student,Male,7,8,8,7,8,8
2025/12/8 16:04,Student,Male,7,8,8,7,8,8
2025/12/8 16:12,Student,Male,7,8,8,7,8,8
2025/12/8 16:15,Student,Male,7,8,8,7,8,8
2025/12/8 16:25,Student,Male,7,8,8,7,8,8
2025/12/8 16:45,Student,Male,7,8,8,7,8,8
2025/12/8 16:49,Student,Male,7,8,8,7,8,8
2025/12/8 16:51,Student,Male,7,8,8,7,8,8
2025/12/8 16:55,Student,Male,7,8,8,7,8,8
2025/12/8 17:12,Student,Other,4,6,6,8,8,4
2025/12/8 17:13,Student,Male,7,8,8,7,8,8
2025/12/8 17:20,Student,Male,7,8,8,7,8,8
2025/12/8 17:46,Student,Male,7,8,8,7,8,8
2025/12/8 17:59,Student,Male,7,8,8,7,8,8
2025/12/8 18:12,Student,Female,6,8,8,6,9,8
2025/12/8 18:21,Student,Male,7,8,8,7,8,8
2025/12/8 18:21,Student,Male,7,8,8,7,8,8
2025/12/8 18:22,Student,Male,7,8,8,7,8,8
2025/12/8 18:23,Student,Male,7,8,8,7,8,8
2025/12/8 18:24,Student,Male,7,8,8,7,8,8
2025/12/8 18:29,Student,Female,6,8,8,6,9,8
2025/12/8 18:32,Student,Female,6,8,8,6,9,8
2025/12/8 19:00,Student,Male,7,8,8,7,8,8
2025/12/8 19:01,Student,Female,6,8,8,6,9,8
2025/12/8 19:06,Student,Male,7,8,8,7,8,8
2025/12/8 19:06,Student,Male,7,8,8,7,8,8
2025/12/8 19:10,Student,Male,7,8,8,7,8,8
2025/12/8 19:12,Student,Male,7,8,8,7,8,8
2025/12/8 19:25,Student,Male,7,8,8,7,8,8
2025/12/8 19:38,Student,Male,7,8,8,7,8,8
2025/12/8 19:40,Student,Male,7,8,8,7,8,8
2025/12/8 19:47,Student,Male,7,8,8,7,8,8
2025/12/8 19:50,Student,Male,7,8,8,7,8,8
2025/12/8 20:02,Student,Female,6,8,8,6,9,8
2025/12/8 20:03,Student,Male,7,8,8,7,8,8
2025/12/8 20:09,Student,Other,4,6,6,8,8,4
2025/12/8 20:12,Non-Student,Female,7,8,9,6,9,7
2025/12/8 20:12,Student,Male,7,8,8,7,8,8
2025/12/8 20:14,Student,Male,7,8,8,7,8,8
2025/12/8 20:18,Student,Male,7,8,8,7,8,8
2025/12/8 20:26,Student,Female,6,8,8,6,9,8
2025/12/8 20:28,Student,Male,7,8,8,7,8,8
2025/12/8 20:33,Student,Male,7,8,8,7,8,8
2025/12/8 20:35,Student,Male,7,8,8,7,8,8
2025/12/8 20:37,Student,Female,6,8,8,6,9,8
2025/12/8 20:38,Student,Male,7,8,8,7,8,8
2025/12/8 20:49,Student,Female,6,8,8,6,9,8
2025/12/8 20:54,Student,Female,6,8,8,6,9,8
2025/12/8 21:03,Student,Male,7,8,8,7,8,8
2025/12/8 21:08,Student,Male,7,8,8,7,8,8
2025/12/8 21:13,Student,Male,7,8,8,7,8,8
2025/12/8 21:16,Student,Male,7,8,8,7,8,8
2025/12/8 21:30,Student,Male,7,8,8,7,8,8
2025/12/8 21:31,Student,Female,6,8,8,6,9,8
2025/12/8 21:38,Student,Male,7,8,8,7,8,8
2025/12/8 21:49,Student,Male,7,8,8,7,8,8
2025/12/8 22:00,Student,Male,7,8,8,7,8,8
2025/12/8 22:09,Student,Male,7,8,8,7,8,8
2025/12/8 22:20,Student,Male,7,8,8,7,8,8
2025/12/8 22:27,Student,Male,7,8,8,7,8,8
2025/12/8 22:41,Student,Male,7,8,8,7,8,8
2025/12/8 22:57,Student,Male,7,8,8,7,8,8
2025/12/8 22:59,Student,Male,7,8,8,7,8,8
2025/12/8 23:02,Student,Male,7,8,8,7,8,8
2025/12/8 23:10,Student,Male,7,8,8,7,8,8
2025/12/8 23:12,Student,Female,6,8,8,6,9,8
2025/12/8 23:17,Student,Male,7,8,8,7,8,8
2025/12/8 23:23,Student,Male,7,8,8,7,8,8
2025/12/8 23:28,Student,Male,7,8,8,7,8,8
2025/12/8 23:29,Student,Female,6,8,8,6,9,8
2025/12/8 23:33,Student,Male,7,8,8,7,8,8
2025/12/8 23:35,Student,Male,7,8,8,7,8,8
2025/12/9 00:04,Student,Female,6,8,8,6,9,8
2025/12/9 00:07,Student,Male,7,8,8,7,8,8
2025/12/9 00:08,Student,Male,7,8,8,7,8,8
2025/12/9 00:08,Student,Male,7,8,8,7,8,8
2025/12/9 00:11,Student,Male,7,8,8,7,8,8
2025/12/9 00:24,Student,Female,6,8,8,6,9,8
2025/12/9 00:28,Student,Male,7,8,8,7,8,8
2025/12/9 00:31,Student,Female,6,8,8,6,9,8
2025/12/9 00:34,Student,Male,7,8,8,7,8,8
2025/12/9 00:42,Student,Male,7,8,8,7,8,8
2025/12/9 00:53,Student,Female,6,8,8,6,9,8
2025/12/9 00:58,Student,Male,7,8,8,7,8,8
2025/12/9 01:04,Student,Male,7,8,8,7,8,8
2025/12/9 01:09,Non-Student,Female,7,8,9,6,9,7
2025/12/9 01:19,Student,Male,7,8,8,7,8,8
2025/12/9 01:31,Student,Male,7,8,8,7,8,8
2025/12/9 01:33,Student,Male,7,8,8,7,8,8
2025/12/9 01:38,Student,Female,6,8,8,6,9,8
2025/12/9 01:38,Student,Female,6,8,8,6,9,8
2025/12/9 01:42,Student,Male,7,8,8,7,8,8
2025/12/9 01:46,Student,Male,7,8,8,7,8,8
2025/12/9 01:56,Student,Male,7,8,8,7,8,8
2025/12/9 02:12,Student,Male,7,8,8,7,8,8
2025/12/9 02:14,Student,Male,7,8,8,7,8,8
2025/12/9 02:22,Student,Female,6,8,8,6,9,8
2025/12/9 02:26,Student,Male,7,8,8,7,8,8
2025/12/9 02:30,Student,Male,7,8,8,7,8,8
2025/12/9 02:31,Student,Male,7,8,8,7,8,8
2025/12/9 02:36,Student,Male,7,8,8,7,8,8
2025/12/9 02:40,Student,Male,7,8,8,7,8,8
2025/12/9 02:44,Student,Male,7,8,8,7,8,8
2025/12/9 02:51,Student,Female,6,8,8,6,9,8
2025/12/9 02:54,Non-Student,Female,7,8,9,6,9,7
2025/12/9 02:58,Student,Male,7,8,8,7,8,8
2025/12/9 03:02,Student,Male,7,8,8,7,8,8
2025/12/9 03:16,Student,Male,7,8,8,7,8,8
2025/12/9 03:21,Student,Male,7,8,8,7,8,8
2025/12/9 03:23,Student,Male,7,8,8,7,8,8
2025/12/9 03:46,Student,Male,7,8,8,7,8,8
2025/12/9 03:49,Student,Male,7,8,8,7,8,8
2025/12/9 03:53,Non-Student,Female,7,8,9,6,9,7
2025/12/9 03:59,Student,Male,7,8,8,7,8,8
2025/12/9 04:16,Student,Male,7,8,8,7,8,8
2025/12/9 04:22,Student,Male,7,8,8,7,8,8
2025/12/9 04:36,Student,Male,7,8,8,7,8,8
2025/12/9 04:47,Student,Male,7,8,8,7,8,8
2025/12/9 05:01,Student,Female,6,8,8,6,9,8
2025/12/9 05:03,Student,Male,7,8,8,7,8,8
2025/12/9 05:08,Student,Female,6,8,8,6,9,8
2025/12/9 05:19,Student,Male,7,8,8,7,8,8
2025/12/9 05:21,Student,Female,6,8,8,6,9,8
2025/12/9 05:27,Student,Male,7,8,8,7,8,8
2025/12/9 05:28,Student,Male,7,8,8,7,8,8
2025/12/9 05:31,Student,Male,7,8,8,7,8,8
2025/12/9 05:34,Student,Female,6,8,8,6,9,8
2025/12/9 05:44,Student,Male,7,8,8,7,8,8
2025/12/9 06:00,Student,Male,7,8,8,7,8,8
2025/12/9 06:16,Student,Male,7,8,8,7,8,8
2025/12/9 06:19,Student,Female,6,8,8,6,9,8
2025/12/9 06:24,Student,Female,6,8,8,6,9,8
2025/12/9 06:25,Student,Other,4,6,6,8,8,4
2025/12/9 06:26,Student,Male,7,8,8,7,8,8
2025/12/9 06:26,Student,Male,7,8,8,7,8,8
2025/12/9 06:27,Student,Male,7,8,8,7,8,8
2025/12/9 06:30,Student,Male,7,8,8,7,8,8
2025/12/9 06:35,Student,Male,7,8,8,7,8,8
2025/12/9 06:40,Student,Female,6,8,8,6,9,8
2025/12/9 06:42,Student,Female,6,8,8,6,9,8
2025/12/9 06:48,Student,Male,7,8,8,7,8,8
2025/12/9 06:55,Student,Male,7,8,8,7,8,8
2025/12/9 07:00,Student,Male,7,8,8,7,8,8
2025/12/9 07:05,Student,Male,7,8,8,7,8,8
2025/12/9 07:06,Student,Male,7,8,8,7,8,8
2025/12/9 07:09,Student,Male,7,8,8,7,8,8
2025/12/9 07:13,Student,Female,6,8,8,6,9,8
2025/12/9 07:19,Non-Student,Female,7,8,9,6,9,7
2025/12/9 07:20,Student,Male,7,8,8,7,8,8
2025/12/9 07:23,Student,Female,6,8,8,6,9,8
2025/12/9 07:25,Student,Male,7,8,8,7,8,8
2025/12/9 07:42,Student,Male,7,8,8,7,8,8
2025/12/9 07:42,Student,Female,6,8,8,6,9,8
2025/12/9 07:53,Student,Male,7,8,8,7,8,8
2025/12/9 07:57,Student,Other,4,6,6,8,8,4
2025/12/9 08:01,Student,Female,6,8,8,6,9,8
2025/12/9 08:04,Student,Male,7,8,8,7,8,8
2025/12/9 08:06,Student,Male,7,8,8,7,8,8
2025/12/9 08:12,Student,Female,6,8,8,6,9,8
2025/12/9 08:34,Student,Male,7,8,8,7,8,8
2025/12/9 08:44,Student,Female,6,8,8,6,9,8
2025/12/9 08:45,Student,Female,6,8,8,6,9,8
2025/12/9 08:51,Student,Male,7,8,8,7,8,8
2025/12/9 08:55,Student,Male,7,8,8,7,8,8
2025/12/9 08:57,Student,Male,7,8,8,7,8,8
2025/12/9 09:00,Student,Female,6,8,8,6,9,8
2025/12/9 09:02,Student,Male,7,8,8,7,8,8
2025/12/9 09:06,Student,Other,4,6,6,8,8,4
2025/12/9 09:06,Student,Female,6,8,8,6,9,8
2025/12/9 09:28,Student,Male,7,8,8,7,8,8
2025/12/9 09:28,Student,Male,7,8,8,7,8,8
2025/12/9 09:44,Student,Male,7,8,8,7,8,8
2025/12/9 09:47,Student,Female,6,8,8,6,9,8
2025/12/9 09:51,Student,Male,7,8,8,7,8,8
2025/12/9 09:54,Student,Male,7,8,8,7,8,8
2025/12/9 09:57,Student,Male,7,8,8,7,8,8
2025/12/9 10:03,Student,Male,7,8,8,7,8,8
2025/12/9 10:06,Student,Male,7,8,8,7,8,8
2025/12/9 10:07,Student,Male,7,8,8,7,8,8
2025/12/9 10:19,Student,Female,6,8,8,6,9,8
2025/12/9 10:22,Non-Student,Female,7,8,9,6,9,7
2025/12/9 10:23,Student,Female,6,8,8,6,9,8
2025/12/9 10:28,Non-Student,Female,7,8,9,6,9,7
2025/12/9 10:28,Student,Male,7,8,8,7,8,8
2025/12/9 10:29,Student,Female,6,8,8,6,9,8
2025/12/9 10:33,Student,Female,6,8,8,6,9,8
2025/12/9 10:47,Student,Male,7,8,8,7,8,8
2025/12/9 11:40,Student,Male,7,8,8,7,8,8
2025/12/9 11:51,Student,Female,6,8,8,6,9,8
2025/12/9 11:55,Student,Male,7,8,8,7,8,8
2025/12/9 11:58,Student,Male,7,8,8,7,8,8
2025/12/9 11:59,Student,Male,7,8,8,7,8,8
2025/12/9 12:04,Student,Male,7,8,8,7,8,8
2025/12/9 12:09,Student,Male,7,8,8,7,8,8
2025/12/9 12:10,Student,Male,7,8,8,7,8,8
2025/12/9 12:10,Student,Male,7,8,8,7,8,8
2025/12/9 12:14,Student,Male,7,8,8,7,8,8
2025/12/9 12:15,Student,Female,6,8,8,6,9,8
2025/12/9 12:15,Student,Male,7,8,8,7,8,8
2025/12/9 12:19,Student,Male,7,8,8,7,8,8
2025/12/9 12:20,Student,Male,7,8,8,7,8,8
2025/12/9 12:26,Student,Male,7,8,8,7,8,8
2025/12/9 12:30,Student,Male,7,8,8,7,8,8
2025/12/9 12:38,Student,Male,7,8,8,7,8,8
2025/12/9 12:48,Student,Male,7,8,8,7,8,8
2025/12/9 12:54,Student,Male,7,8,8,7,8,8
2025/12/9 13:20,Student,Male,7,8,8,7,8,8
2025/12/9 13:26,Student,Male,7,8,8,7,8,8
2025/12/9 13:27,Student,Female,6,8,8,6,9,8
2025/12/9 13:31,Student,Male,7,8,8,7,8,8
2025/12/9 13:40,Student,Male,7,8,8,7,8,8
2025/12/9 13:48,Non-Student,Male,6,10,10,6,10,6
2025/12/9 13:50,Student,Male,7,8,8,7,8,8
2025/12/9 13:51,Student,Female,6,8,8,6,9,8
2025/12/9 13:52,Student,Female,6,8,8,6,9,8
2025/12/9 13:58,Student,Male,7,8,8,7,8,8
2025/12/9 13:59,Student,Female,6,8,8,6,9,8
2025/12/9 14:13,Student,Male,7,8,8,7,8,8
2025/12/9 14:17,Student,Male,7,8,8,7,8,8
2025/12/9 14:23,Student,Male,7,8,8,7,8,8
2025/12/9 14:29,Student,Male,7,8,8,7,8,8
2025/12/9 14:47,Student,Male,7,8,8,7,8,8
2025/12/9 15:00,Student,Male,7,8,8,7,8,8
2025/12/9 15:11,Student,Female,6,8,8,6,9,8
2025/12/9 15:16,Non-Student,Female,7,8,9,6,9,7
2025/12/9 15:22,Student,Male,7,8,8,7,8,8
2025/12/9 15:33,Student,Male,7,8,8,7,8,8
2025/12/9 15:34,Student,Female,6,8,8,6,9,8
2025/12/9 15:37,Student,Male,7,8,8,7,8,8
2025/12/9 15:37,Student,Male,7,8,8,7,8,8
2025/12/9 15:52,Student,Male,7,8,8,7,8,8
2025/12/9 16:08,Student,Male,7,8,8,7,8,8
2025/12/9 16:09,Student,Male,7,8,8,7,8,8
2025/12/9 16:23,Student,Male,7,8,8,7,8,8
2025/12/9 16:25,Student,Male,7,8,8,7,8,8
2025/12/9 16:31,Student,Female,6,8,8,6,9,8
2025/12/9 16:41,Student,Male,7,8,8,7,8,8
2025/12/9 16:42,Student,Male,7,8,8,7,8,8
2025/12/9 16:50,Student,Female,6,8,8,6,9,8
2025/12/9 16:54,Student,Male,7,8,8,7,8,8
2025/12/9 17:00,Student,Male,7,8,8,7,8,8
2025/12/9 17:02,Student,Male,7,8,8,7,8,8
2025/12/9 17:11,Student,Female,6,8,8,6,9,8
2025/12/9 17:13,Student,Male,7,8,8,7,8,8
2025/12/9 17:23,Student,Male,7,8,8,7,8,8
2025/12/9 17:26,Student,Male,7,8,8,7,8,8
2025/12/9 17:34,Student,Male,7,8,8,7,8,8
2025/12/9 17:39,Student,Male,7,8,8,7,8,8
2025/12/9 17:47,Student,Male,7,8,8,7,8,8
2025/12/9 17:58,Non-Student,Male,6,10,10,6,10,6
2025/12/9 17:59,Student,Female,6,8,8,6,9,8
2025/12/9 18:03,Student,Male,7,8,8,7,8,8
2025/12/9 18:05,Student,Other,4,6,6,8,8,4
2025/12/9 18:08,Student,Male,7,8,8,7,8,8
2025/12/9 18:13,Student,Male,7,8,8,7,8,8
2025/12/9 18:14,Student,Male,7,8,8,7,8,8
2025/12/9 18:14,Student,Male,7,8,8,7,8,8
2025/12/9 18:16,Student,Male,7,8,8,7,8,8
2025/12/9 18:26,Student,Male,7,8,8,7,8,8
2025/12/9 18:30,Student,Male,7,8,8,7,8,8
2025/12/9 18:32,Student,Female,6,8,8,6,9,8
2025/12/9 18:32,Student,Male,7,8,8,7,8,8
2025/12/9 18:34,Student,Male,7,8,8,7,8,8
2025/12/9 18:40,Student,Male,7,8,8,7,8,8
2025/12/9 18:44,Student,Female,6,8,8,6,9,8
2025/12/9 18:49,Student,Male,7,8,8,7,8,8
2025/12/9 18:52,Student,Male,7,8,8,7,8,8
2025/12/9 18:53,Student,Male,7,8,8,7,8,8
2025/12/9 18:56,Student,Male,7,8,8,7,8,8
2025/12/9 18:58,Student,Male,7,8,8,7,8,8
2025/12/9 18:59,Student,Male,7,8,8,7,8,8
2025/12/9 19:03,Student,Male,7,8,8,7,8,8
2025/12/9 19:08,Student,Male,7,8,8,7,8,8
2025/12/9 19:08,Student,Male,7,8,8,7,8,8
2025/12/9 19:16,Student,Male,7,8,8,7,8,8
2025/12/9 19:19,Student,Male,7,8,8,7,8,8
2025/12/9 19:32,Student,Male,7,8,8,7,8,8
2025/12/9 19:34,Student,Male,7,8,8,7,8,8
2025/12/9 19:36,Student,Female,6,8,8,6,9,8
2025/12/9 19:36,Non-Student,Female,7,8,9,6,9,7
2025/12/9 19:50,Student,Male,7,8,8,7,8,8
2025/12/9 20:04,Student,Female,6,8,8,6,9,8
2025/12/9 20:05,Non-Student,Female,7,8,9,6,9,7
2025/12/9 20:12,Student,Female,6,8,8,6,9,8
2025/12/9 20:30,Student,Male,7,8,8,7,8,8
2025/12/9 20:30,Student,Male,7,8,8,7,8,8
2025/12/9 20:39,Student,Male,7,8,8,7,8,8
2025/12/9 20:44,Student,Male,7,8,8,7,8,8
2025/12/9 20:46,Student,Male,7,8,8,7,8,8
2025/12/9 20:52,Student,Male,7,8,8,7,8,8
2025/12/9 20:59,Student,Female,6,8,8,6,9,8
2025/12/9 21:12,Student,Female,6,8,8,6,9,8
2025/12/9 21:18,Student,Male,7,8,8,7,8,8
2025/12/9 21:23,Student,Male,7,8,8,7,8,8
2025/12/9 21:25,Student,Male,7,8,8,7,8,8
2025/12/9 21:32,Student,Male,7,8,8,7,8,8
2025/12/9 21:35,Student,Male,7,8,8,7,8,8
2025/12/9 21:39,Student,Male,7,8,8,7,8,8
2025/12/9 21:49,Student,Female,6,8,8,6,9,8
2025/12/9 21:58,Student,Male,7,8,8,7,8,8
2025/12/9 22:11,Student,Female,6,8,8,6,9,8
2025/12/9 22:17,Student,Female,6,8,8,6,9,8
2025/12/9 22:19,Student,Male,7,8,8,7,8,8
2025/12/9 22:50,Student,Male,7,8,8,7,8,8
2025/12/9 22:59,Student,Male,7,8,8,7,8,8
2025/12/9 23:02,Student,Male,7,8,8,7,8,8
2025/12/9 23:04,Student,Male,7,8,8,7,8,8
2025/12/9 23:08,Student,Male,7,8,8,7,8,8
2025/12/9 23:33,Student,Male,7,8,8,7,8,8
2025/12/9 23:34,Student,Male,7,8,8,7,8,8
2025/12/9 23:37,Student,Male,7,8,8,7,8,8
2025/12/9 23:41,Student,Female,6,8,8,6,9,8
2025/12/9 23:42,Student,Male,7,8,8,7,8,8
2025/12/9 23:44,Student,Female,6,8,8,6,9,8
2025/12/9 23:50,Student,Male,7,8,8,7,8,8
2025/12/9 23:53,Student,Male,7,8,8,7,8,8
2025/12/9 23:56,Student,Male,7,8,8,7,8,8
2025/12/9 23:56,Non-Student,Female,7,8,9,6,9,7
2025/12/9 23:57,Student,Male,7,8,8,7,8,8
2025/12/9 23:59,Student,Male,7,8,8,7,8,8
2025/12/10 00:08,Student,Male,7,8,8,7,8,8
2025/12/10 00:17,Student,Male,7,8,8,7,8,8
2025/12/10 00:20,Student,Male,7,8,8,7,8,8
2025/12/10 00:27,Student,Male,7,8,8,7,8,8
2025/12/10 00:31,Student,Male,7,8,8,7,8,8
2025/12/10 00:32,Student,Male,7,8,8,7,8,8
2025/12/10 00:34,Student,Male,7,8,8,7,8,8
2025/12/10 00:35,Student,Female,6,8,8,6,9,8
2025/12/10 00:36,Student,Male,7,8,8,7,8,8
2025/12/10 00:47,Student,Male,7,8,8,7,8,8
2025/12/10 00:48,Student,Male,7,8,8,7,8,8
2025/12/10 01:36,Non-Student,Female,7,8,9,6,9,7
2025/12/10 01:37,Student,Male,7,8,8,7,8,8
2025/12/10 01:52,Student,Male,7,8,8,7,8,8
2025/12/10 01:57,Student,Female,6,8,8,6,9,8
2025/12/10 02:05,Student,Male,7,8,8,7,8,8
2025/12/10 02:05,Student,Male,7,8,8,7,8,8
2025/12/10 02:27,Student,Male,7,8,8,7,8,8
2025/12/10 02:29,Student,Male,7,8,8,7,8,8
2025/12/10 02:42,Student,Male,7,8,8,7,8,8
2025/12/10 02:55,Student,Female,6,8,8,6,9,8
2025/12/10 02:58,Non-Student,Female,7,8,9,6,9,7
2025/12/10 03:18,Student,Other,4,6,6,8,8,4
2025/12/10 03:26,Student,Male,7,8,8,7,8,8
2025/12/10 03:27,Student,Male,7,8,8,7,8,8
2025/12/10 03:32,Student,Female,6,8,8,6,9,8
2025/12/10 03:34,Student,Female,6,8,8,6,9,8
2025/12/10 03:41,Student,Male,7,8,8,7,8,8
2025/12/10 03:47,Student,Female,6,8,8,6,9,8
2025/12/10 03:50,Student,Male,7,8,8,7,8,8
2025/12/10 03:53,Student,Male,7,8,8,7,8,8
2025/12/10 03:54,Student,Male,7,8,8,7,8,8
2025/12/10 03:58,Student,Male,7,8,8,7,8,8
2025/12/10 04:02,Student,Male,7,8,8,7,8,8
2025/12/10 04:03,Student,Male,7,8,8,7,8,8
2025/12/10 04:03,Student,Male,7,8,8,7,8,8
2025/12/10 04:11,Student,Male,7,8,8,7,8,8
2025/12/10 04:12,Student,Male,7,8,8,7,8,8
2025/12/10 04:27,Student,Male,7,8,8,7,8,8
2025/12/10 04:34,Student,Female,6,8,8,6,9,8
2025/12/10 04:43,Student,Female,6,8,8,6,9,8
2025/12/10 04:43,Student,Female,6,8,8,6,9,8
2025/12/10 04:44,Student,Male,7,8,8,7,8,8
2025/12/10 04:50,Student,Male,7,8,8,7,8,8
2025/12/10 04:52,Non-Student,Female,7,8,9,6,9,7
2025/12/10 05:03,Student,Male,7,8,8,7,8,8
2025/12/10 05:20,Student,Male,7,8,8,7,8,8
2025/12/10 05:38,Student,Male,7,8,8,7,8,8
2025/12/10 05:47,Student,Male,7,8,8,7,8,8
2025/12/10 06:05,Student,Male,7,8,8,7,8,8
2025/12/10 06:16,Student,Male,7,8,8,7,8,8
2025/12/10 06:25,Student,Male,7,8,8,7,8,8
2025/12/10 06:30,Student,Female,6,8,8,6,9,8
2025/12/10 06:35,Student,Female,6,8,8,6,9,8
2025/12/10 06:37,Student,Male,7,8,8,7,8,8
2025/12/10 06:49,Student,Female,6,8,8,6,9,8
2025/12/10 07:09,Non-Student,Female,7,8,9,6,9,7
2025/12/10 07:11,Student,Male,7,8,8,7,8,8
2025/12/10 07:21,Student,Male,7,8,8,7,8,8
2025/12/10 07:24,Student,Male,7,8,8,7,8,8
2025/12/10 07:26,Student,Male,7,8,8,7,8,8
2025/12/10 07:32,Student,Male,7,8,8,7,8,8
2025/12/10 07:37,Non-Student,Female,7,8,9,6,9,7
2025/12/10 07:37,Student,Female,6,8,8,6,9,8
2025/12/10 07:40,Student,Male,7,8,8,7,8,8
2025/12/10 07:42,Non-Student,Female,7,8,9,6,9,7
2025/12/10 07:43,Student,Male,7,8,8,7,8,8
2025/12/10 07:44,Student,Male,7,8,8,7,8,8
2025/12/10 07:45,Student,Male,7,8,8,7,8,8
2025/12/10 07:55,Student,Male,7,8,8,7,8,8
2025/12/10 08:00,Student,Male,7,8,8,7,8,8
2025/12/10 08:02,Student,Male,7,8,8,7,8,8
2025/12/10 08:10,Student,Male,7,8,8,7,8,8
2025/12/10 08:15,Student,Male,7,8,8,7,8,8
2025/12/10 08:19,Student,Male,7,8,8,7,8,8
2025/12/10 08:20,Student,Male,7,8,8,7,8,8
2025/12/10 08:27,Student,Female,6,8,8,6,9,8
2025/12/10 08:34,Student,Male,7,8,8,7,8,8
2025/12/10 08:41,Student,Male,7,8,8,7,8,8
2025/12/10 08:47,Non-Student,Female,7,8,9,6,9,7
2025/12/10 08:48,Student,Male,7,8,8,7,8,8
2025/12/10 08:55,Student,Male,7,8,8,7,8,8
2025/12/10 09:32,Student,Female,6,8,8,6,9,8
2025/12/10 09:55,Student,Male,7,8,8,7,8,8
2025/12/10 10:21,Student,Female,6,8,8,6,9,8
2025/12/10 10:21,Student,Male,7,8,8,7,8,8
2025/12/10 10:37,Student,Female,6,8,8,6,9,8
2025/12/10 10:48,Student,Male,7,8,8,7,8,8
2025/12/10 10:59,Student,Male,7,8,8,7,8,8
2025/12/10 11:07,Student,Female,6,8,8,6,9,8
2025/12/10 11:09,Student,Female,6,8,8,6,9,8
2025/12/10 11:19,Non-Student,Male,6,10,10,6,10,6
2025/12/10 11:38,Student,Female,6,8,8,6,9,8
2025/12/10 11:41,Non-Student,Female,7,8,9,6,9,7
2025/12/10 11:50,Student,Male,7,8,8,7,8,8
2025/12/10 11:53,Student,Male,7,8,8,7,8,8
2025/12/10 11:59,Student,Male,7,8,8,7,8,8
2025/12/10 12:08,Student,Male,7,8,8,7,8,8
2025/12/10 12:13,Non-Student,Female,7,8,9,6,9,7
2025/12/10 12:13,Student,Female,6,8,8,6,9,8
2025/12/10 12:20,Student,Male,7,8,8,7,8,8
2025/12/10 12:27,Student,Male,7,8,8,7,8,8
2025/12/10 12:28,Student,Male,7,8,8,7,8,8
2025/12/10 12:36,Student,Male,7,8,8,7,8,8
2025/12/10 12:37,Student,Male,7,8,8,7,8,8
2025/12/10 12:39,Student,Male,7,8,8,7,8,8
2025/12/10 12:40,Student,Male,7,8,8,7,8,8
2025/12/10 12:48,Student,Female,6,8,8,6,9,8
2025/12/10 13:14,Student,Male,7,8,8,7,8,8
2025/12/10 13:16,Student,Female,6,8,8,6,9,8
2025/12/10 13:17,Student,Female,6,8,8,6,9,8
2025/12/10 13:30,Student,Female,6,8,8,6,9,8
2025/12/10 13:34,Student,Male,7,8,8,7,8,8
2025/12/10 13:35,Student,Female,6,8,8,6,9,8
2025/12/10 13:44,Student,Male,7,8,8,7,8,8
2025/12/10 13:56,Student,Male,7,8,8,7,8,8
2025/12/10 14:02,Student,Male,7,8,8,7,8,8
2025/12/10 14:16,Student,Male,7,8,8,7,8,8
2025/12/10 14:22,Student,Male,7,8,8,7,8,8
2025/12/10 14:36,Student,Male,7,8,8,7,8,8
2025/12/10 14:42,Student,Male,7,8,8,7,8,8
2025/12/10 14:48,Student,Male,7,8,8,7,8,8
2025/12/10 14:49,Student,Male,7,8,8,7,8,8
2025/12/10 14:49,Student,Female,6,8,8,6,9,8
2025/12/10 14:51,Student,Male,7,8,8,7,8,8
2025/12/10 14:56,Student,Male,7,8,8,7,8,8
2025/12/10 15:03,Student,Male,7,8,8,7,8,8
2025/12/10 15:14,Student,Male,7,8,8,7,8,8
2025/12/10 15:22,Student,Male,7,8,8,7,8,8
2025/12/10 15:23,Student,Male,7,8,8,7,8,8
2025/12/10 15:24,Student,Female,6,8,8,6,9,8
2025/12/10 15:44,Student,Male,7,8,8,7,8,8
2025/12/10 15:49,Non-Student,Female,7,8,9,6,9,7
2025/12/10 15:50,Student,Female,6,8,8,6,9,8
2025/12/10 15:58,Student,Female,6,8,8,6,9,8
2025/12/10 15:58,Student,Male,7,8,8,7,8,8
2025/12/10 16:12,Student,Male,7,8,8,7,8,8
2025/12/10 16:12,Student,Male,7,8,8,7,8,8
2025/12/10 16:18,Student,Other,4,6,6,8,8,4
2025/12/10 16:20,Non-Student,Female,7,8,9,6,9,7
2025/12/10 16:27,Student,Male,7,8,8,7,8,8
2025/12/10 16:36,Student,Male,7,8,8,7,8,8
2025/12/10 16:42,Student,Male,7,8,8,7,8,8
2025/12/10 16:53,Student,Male,7,8,8,7,8,8
2025/12/10 16:56,Student,Male,7,8,8,7,8,8
2025/12/10 17:03,Student,Male,7,8,8,7,8,8
2025/12/10 17:03,Student,Male,7,8,8,7,8,8
2025/12/10 17:05,Student,Male,7,8,8,7,8,8
2025/12/10 17:09,Student,Female,6,8,8,6,9,8
2025/12/10 17:22,Student,Male,7,8,8,7,8,8
2025/12/10 17:23,Student,Male,7,8,8,7,8,8
2025/12/10 17:28,Student,Female,6,8,8,6,9,8
2025/12/10 17:29,Student,Female,6,8,8,6,9,8
2025/12/10 17:39,Student,Male,7,8,8,7,8,8
2025/12/10 17:39,Student,Male,7,8,8,7,8,8
2025/12/10 17:43,Student,Female,6,8,8,6,9,8
2025/12/10 17:52,Student,Male,7,8,8,7,8,8
2025/12/10 18:02,Student,Male,7,8,8,7,8,8
2025/12/10 18:08,Student,Female,6,8,8,6,9,8
2025/12/10 18:08,Student,Male,7,8,8,7,8,8
2025/12/10 18:12,Student,Male,7,8,8,7,8,8
2025/12/10 18:19,Student,Female,6,8,8,6,9,8
2025/12/10 18:29,Student,Male,7,8,8,7,8,8
2025/12/10 18:32,Student,Female,6,8,8,6,9,8
2025/12/10 18:44,Student,Male,7,8,8,7,8,8
2025/12/10 18:45,Student,Male,7,8,8,7,8,8
2025/12/10 19:04,Student,Female,6,8,8,6,9,8
2025/12/10 19:10,Student,Female,6,8,8,6,9,8
2025/12/10 19:13,Student,Male,7,8,8,7,8,8
2025/12/10 19:21,Student,Female,6,8,8,6,9,8
2025/12/10 19:25,Student,Male,7,8,8,7,8,8
2025/12/10 19:30,Student,Male,7,8,8,7,8,8
2025/12/10 19:31,Student,Male,7,8,8,7,8,8
2025/12/10 19:33,Student,Male,7,8,8,7,8,8
2025/12/10 19:34,Student,Male,7,8,8,7,8,8
2025/12/10 19:34,Student,Male,7,8,8,7,8,8
2025/12/10 19:35,Student,Male,7,8,8,7,8,8
2025/12/10 19:37,Student,Male,7,8,8,7,8,8
2025/12/10 19:49,Student,Male,7,8,8,7,8,8
2025/12/10 19:52,Student,Male,7,8,8,7,8,8
2025/12/10 20:03,Student,Male,7,8,8,7,8,8
2025/12/10 20:06,Student,Male,7,8,8,7,8,8
2025/12/10 20:07,Student,Female,6,8,8,6,9,8
2025/12/10 20:13,Student,Female,6,8,8,6,9,8
2025/12/10 20:17,Student,Female,6,8,8,6,9,8
2025/12/10 20:25,Student,Male,7,8,8,7,8,8
2025/12/10 20:27,Student,Male,7,8,8,7,8,8
2025/12/10 20:27,Student,Male,7,8,8,7,8,8
2025/12/10 20:31,Student,Female,6,8,8,6,9,8
2025/12/10 21:01,Student,Male,7,8,8,7,8,8
2025/12/10 21:05,Student,Male,7,8,8,7,8,8
2025/12/10 21:08,Student,Male,7,8,8,7,8,8
2025/12/10 21:09,Student,Male,7,8,8,7,8,8
2025/12/10 21:19,Student,Male,7,8,8,7,8,8
2025/12/10 21:19,Student,Male,7,8,8,7,8,8
2025/12/10 21:23,Student,Male,7,8,8,7,8,8
2025/12/10 21:26,Student,Male,7,8,8,7,8,8
2025/12/10 21:33,Student,Male,7,8,8,7,8,8
2025/12/10 21:50,Student,Male,7,8,8,7,8,8
2025/12/10 21:54,Student,Male,7,8,8,7,8,8
2025/12/10 21:55,Student,Male,7,8,8,7,8,8
2025/12/10 22:02,Student,Female,6,8,8,6,9,8
2025/12/10 22:04,Student,Male,7,8,8,7,8,8
2025/12/10 22:05,Student,Male,7,8,8,7,8,8
2025/12/10 22:08,Student,Female,6,8,8,6,9,8
2025/12/10 22:08,Student,Male,7,8,8,7,8,8
2025/12/10 22:09,Student,Female,6,8,8,6,9,8
2025/12/10 22:10,Student,Male,7,8,8,7,8,8
2025/12/10 22:15,Student,Male,7,8,8,7,8,8
2025/12/10 22:22,Student,Male,7,8,8,7,8,8
2025/12/10 22:32,Student,Male,7,8,8,7,8,8
2025/12/10 22:34,Student,Female,6,8,8,6,9,8
2025/12/10 22:39,Student,Male,7,8,8,7,8,8
2025/12/10 22:42,Student,Male,7,8,8,7,8,8
2025/12/10 22:43,Student,Other,4,6,6,8,8,4
2025/12/10 22:46,Student,Male,7,8,8,7,8,8
2025/12/10 22:47,Student,Male,7,8,8,7,8,8
2025/12/10 23:02,Student,Male,7,8,8,7,8,8
2025/12/10 23:05,Student,Female,6,8,8,6,9,8
2025/12/10 23:09,Student,Male,7,8,8,7,8,8
2025/12/10 23:09,Student,Female,6,8,8,6,9,8
2025/12/10 23:16,Student,Female,6,8,8,6,9,8
2025/12/10 23:20,Student,Female,6,8,8,6,9,8
2025/12/10 23:26,Student,Male,7,8,8,7,8,8
2025/12/10 23:27,Student,Male,7,8,8,7,8,8
2025/12/10 23:30,Student,Male,7,8,8,7,8,8
2025/12/10 23:36,Student,Male,7,8,8,7,8,8
2025/12/10 23:44,Student,Male,7,8,8,7,8,8
2025/12/10 23:45,Student,Male,7,8,8,7,8,8
2025/12/10 23:51,Student,Male,7,8,8,7,8,8
2025/12/10 23:51,Student,Male,7,8,8,7,8,8
2025/12/10 23:54,Student,Male,7,8,8,7,8,8
2025/12/10 23:56,Student,Male,7,8,8,7,8,8
2025/12/10 23:56,Student,Male,7,8,8,7,8,8
2025/12/11 00:03,Student,Female,6,8,8,6,9,8
2025/12/11 00:12,Non-Student,Female,7,8,9,6,9,7
2025/12/11 00:12,Non-Student,Female,7,8,9,6,9,7
2025/12/11 00:14,Student,Male,7,8,8,7,8,8
2025/12/11 00:19,Student,Other,4,6,6,8,8,4
2025/12/11 00:21,Student,Female,6,8,8,6,9,8
2025/12/11 00:24,Student,Male,7,8,8,7,8,8
2025/12/11 00:38,Student,Male,7,8,8,7,8,8
2025/12/11 00:41,Student,Female,6,8,8,6,9,8
2025/12/11 01:06,Student,Male,7,8,8,7,8,8
2025/12/11 01:13,Student,Female,6,8,8,6,9,8
2025/12/11 01:13,Student,Male,7,8,8,7,8,8
2025/12/11 01:13,Student,Male,7,8,8,7,8,8
2025/12/11 01:16,Student,Male,7,8,8,7,8,8
2025/12/11 01:24,Student,Female,6,8,8,6,9,8
2025/12/11 01:30,Student,Female,6,8,8,6,9,8
2025/12/11 01:31,Student,Male,7,8,8,7,8,8
2025/12/11 01:38,Student,Male,7,8,8,7,8,8
2025/12/11 01:41,Student,Male,7,8,8,7,8,8
2025/12/11 01:42,Student,Male,7,8,8,7,8,8
2025/12/11 01:47,Student,Male,7,8,8,7,8,8
2025/12/11 01:50,Student,Female,6,8,8,6,9,8
2025/12/11 01:54,Student,Female,6,8,8,6,9,8
2025/12/11 01:58,Student,Male,7,8,8,7,8,8
2025/12/11 02:06,Student,Female,6,8,8,6,9,8
2025/12/11 02:11,Student,Male,7,8,8,7,8,8
2025/12/11 02:11,Student,Male,7,8,8,7,8,8
2025/12/11 02:15,Non-Student,Female,7,8,9,6,9,7
2025/12/11 02:28,Student,Female,6,8,8,6,9,8
2025/12/11 02:32,Student,Male,7,8,8,7,8,8
2025/12/11 02:40,Student,Female,6,8,8,6,9,8
2025/12/11 02:50,Student,Male,7,8,8,7,8,8
2025/12/11 02:55,Student,Male,7,8,8,7,8,8
2025/12/11 02:56,Student,Female,6,8,8,6,9,8
2025/12/11 02:57,Student,Male,7,8,8,7,8,8
2025/12/11 03:02,Student,Male,7,8,8,7,8,8
2025/12/11 03:05,Student,Male,7,8,8,7,8,8
2025/12/11 03:10,Student,Male,7,8,8,7,8,8
2025/12/11 03:17,Student,Male,7,8,8,7,8,8
2025/12/11 03:18,Student,Female,6,8,8,6,9,8
2025/12/11 03:20,Student,Male,7,8,8,7,8,8
2025/12/11 03:34,Student,Male,7,8,8,7,8,8
2025/12/11 03:37,Student,Male,7,8,8,7,8,8
2025/12/11 03:38,Student,Male,7,8,8,7,8,8
2025/12/11 03:49,Student,Male,7,8,8,7,8,8
2025/12/11 04:02,Student,Male,7,8,8,7,8,8
2025/12/11 04:18,Student,Female,6,8,8,6,9,8
2025/12/11 04:18,Student,Female,6,8,8,6,9,8
2025/12/11 04:23,Student,Female,6,8,8,6,9,8
2025/12/11 04:35,Student,Male,7,8,8,7,8,8
2025/12/11 04:54,Student,Male,7,8,8,7,8,8
2025/12/11 04:57,Student,Female,6,8,8,6,9,8
2025/12/11 04:59,Student,Male,7,8,8,7,8,8
2025/12/11 05:04,Student,Male,7,8,8,7,8,8
2025/12/11 05:04,Student,Female,6,8,8,6,9,8
2025/12/11 05:04,Student,Male,7,8,8,7,8,8
2025/12/11 05:15,Student,Male,7,8,8,7,8,8
2025/12/11 05:24,Student,Male,7,8,8,7,8,8
2025/12/11 05:43,Student,Male,7,8,8,7,8,8
2025/12/11 05:58,Student,Male,7,8,8,7,8,8
2025/12/11 06:13,Student,Male,7,8,8,7,8,8
2025/12/11 06:18,Student,Male,7,8,8,7,8,8
2025/12/11 06:33,Student,Male,7,8,8,7,8,8
2025/12/11 06:39,Student,Male,7,8,8,7,8,8
2025/12/11 06:41,Student,Male,7,8,8,7,8,8
2025/12/11 06:44,Student,Male,7,8,8,7,8,8
2025/12/11 06:45,Student,Female,6,8,8,6,9,8
2025/12/11 06:47,Student,Male,7,8,8,7,8,8
2025/12/11 06:51,Student,Male,7,8,8,7,8,8
2025/12/11 06:51,Student,Female,6,8,8,6,9,8
2025/12/11 06:54,Student,Male,7,8,8,7,8,8
2025/12/11 06:57,Student,Male,7,8,8,7,8,8
2025/12/11 07:01,Student,Male,7,8,8,7,8,8
2025/12/11 07:01,Student,Male,7,8,8,7,8,8
2025/12/11 07:08,Student,Male,7,8,8,7,8,8
2025/12/11 07:12,Student,Male,7,8,8,7,8,8
2025/12/11 07:14,Student,Female,6,8,8,6,9,8
2025/12/11 07:19,Student,Male,7,8,8,7,8,8
2025/12/11 07:24,Student,Male,7,8,8,7,8,8
2025/12/11 07:25,Student,Female,6,8,8,6,9,8
2025/12/11 07:27,Student,Female,6,8,8,6,9,8
2025/12/11 07:31,Student,Female,6,8,8,6,9,8
2025/12/11 07:31,Student,Male,7,8,8,7,8,8
2025/12/11 07:34,Student,Female,6,8,8,6,9,8
2025/12/11 07:43,Student,Female,6,8,8,6,9,8
2025/12/11 07:53,Student,Female,6,8,8,6,9,8
2025/12/11 07:53,Student,Male,7,8,8,7,8,8
2025/12/11 08:21,Student,Male,7,8,8,7,8,8
2025/12/11 08:26,Student,Female,6,8,8,6,9,8
2025/12/11 08:26,Student,Male,7,8,8,7,8,8
2025/12/11 08:26,Student,Male,7,8,8,7,8,8
2025/12/11 08:32,Student,Male,7,8,8,7,8,8
2025/12/11 08:34,Student,Male,7,8,8,7,8,8
2025/12/11 08:47,Student,Female,6,8,8,6,9,8
2025/12/11 08:50,Non-Student,Male,6,10,10,6,10,6
2025/12/11 09:10,Student,Female,6,8,8,6,9,8
2025/12/11 09:10,Student,Female,6,8,8,6,9,8
2025/12/11 09:19,Student,Male,7,8,8,7,8,8
2025/12/11 09:43,Student,Female,6,8,8,6,9,8
2025/12/11 09:43,Student,Male,7,8,8,7,8,8
2025/12/11 09:51,Student,Male,7,8,8,7,8,8
2025/12/11 09:52,Student,Male,7,8,8,7,8,8
2025/12/11 09:52,Student,Male,7,8,8,7,8,8
2025/12/11 09:58,Student,Female,6,8,8,6,9,8
2025/12/11 10:02,Student,Female,6,8,8,6,9,8
2025/12/11 10:13,Student,Male,7,8,8,7,8,8
2025/12/11 10:16,Student,Male,7,8,8,7,8,8
2025/12/11 10:21,Student,Male,7,8,8,7,8,8
2025/12/11 10:30,Student,Male,7,8,8,7,8,8
2025/12/11 10:33,Student,Male,7,8,8,7,8,8
2025/12/11 10:33,Student,Male,7,8,8,7,8,8
2025/12/11 10:34,Student,Male,7,8,8,7,8,8
2025/12/11 10:35,Student,Female,6,8,8,6,9,8
2025/12/11 10:44,Student,Male,7,8,8,7,8,8
2025/12/11 10:57,Student,Male,7,8,8,7,8,8
2025/12/11 11:00,Student,Male,7,8,8,7,8,8
2025/12/11 11:02,Student,Female,6,8,8,6,9,8
2025/12/11 11:09,Student,Male,7,8,8,7,8,8
2025/12/11 11:12,Student,Female,6,8,8,6,9,8
2025/12/11 11:18,Student,Male,7,8,8,7,8,8
2025/12/11 11:21,Student,Male,7,8,8,7,8,8
2025/12/11 11:26,Student,Male,7,8,8,7,8,8
2025/12/11 11:28,Student,Female,6,8,8,6,9,8
2025/12/11 11:28,Student,Male,7,8,8,7,8,8
2025/12/11 11:36,Student,Female,6,8,8,6,9,8
2025/12/11 11:42,Student,Male,7,8,8,7,8,8
2025/12/11 11:43,Student,Male,7,8,8,7,8,8
2025/12/11 11:45,Student,Female,6,8,8,6,9,8
2025/12/11 11:53,Student,Male,7,8,8,7,8,8
2025/12/11 11:58,Student,Male,7,8,8,7,8,8
2025/12/11 12:01,Student,Male,7,8,8,7,8,8
2025/12/11 12:04,Student,Male,7,8,8,7,8,8
2025/12/11 12:12,Student,Female,6,8,8,6,9,8
2025/12/11 12:20,Student,Male,7,8,8,7,8,8
2025/12/11 12:24,Student,Female,6,8,8,6,9,8
2025/12/11 12:25,Student,Male,7,8,8,7,8,8
2025/12/11 12:39,Student,Male,7,8,8,7,8,8
2025/12/11 12:44,Student,Male,7,8,8,7,8,8
2025/12/11 12:56,Student,Male,7,8,8,7,8,8
2025/12/11 13:05,Student,Male,7,8,8,7,8,8
2025/12/11 13:19,Student,Male,7,8,8,7,8,8
2025/12/11 13:20,Student,Male,7,8,8,7,8,8
2025/12/11 13:25,Student,Male,7,8,8,7,8,8
2025/12/11 13:32,Student,Female,6,8,8,6,9,8
2025/12/11 13:40,Student,Other,4,6,6,8,8,4
2025/12/11 13:46,Student,Female,6,8,8,6,9,8
2025/12/11 13:47,Student,Male,7,8,8,7,8,8
2025/12/11 13:50,Student,Male,7,8,8,7,8,8
2025/12/11 13:55,Student,Female,6,8,8,6,9,8
2025/12/11 13:58,Student,Male,7,8,8,7,8,8
2025/12/11 14:12,Student,Female,6,8,8,6,9,8
2025/12/11 14:13,Student,Female,6,8,8,6,9,8
2025/12/11 14:17,Student,Male,7,8,8,7,8,8
2025/12/11 14:18,Student,Male,7,8,8,7,8,8
2025/12/11 14:37,Student,Male,7,8,8,7,8,8
2025/12/11 14:41,Student,Male,7,8,8,7,8,8
2025/12/11 14:47,Student,Male,7,8,8,7,8,8
2025/12/11 15:05,Student,Female,6,8,8,6,9,8
2025/12/11 15:06,Student,Male,7,8,8,7,8,8
2025/12/11 15:07,Student,Male,7,8,8,7,8,8
2025/12/11 15:12,Non-Student,Female,7,8,9,6,9,7
2025/12/11 15:20,Student,Male,7,8,8,7,8,8
2025/12/11 15:28,Student,Male,7,8,8,7,8,8
2025/12/11 15:48,Student,Male,7,8,8,7,8,8
2025/12/11 15:49,Student,Male,7,8,8,7,8,8
2025/12/11 15:49,Student,Male,7,8,8,7,8,8
2025/12/11 15:50,Student,Female,6,8,8,6,9,8
2025/12/11 15:52,Student,Female,6,8,8,6,9,8
2025/12/11 15:53,Student,Male,7,8,8,7,8,8
2025/12/11 15:56,Student,Female,6,8,8,6,9,8
2025/12/11 16:02,Student,Male,7,8,8,7,8,8
2025/12/11 16:07,Student,Female,6,8,8,6,9,8
2025/12/11 16:07,Student,Female,6,8,8,6,9,8
2025/12/11 16:11,Student,Male,7,8,8,7,8,8
2025/12/11 16:28,Student,Male,7,8,8,7,8,8
2025/12/11 16:30,Student,Female,6,8,8,6,9,8
2025/12/11 16:35,Student,Male,7,8,8,7,8,8
2025/12/11 16:47,Student,Male,7,8,8,7,8,8
2025/12/11 16:52,Student,Male,7,8,8,7,8,8
2025/12/11 16:53,Student,Female,6,8,8,6,9,8
2025/12/11 17:00,Non-Student,Female,7,8,9,6,9,7
2025/12/11 17:01,Student,Female,6,8,8,6,9,8
2025/12/11 17:06,Student,Male,7,8,8,7,8,8
2025/12/11 17:09,Non-Student,Male,6,10,10,6,10,6
2025/12/11 17:10,Student,Male,7,8,8,7,8,8
2025/12/11 17:19,Student,Male,7,8,8,7,8,8
2025/12/11 17:24,Student,Male,7,8,8,7,8,8
2025/12/11 17:49,Student,Male,7,8,8,7,8,8
2025/12/11 17:52,Student,Male,7,8,8,7,8,8
2025/12/11 18:02,Student,Male,7,8,8,7,8,8
2025/12/11 18:03,Student,Male,7,8,8,7,8,8
2025/12/11 18:08,Student,Male,7,8,8,7,8,8
2025/12/11 18:10,Student,Male,7,8,8,7,8,8
2025/12/11 18:16,Student,Male,7,8,8,7,8,8
2025/12/11 18:22,Student,Male,7,8,8,7,8,8
2025/12/11 18:34,Student,Male,7,8,8,7,8,8
2025/12/11 18:37,Student,Male,7,8,8,7,8,8
2025/12/11 18:38,Student,Male,7,8,8,7,8,8
2025/12/11 18:46,Student,Male,7,8,8,7,8,8
2025/12/11 18:48,Student,Male,7,8,8,7,8,8
2025/12/11 18:48,Student,Male,7,8,8,7,8,8
2025/12/11 18:49,Student,Female,6,8,8,6,9,8
2025/12/11 18:49,Student,Male,7,8,8,7,8,8
2025/12/11 18:54,Student,Male,7,8,8,7,8,8
2025/12/11 18:58,Student,Male,7,8,8,7,8,8
2025/12/11 19:01,Student,Male,7,8,8,7,8,8
2025/12/11 19:08,Student,Male,7,8,8,7,8,8
2025/12/11 19:10,Student,Male,7,8,8,7,8,8
2025/12/11 19:10,Student,Male,7,8,8,7,8,8
2025/12/11 19:19,Student,Male,7,8,8,7,8,8
2025/12/11 19:26,Student,Male,7,8,8,7,8,8
2025/12/11 19:26,Student,Male,7,8,8,7,8,8
2025/12/11 19:27,Student,Male,7,8,8,7,8,8
2025/12/11 19:29,Student,Male,7,8,8,7,8,8
2025/12/11 19:36,Student,Female,6,8,8,6,9,8
2025/12/11 19:36,Student,Male,7,8,8,7,8,8
2025/12/11 19:43,Student,Male,7,8,8,7,8,8
2025/12/11 19:52,Student,Male,7,8,8,7,8,8
2025/12/11 19:59,Student,Male,7,8,8,7,8,8
2025/12/11 20:01,Non-Student,Female,7,8,9,6,9,7
2025/12/11 20:03,Student,Male,7,8,8,7,8,8
2025/12/11 20:08,Student,Male,7,8,8,7,8,8
2025/12/11 20:19,Student,Male,7,8,8,7,8,8
2025/12/11 20:28,Student,Male,7,8,8,7,8,8
2025/12/11 20:31,Student,Male,7,8,8,7,8,8
2025/12/11 20:31,Student,Male,7,8,8,7,8,8
2025/12/11 20:32,Student,Male,7,8,8,7,8,8
2025/12/11 20:32,Student,Male,7,8,8,7,8,8
2025/12/11 20:34,Non-Student,Female,7,8,9,6,9,7
2025/12/11 20:38,Student,Male,7,8,8,7,8,8
2025/12/11 20:39,Student,Male,7,8,8,7,8,8
2025/12/11 20:41,Student,Male,7,8,8,7,8,8
2025/12/11 20:50,Student,Male,7,8,8,7,8,8
2025/12/11 21:00,Student,Male,7,8,8,7,8,8
2025/12/11 21:12,Student,Male,7,8,8,7,8,8
2025/12/11 21:16,Student,Male,7,8,8,7,8,8
2025/12/11 21:18,Student,Male,7,8,8,7,8,8
2025/12/11 21:22,Student,Male,7,8,8,7,8,8
2025/12/11 21:33,Student,Male,7,8,8,7,8,8
2025/12/11 21:35,Student,Female,6,8,8,6,9,8
2025/12/11 21:38,Student,Male,7,8,8,7,8,8
2025/12/11 21:50,Student,Male,7,8,8,7,8,8
2025/12/11 21:50,Student,Female,6,8,8,6,9,8
2025/12/11 21:56,Student,Female,6,8,8,6,9,8
2025/12/11 22:07,Student,Male,7,8,8,7,8,8
2025/12/11 22:14,Student,Male,7,8,8,7,8,8
2025/12/11 22:23,Student,Male,7,8,8,7,8,8
2025/12/11 22:27,Student,Female,6,8,8,6,9,8
2025/12/11 22:29,Student,Female,6,8,8,6,9,8
2025/12/11 22:34,Student,Female,6,8,8,6,9,8
2025/12/11 22:40,Student,Male,7,8,8,7,8,8
2025/12/11 22:46,Student,Female,6,8,8,6,9,8
2025/12/11 23:04,Student,Male,7,8,8,7,8,8
2025/12/11 23:06,Student,Male,7,8,8,7,8,8
2025/12/11 23:14,Student,Male,7,8,8,7,8,8
2025/12/11 23:31,Student,Male,7,8,8,7,8,8
2025/12/11 23:41,Student,Male,7,8,8,7,8,8
2025/12/11 23:50,Student,Male,7,8,8,7,8,8
2025/12/11 23:52,Student,Female,6,8,8,6,9,8
2025/12/11 23:52,Student,Female,6,8,8,6,9,8
2025/12/11 23:59,Student,Male,7,8,8,7,8,8
2025/12/12 00:06,Student,Male,7,8,8,7,8,8
2025/12/12 00:07,Student,Male,7,8,8,7,8,8
2025/12/12 00:11,Student,Male,7,8,8,7,8,8
2025/12/12 00:18,Student,Male,7,8,8,7,8,8
2025/12/12 00:26,Student,Male,7,8,8,7,8,8
2025/12/12 00:28,Student,Male,7,8,8,7,8,8
2025/12/12 00:34,Non-Student,Female,7,8,9,6,9,7
2025/12/12 00:34,Student,Male,7,8,8,7,8,8
2025/12/12 00:40,Student,Male,7,8,8,7,8,8
2025/12/12 00:41,Student,Other,4,6,6,8,8,4
2025/12/12 00:51,Non-Student,Female,7,8,9,6,9,7
2025/12/12 00:51,Student,Male,7,8,8,7,8,8
2025/12/12 00:55,Non-Student,Female,7,8,9,6,9,7
2025/12/12 01:06,Student,Female,6,8,8,6,9,8
2025/12/12 01:07,Student,Male,7,8,8,7,8,8
2025/12/12 01:08,Student,Male,7,8,8,7,8,8
2025/12/12 01:20,Student,Male,7,8,8,7,8,8
2025/12/12 01:20,Student,Male,7,8,8,7,8,8
2025/12/12 01:23,Student,Male,7,8,8,7,8,8
2025/12/12 01:29,Student,Male,7,8,8,7,8,8
2025/12/12 01:30,Student,Male,7,8,8,7,8,8
2025/12/12 01:43,Student,Male,7,8,8,7,8,8
2025/12/12 01:43,Non-Student,Female,7,8,9,6,9,7
2025/12/12 01:50,Student,Male,7,8,8,7,8,8
2025/12/12 02:14,Student,Female,6,8,8,6,9,8
2025/12/12 02:14,Student,Male,7,8,8,7,8,8
2025/12/12 02:16,Student,Male,7,8,8,7,8,8
2025/12/12 02:16,Student,Female,6,8,8,6,9,8
2025/12/12 02:17,Student,Male,7,8,8,7,8,8
2025/12/12 02:24,Student,Female,6,8,8,6,9,8
2025/12/12 02:29,Student,Female,6,8,8,6,9,8
2025/12/12 02:29,Student,Male,7,8,8,7,8,8
2025/12/12 02:31,Student,Male,7,8,8,7,8,8
2025/12/12 02:37,Student,Female,6,8,8,6,9,8
2025/12/12 02:42,Student,Male,7,8,8,7,8,8
2025/12/12 02:55,Student,Female,6,8,8,6,9,8
2025/12/12 03:05,Student,Male,7,8,8,7,8,8
2025/12/12 03:09,Student,Male,7,8,8,7,8,8
2025/12/12 03:19,Student,Male,7,8,8,7,8,8
2025/12/12 03:23,Student,Male,7,8,8,7,8,8
2025/12/12 03:29,Student,Male,7,8,8,7,8,8
2025/12/12 03:29,Student,Male,7,8,8,7,8,8
2025/12/12 03:34,Student,Male,7,8,8,7,8,8
2025/12/12 03:46,Student,Male,7,8,8,7,8,8
2025/12/12 03:49,Student,Male,7,8,8,7,8,8
2025/12/12 03:50,Student,Male,7,8,8,7,8,8
2025/12/12 04:14,Student,Female,6,8,8,6,9,8
2025/12/12 04:31,Student,Male,7,8,8,7,8,8
2025/12/12 04:31,Student,Female,6,8,8,6,9,8
2025/12/12 04:32,Non-Student,Female,7,8,9,6,9,7
2025/12/12 04:37,Student,Female,6,8,8,6,9,8
2025/12/12 04:38,Student,Male,7,8,8,7,8,8
2025/12/12 04:39,Student,Male,7,8,8,7,8,8
2025/12/12 04:42,Student,Male,7,8,8,7,8,8
2025/12/12 04:51,Student,Male,7,8,8,7,8,8
2025/12/12 05:00,Student,Female,6,8,8,6,9,8
2025/12/12 05:01,Student,Other,4,6,6,8,8,4
2025/12/12 05:03,Student,Male,7,8,8,7,8,8
2025/12/12 05:09,Non-Student,Female,7,8,9,6,9,7
2025/12/12 05:10,Student,Male,7,8,8,7,8,8
2025/12/12 05:10,Student,Male,7,8,8,7,8,8
2025/12/12 05:24,Student,Male,7,8,8,7,8,8
2025/12/12 05:24,Student,Male,7,8,8,7,8,8
2025/12/12 05:43,Student,Female,6,8,8,6,9,8
2025/12/12 05:45,Student,Male,7,8,8,7,8,8
2025/12/12 05:53,Student,Female,6,8,8,6,9,8
2025/12/12 05:55,Student,Male,7,8,8,7,8,8
2025/12/12 06:18,Student,Female,6,8,8,6,9,8
2025/12/12 06:18,Student,Female,6,8,8,6,9,8
2025/12/12 06:27,Student,Male,7,8,8,7,8,8
2025/12/12 06:27,Student,Female,6,8,8,6,9,8
2025/12/12 06:28,Student,Male,7,8,8,7,8,8
2025/12/12 06:48,Student,Male,7,8,8,7,8,8
2025/12/12 06:56,Student,Female,6,8,8,6,9,8
2025/12/12 07:08,Non-Student,Male,6,10,10,6,10,6
2025/12/12 07:26,Student,Male,7,8,8,7,8,8
2025/12/12 07:29,Student,Male,7,8,8,7,8,8
2025/12/12 07:37,Student,Male,7,8,8,7,8,8
2025/12/12 07:42,Student,Male,7,8,8,7,8,8
2025/12/12 07:50,Student,Male,7,8,8,7,8,8
2025/12/12 07:52,Student,Male,7,8,8,7,8,8
2025/12/12 08:04,Student,Male,7,8,8,7,8,8
2025/12/12 08:07,Student,Female,6,8,8,6,9,8
2025/12/12 08:07,Student,Male,7,8,8,7,8,8
2025/12/12 08:09,Student,Female,6,8,8,6,9,8
2025/12/12 08:11,Student,Male,7,8,8,7,8,8
2025/12/12 08:14,Student,Male,7,8,8,7,8,8
2025/12/12 08:17,Student,Male,7,8,8,7,8,8
2025/12/12 08:22,Student,Female,6,8,8,6,9,8
2025/12/12 08:26,Student,Female,6,8,8,6,9,8
2025/12/12 08:31,Student,Male,7,8,8,7,8,8
2025/12/12 08:32,Student,Female,6,8,8,6,9,8
2025/12/12 08:36,Student,Male,7,8,8,7,8,8
2025/12/12 08:36,Student,Male,7,8,8,7,8,8
2025/12/12 08:36,Student,Female,6,8,8,6,9,8
2025/12/12 08:41,Student,Female,6,8,8,6,9,8
2025/12/12 08:42,Student,Male,7,8,8,7,8,8
2025/12/12 08:46,Student,Male,7,8,8,7,8,8
2025/12/12 08:46,Student,Female,6,8,8,6,9,8
2025/12/12 08:48,Student,Male,7,8,8,7,8,8
2025/12/12 08:53,Student,Female,6,8,8,6,9,8
2025/12/12 09:08,Student,Male,7,8,8,7,8,8
2025/12/12 09:13,Student,Female,6,8,8,6,9,8
2025/12/12 09:14,Student,Male,7,8,8,7,8,8
2025/12/12 09:20,Student,Male,7,8,8,7,8,8
2025/12/12 09:21,Student,Male,7,8,8,7,8,8
2025/12/12 09:37,Student,Male,7,8,8,7,8,8
2025/12/12 10:12,Student,Female,6,8,8,6,9,8
2025/12/12 10:25,Student,Male,7,8,8,7,8,8
2025/12/12 10:26,Non-Student,Female,7,8,9,6,9,7
2025/12/12 10:28,Student,Male,7,8,8,7,8,8
2025/12/12 10:32,Student,Male,7,8,8,7,8,8
2025/12/12 10:44,Student,Male,7,8,8,7,8,8
2025/12/12 10:47,Student,Male,7,8,8,7,8,8
2025/12/12 10:59,Student,Male,7,8,8,7,8,8
2025/12/12 11:01,Student,Male,7,8,8,7,8,8
2025/12/12 11:02,Student,Male,7,8,8,7,8,8
2025/12/12 11:02,Student,Female,6,8,8,6,9,8
2025/12/12 11:03,Non-Student,Female,7,8,9,6,9,7
2025/12/12 11:05,Student,Male,7,8,8,7,8,8
2025/12/12 11:06,Student,Male,7,8,8,7,8,8
2025/12/12 11:08,Student,Male,7,8,8,7,8,8
2025/12/12 11:10,Student,Male,7,8,8,7,8,8
2025/12/12 11:13,Student,Male,7,8,8,7,8,8
2025/12/12 11:35,Student,Female,6,8,8,6,9,8
2025/12/12 11:42,Student,Male,7,8,8,7,8,8
2025/12/12 11:46,Student,Male,7,8,8,7,8,8
2025/12/12 12:00,Student,Male,7,8,8,7,8,8
2025/12/12 12:04,Student,Male,7,8,8,7,8,8
2025/12/12 12:08,Student,Male,7,8,8,7,8,8
2025/12/12 12:21,Student,Male,7,8,8,7,8,8
2025/12/12 12:33,Student,Male,7,8,8,7,8,8
2025/12/12 12:34,Student,Male,7,8,8,7,8,8
2025/12/12 12:42,Student,Female,6,8,8,6,9,8
2025/12/12 12:43,Student,Female,6,8,8,6,9,8
2025/12/12 12:44,Student,Male,7,8,8,7,8,8
2025/12/12 12:49,Student,Female,6,8,8,6,9,8
2025/12/12 12:50,Student,Female,6,8,8,6,9,8
2025/12/12 12:57,Student,Male,7,8,8,7,8,8
2025/12/12 13:13,Student,Male,7,8,8,7,8,8
2025/12/12 13:16,Student,Male,7,8,8,7,8,8
2025/12/12 13:22,Student,Male,7,8,8,7,8,8
2025/12/12 13:23,Student,Male,7,8,8,7,8,8
2025/12/12 13:44,Student,Male,7,8,8,7,8,8
2025/12/12 13:45,Student,Male,7,8,8,7,8,8
2025/12/12 13:57,Student,Male,7,8,8,7,8,8
2025/12/12 14:00,Student,Male,7,8,8,7,8,8
2025/12/12 14:05,Student,Female,6,8,8,6,9,8
2025/12/12 14:06,Student,Female,6,8,8,6,9,8
2025/12/12 14:07,Student,Male,7,8,8,7,8,8
2025/12/12 14:09,Student,Male,7,8,8,7,8,8
2025/12/12 14:18,Student,Male,7,8,8,7,8,8
2025/12/12 14:23,Student,Male,7,8,8,7,8,8
2025/12/12 14:23,Student,Male,7,8,8,7,8,8
2025/12/12 14:31,Student,Male,7,8,8,7,8,8
2025/12/12 14:32,Student,Male,7,8,8,7,8,8
2025/12/12 14:34,Student,Male,7,8,8,7,8,8
2025/12/12 14:39,Student,Male,7,8,8,7,8,8
2025/12/12 14:39,Student,Male,7,8,8,7,8,8
2025/12/12 14:43,Student,Male,7,8,8,7,8,8
2025/12/12 14:45,Student,Male,7,8,8,7,8,8
2025/12/12 14:49,Student,Male,7,8,8,7,8,8
2025/12/12 14:57,Non-Student,Female,7,8,9,6,9,7
2025/12/12 14:59,Student,Male,7,8,8,7,8,8
2025/12/12 15:00,Student,Male,7,8,8,7,8,8
2025/12/12 15:01,Student,Other,4,6,6,8,8,4
2025/12/12 15:02,Student,Female,6,8,8,6,9,8
2025/12/12 15:10,Student,Male,7,8,8,7,8,8
2025/12/12 15:10,Student,Male,7,8,8,7,8,8
2025/12/12 15:13,Student,Male,7,8,8,7,8,8
2025/12/12 15:14,Student,Male,7,8,8,7,8,8
2025/12/12 15:17,Student,Male,7,8,8,7,8,8
2025/12/12 15:27,Student,Male,7,8,8,7,8,8
2025/12/12 15:37,Student,Male,7,8,8,7,8,8
2025/12/12 15:47,Student,Male,7,8,8,7,8,8
2025/12/12 15:53,Student,Female,6,8,8,6,9,8
2025/12/12 15:57,Student,Male,7,8,8,7,8,8
2025/12/12 15:58,Student,Female,6,8,8,6,9,8
2025/12/12 15:59,Student,Male,7,8,8,7,8,8
2025/12/12 16:03,Student,Male,7,8,8,7,8,8
2025/12/12 16:07,Student,Male,7,8,8,7,8,8
2025/12/12 16:14,Student,Male,7,8,8,7,8,8
2025/12/12 16:25,Student,Male,7,8,8,7,8,8
2025/12/12 16:26,Student,Male,7,8,8,7,8,8
2025/12/12 16:47,Student,Other,4,6,6,8,8,4
2025/12/12 16:57,Student,Male,7,8,8,7,8,8
2025/12/12 17:01,Student,Female,6,8,8,6,9,8
2025/12/12 17:04,Student,Male,7,8,8,7,8,8
2025/12/12 17:11,Student,Male,7,8,8,7,8,8
2025/12/12 17:24,Student,Female,6,8,8,6,9,8
2025/12/12 17:25,Student,Male,7,8,8,7,8,8
2025/12/12 17:27,Student,Male,7,8,8,7,8,8
2025/12/12 17:39,Student,Female,6,8,8,6,9,8
2025/12/12 17:39,Student,Male,7,8,8,7,8,8
2025/12/12 17:57,Student,Male,7,8,8,7,8,8
2025/12/12 18:06,Student,Female,6,8,8,6,9,8
2025/12/12 18:08,Student,Male,7,8,8,7,8,8
2025/12/12 18:08,Student,Male,7,8,8,7,8,8
2025/12/12 18:08,Student,Male,7,8,8,7,8,8
2025/12/12 18:20,Student,Male,7,8,8,7,8,8
2025/12/12 18:30,Student,Male,7,8,8,7,8,8
2025/12/12 18:36,Student,Female,6,8,8,6,9,8
2025/12/12 18:41,Student,Male,7,8,8,7,8,8
2025/12/12 18:54,Student,Male,7,8,8,7,8,8
2025/12/12 18:59,Student,Male,7,8,8,7,8,8
2025/12/12 19:11,Student,Male,7,8,8,7,8,8
2025/12/12 19:15,Student,Male,7,8,8,7,8,8
2025/12/12 19:38,Student,Male,7,8,8,7,8,8
2025/12/12 19:39,Student,Male,7,8,8,7,8,8
2025/12/12 19:49,Student,Male,7,8,8,7,8,8
2025/12/12 20:14,Student,Male,7,8,8,7,8,8
2025/12/12 20:28,Student,Male,7,8,8,7,8,8
2025/12/12 20:38,Student,Male,7,8,8,7,8,8
2025/12/12 20:58,Student,Male,7,8,8,7,8,8
2025/12/12 20:59,Student,Male,7,8,8,7,8,8
2025/12/12 21:05,Student,Male,7,8,8,7,8,8
2025/12/12 21:06,Student,Female,6,8,8,6,9,8
2025/12/12 21:08,Student,Female,6,8,8,6,9,8
2025/12/12 21:14,Student,Male,7,8,8,7,8,8
2025/12/12 21:18,Student,Male,7,8,8,7,8,8
2025/12/12 21:19,Student,Female,6,8,8,6,9,8
2025/12/12 21:19,Student,Male,7,8,8,7,8,8
2025/12/12 21:25,Student,Male,7,8,8,7,8,8
2025/12/12 21:31,Student,Male,7,8,8,7,8,8
2025/12/12 21:34,Student,Male,7,8,8,7,8,8
2025/12/12 21:43,Student,Male,7,8,8,7,8,8
2025/12/12 22:00,Student,Male,7,8,8,7,8,8
2025/12/12 22:06,Student,Male,7,8,8,7,8,8
2025/12/12 22:08,Non-Student,Male,6,10,10,6,10,6
2025/12/12 22:13,Student,Female,6,8,8,6,9,8
2025/12/12 22:15,Student,Male,7,8,8,7,8,8
2025/12/12 22:35,Student,Male,7,8,8,7,8,8
2025/12/12 22:41,Student,Female,6,8,8,6,9,8
2025/12/12 22:48,Student,Female,6,8,8,6,9,8
2025/12/12 22:53,Student,Male,7,8,8,7,8,8
2025/12/12 22:58,Student,Female,6,8,8,6,9,8
2025/12/12 23:01,Student,Female,6,8,8,6,9,8
2025/12/12 23:03,Student,Male,7,8,8,7,8,8
2025/12/12 23:03,Student,Male,7,8,8,7,8,8
2025/12/12 23:20,Student,Male,7,8,8,7,8,8
2025/12/12 23:21,Non-Student,Female,7,8,9,6,9,7
2025/12/12 23:22,Non-Student,Female,7,8,9,6,9,7
2025/12/12 23:33,Student,Male,7,8,8,7,8,8
2025/12/12 23:38,Student,Female,6,8,8,6,9,8
2025/12/12 23:38,Student,Male,7,8,8,7,8,8
2025/12/12 23:43,Student,Female,6,8,8,6,9,8
2025/12/12 23:47,Student,Male,7,8,8,7,8,8
2025/12/12 23:52,Student,Male,7,8,8,7,8,8
2025/12/12 23:52,Student,Male,7,8,8,7,8,8
2025/12/12 23:52,Student,Female,6,8,8,6,9,8
2025/12/12 23:59,Student,Male,7,8,8,7,8,8
2025/12/13 00:01,Student,Female,6,8,8,6,9,8
2025/12/13 00:16,Student,Male,7,8,8,7,8,8
2025/12/13 00:19,Student,Male,7,8,8,7,8,8
2025/12/13 00:33,Student,Male,7,8,8,7,8,8
2025/12/13 00:54,Student,Male,7,8,8,7,8,8
2025/12/13 01:08,Student,Male,7,8,8,7,8,8
2025/12/13 01:10,Student,Male,7,8,8,7,8,8
2025/12/13 01:13,Non-Student,Female,7,8,9,6,9,7
2025/12/13 01:24,Student,Female,6,8,8,6,9,8
2025/12/13 01:26,Student,Male,7,8,8,7,8,8
2025/12/13 01:32,Student,Male,7,8,8,7,8,8
2025/12/13 01:32,Student,Male,7,8,8,7,8,8
2025/12/13 01:39,Student,Male,7,8,8,7,8,8
2025/12/13 01:41,Non-Student,Female,7,8,9,6,9,7
2025/12/13 01:44,Student,Female,6,8,8,6,9,8
2025/12/13 01:46,Student,Male,7,8,8,7,8,8
2025/12/13 01:50,Student,Male,7,8,8,7,8,8
2025/12/13 01:52,Student,Male,7,8,8,7,8,8
2025/12/13 01:53,Student,Male,7,8,8,7,8,8
2025/12/13 01:57,Student,Male,7,8,8,7,8,8
2025/12/13 02:08,Student,Female,6,8,8,6,9,8
2025/12/13 02:16,Student,Male,7,8,8,7,8,8
2025/12/13 02:23,Student,Male,7,8,8,7,8,8
2025/12/13 02:34,Student,Female,6,8,8,6,9,8
2025/12/13 02:34,Student,Male,7,8,8,7,8,8
2025/12/13 02:35,Student,Female,6,8,8,6,9,8
2025/12/13 02:35,Student,Female,6,8,8,6,9,8
2025/12/13 02:37,Student,Female,6,8,8,6,9,8
2025/12/13 02:47,Student,Male,7,8,8,7,8,8
2025/12/13 02:50,Non-Student,Female,7,8,9,6,9,7
2025/12/13 03:01,Student,Male,7,8,8,7,8,8
2025/12/13 03:13,Student,Male,7,8,8,7,8,8
2025/12/13 03:20,Student,Female,6,8,8,6,9,8
2025/12/13 03:23,Student,Male,7,8,8,7,8,8
2025/12/13 03:30,Student,Male,7,8,8,7,8,8
2025/12/13 03:41,Student,Male,7,8,8,7,8,8
2025/12/13 03:44,Student,Male,7,8,8,7,8,8
2025/12/13 03:45,Non-Student,Male,6,10,10,6,10,6
2025/12/13 03:47,Student,Male,7,8,8,7,8,8
2025/12/13 03:47,Student,Male,7,8,8,7,8,8
2025/12/13 03:57,Student,Male,7,8,8,7,8,8
2025/12/13 03:58,Student,Male,7,8,8,7,8,8
2025/12/13 03:59,Student,Male,7,8,8,7,8,8
2025/12/13 04:04,Student,Male,7,8,8,7,8,8
2025/12/13 04:05,Student,Male,7,8,8,7,8,8
2025/12/13 04:09,Student,Male,7,8,8,7,8,8
2025/12/13 04:24,Student,Male,7,8,8,7,8,8
2025/12/13 04:24,Non-Student,Female,7,8,9,6,9,7
2025/12/13 04:24,Student,Male,7,8,8,7,8,8
2025/12/13 04:29,Student,Female,6,8,8,6,9,8
2025/12/13 04:31,Student,Male,7,8,8,7,8,8
2025/12/13 04:32,Student,Female,6,8,8,6,9,8
2025/12/13 04:37,Student,Male,7,8,8,7,8,8
2025/12/13 04:47,Student,Female,6,8,8,6,9,8
2025/12/13 04:49,Student,Male,7,8,8,7,8,8
2025/12/13 04:49,Student,Male,7,8,8,7,8,8
2025/12/13 04:55,Student,Male,7,8,8,7,8,8
2025/12/13 04:57,Student,Female,6,8,8,6,9,8
2025/12/13 05:08,Student,Male,7,8,8,7,8,8
2025/12/13 05:15,Student,Male,7,8,8,7,8,8
2025/12/13 05:19,Student,Female,6,8,8,6,9,8
2025/12/13 05:30,Student,Male,7,8,8,7,8,8
2025/12/13 05:32,Student,Male,7,8,8,7,8,8
2025/12/13 05:35,Student,Female,6,8,8,6,9,8
2025/12/13 05:47,Student,Male,7,8,8,7,8,8
2025/12/13 05:48,Student,Female,6,8,8,6,9,8
2025/12/13 05:52,Student,Male,7,8,8,7,8,8
2025/12/13 05:53,Student,Male,7,8,8,7,8,8
2025/12/13 05:55,Student,Male,7,8,8,7,8,8
2025/12/13 05:57,Student,Male,7,8,8,7,8,8
2025/12/13 05:59,Student,Male,7,8,8,7,8,8
2025/12/13 06:03,Student,Female,6,8,8,6,9,8
2025/12/13 06:06,Student,Male,7,8,8,7,8,8
2025/12/13 06:17,Student,Male,7,8,8,7,8,8
2025/12/13 06:24,Student,Male,7,8,8,7,8,8
2025/12/13 06:38,Student,Male,7,8,8,7,8,8
2025/12/13 06:41,Student,Male,7,8,8,7,8,8
2025/12/13 06:45,Student,Male,7,8,8,7,8,8
2025/12/13 07:08,Student,Male,7,8,8,7,8,8
2025/12/13 07:11,Student,Male,7,8,8,7,8,8
2025/12/13 07:17,Student,Male,7,8,8,7,8,8
2025/12/13 07:18,Student,Male,7,8,8,7,8,8
2025/12/13 07:27,Student,Male,7,8,8,7,8,8
2025/12/13 07:31,Non-Student,Female,7,8,9,6,9,7
2025/12/13 07:34,Student,Male,7,8,8,7,8,8
2025/12/13 07:40,Student,Female,6,8,8,6,9,8
2025/12/13 07:42,Student,Male,7,8,8,7,8,8
2025/12/13 07:47,Student,Male,7,8,8,7,8,8
2025/12/13 07:48,Student,Male,7,8,8,7,8,8
2025/12/13 07:57,Student,Male,7,8,8,7,8,8
2025/12/13 08:01,Student,Female,6,8,8,6,9,8
2025/12/13 08:03,Student,Male,7,8,8,7,8,8
2025/12/13 08:06,Student,Male,7,8,8,7,8,8
2025/12/13 08:09,Student,Male,7,8,8,7,8,8
2025/12/13 08:13,Student,Male,7,8,8,7,8,8
2025/12/13 08:16,Student,Male,7,8,8,7,8,8
2025/12/13 08:31,Student,Male,7,8,8,7,8,8
2025/12/13 08:35,Non-Student,Female,7,8,9,6,9,7
2025/12/13 08:38,Student,Male,7,8,8,7,8,8
2025/12/13 08:38,Student,Male,7,8,8,7,8,8
2025/12/13 08:41,Student,Female,6,8,8,6,9,8
2025/12/13 08:46,Student,Female,6,8,8,6,9,8
2025/12/13 08:53,Student,Female,6,8,8,6,9,8
2025/12/13 09:06,Non-Student,Female,7,8,9,6,9,7
2025/12/13 09:09,Student,Male,7,8,8,7,8,8
2025/12/13 09:28,Student,Male,7,8,8,7,8,8
2025/12/13 09:35,Student,Male,7,8,8,7,8,8
2025/12/13 09:40,Student,Male,7,8,8,7,8,8
2025/12/13 09:49,Student,Male,7,8,8,7,8,8
2025/12/13 09:51,Student,Male,7,8,8,7,8,8
2025/12/13 09:59,Student,Male,7,8,8,7,8,8
2025/12/13 09:59,Student,Male,7,8,8,7,8,8
2025/12/13 10:00,Student,Female,6,8,8,6,9,8
2025/12/13 10:06,Student,Female,6,8,8,6,9,8
2025/12/13 10:12,Student,Male,7,8,8,7,8,8
2025/12/13 10:13,Student,Male,7,8,8,7,8,8
2025/12/13 10:14,Student,Female,6,8,8,6,9,8
2025/12/13 10:17,Student,Female,6,8,8,6,9,8
2025/12/13 10:18,Student,Male,7,8,8,7,8,8
2025/12/13 10:25,Student,Male,7,8,8,7,8,8
2025/12/13 10:25,Student,Male,7,8,8,7,8,8
2025/12/13 10:30,Student,Male,7,8,8,7,8,8
2025/12/13 10:50,Student,Female,6,8,8,6,9,8
2025/12/13 10:55,Student,Male,7,8,8,7,8,8
2025/12/13 10:58,Student,Male,7,8,8,7,8,8
2025/12/13 11:06,Student,Male,7,8,8,7,8,8
2025/12/13 11:08,Student,Other,4,6,6,8,8,4
2025/12/13 11:10,Student,Male,7,8,8,7,8,8
2025/12/13 11:19,Student,Male,7,8,8,7,8,8
2025/12/13 11:21,Student,Male,7,8,8,7,8,8
2025/12/13 11:23,Student,Female,6,8,8,6,9,8
2025/12/13 11:33,Non-Student,Female,7,8,9,6,9,7
2025/12/13 11:41,Student,Female,6,8,8,6,9,8
2025/12/13 11:54,Student,Male,7,8,8,7,8,8
2025/12/13 12:02,Student,Female,6,8,8,6,9,8
2025/12/13 12:08,Student,Female,6,8,8,6,9,8
2025/12/13 12:11,Student,Male,7,8,8,7,8,8
2025/12/13 12:12,Student,Male,7,8,8,7,8,8
2025/12/13 12:23,Student,Male,7,8,8,7,8,8
2025/12/13 12:30,Non-Student,Female,7,8,9,6,9,7
2025/12/13 12:32,Student,Male,7,8,8,7,8,8
2025/12/13 12:47,Student,Male,7,8,8,7,8,8
2025/12/13 12:48,Student,Male,7,8,8,7,8,8
2025/12/13 12:57,Student,Male,7,8,8,7,8,8
2025/12/13 13:01,Student,Female,6,8,8,6,9,8
2025/12/13 13:06,Student,Male,7,8,8,7,8,8
2025/12/13 13:10,Student,Male,7,8,8,7,8,8
2025/12/13 13:14,Student,Male,7,8,8,7,8,8
2025/12/13 13:18,Student,Male,7,8,8,7,8,8
2025/12/13 13:20,Student,Male,7,8,8,7,8,8
2025/12/13 13:23,Student,Male,7,8,8,7,8,8
2025/12/13 13:26,Student,Male,7,8,8,7,8,8
2025/12/13 13:29,Student,Female,6,8,8,6,9,8
2025/12/13 13:30,Student,Male,7,8,8,7,8,8
2025/12/13 13:36,Student,Male,7,8,8,7,8,8
2025/12/13 13:43,Student,Male,7,8,8,7,8,8
2025/12/13 13:51,Student,Male,7,8,8,7,8,8
2025/12/13 13:51,Student,Male,7,8,8,7,8,8
2025/12/13 13:54,Student,Male,7,8,8,7,8,8
2025/12/13 14:00,Non-Student,Female,7,8,9,6,9,7
2025/12/13 14:09,Student,Male,7,8,8,7,8,8
2025/12/13 14:17,Student,Male,7,8,8,7,8,8
2025/12/13 14:22,Student,Male,7,8,8,7,8,8
2025/12/13 14:24,Student,Male,7,8,8,7,8,8
2025/12/13 14:24,Student,Male,7,8,8,7,8,8
2025/12/13 14:26,Student,Male,7,8,8,7,8,8
2025/12/13 14:26,Student,Male,7,8,8,7,8,8
2025/12/13 14:30,Student,Female,6,8,8,6,9,8
2025/12/13 14:33,Student,Male,7,8,8,7,8,8
2025/12/13 14:42,Student,Male,7,8,8,7,8,8
2025/12/13 14:45,Student,Male,7,8,8,7,8,8
2025/12/13 14:46,Student,Male,7,8,8,7,8,8
2025/12/13 14:47,Student,Male,7,8,8,7,8,8
2025/12/13 14:49,Student,Male,7,8,8,7,8,8
2025/12/13 14:53,Student,Male,7,8,8,7,8,8
2025/12/13 14:53,Student,Male,7,8,8,7,8,8
2025/12/13 15:13,Student,Male,7,8,8,7,8,8
2025/12/13 15:13,Student,Male,7,8,8,7,8,8
2025/12/13 15:18,Student,Male,7,8,8,7,8,8
2025/12/13 15:21,Student,Male,7,8,8,7,8,8
2025/12/13 15:34,Student,Female,6,8,8,6,9,8
2025/12/13 15:40,Student,Male,7,8,8,7,8,8
2025/12/13 16:01,Student,Male,7,8,8,7,8,8
2025/12/13 16:01,Student,Male,7,8,8,7,8,8
2025/12/13 16:05,Student,Male,7,8,8,7,8,8
2025/12/13 16:06,Student,Male,7,8,8,7,8,8
2025/12/13 16:11,Student,Male,7,8,8,7,8,8
2025/12/13 16:33,Student,Female,6,8,8,6,9,8
2025/12/13 16:34,Student,Male,7,8,8,7,8,8
2025/12/13 16:43,Student,Male,7,8,8,7,8,8
2025/12/13 16:49,Student,Other,4,6,6,8,8,4
2025/12/13 16:50,Student,Female,6,8,8,6,9,8
2025/12/13 17:00,Student,Male,7,8,8,7,8,8
2025/12/13 17:08,Student,Male,7,8,8,7,8,8
2025/12/13 17:11,Student,Male,7,8,8,7,8,8
2025/12/13 17:11,Student,Male,7,8,8,7,8,8
2025/12/13 17:26,Student,Male,7,8,8,7,8,8
2025/12/13 17:27,Student,Female,6,8,8,6,9,8
2025/12/13 17:41,Student,Male,7,8,8,7,8,8
2025/12/13 17:51,Student,Male,7,8,8,7,8,8
2025/12/13 17:54,Student,Male,7,8,8,7,8,8
2025/12/13 18:02,Student,Male,7,8,8,7,8,8
2025/12/13 18:10,Student,Male,7,8,8,7,8,8
2025/12/13 18:16,Student,Male,7,8,8,7,8,8
2025/12/13 18:35,Student,Male,7,8,8,7,8,8
2025/12/13 18:43,Student,Other,4,6,6,8,8,4
2025/12/13 18:46,Student,Male,7,8,8,7,8,8
2025/12/13 18:47,Student,Male,7,8,8,7,8,8
2025/12/13 18:48,Non-Student,Male,6,10,10,6,10,6
2025/12/13 19:02,Student,Male,7,8,8,7,8,8
2025/12/13 19:05,Student,Male,7,8,8,7,8,8
2025/12/13 19:15,Non-Student,Female,7,8,9,6,9,7
2025/12/13 19:16,Student,Male,7,8,8,7,8,8
2025/12/13 19:20,Student,Male,7,8,8,7,8,8
2025/12/13 19:21,Student,Male,7,8,8,7,8,8
2025/12/13 19:23,Student,Male,7,8,8,7,8,8
2025/12/13 19:27,Student,Male,7,8,8,7,8,8
2025/12/13 19:28,Student,Male,7,8,8,7,8,8
2025/12/13 19:29,Student,Male,7,8,8,7,8,8
2025/12/13 19:30,Student,Male,7,8,8,7,8,8
2025/12/13 19:31,Student,Male,7,8,8,7,8,8
2025/12/13 19:41,Student,Male,7,8,8,7,8,8
2025/12/13 19:42,Student,Female,6,8,8,6,9,8
2025/12/13 19:51,Student,Male,7,8,8,7,8,8
2025/12/13 19:55,Student,Female,6,8,8,6,9,8
2025/12/13 20:04,Student,Female,6,8,8,6,9,8
2025/12/13 20:06,Student,Female,6,8,8,6,9,8
2025/12/13 20:11,Non-Student,Female,7,8,9,6,9,7
2025/12/13 20:15,Student,Female,6,8,8,6,9,8
2025/12/13 20:17,Student,Male,7,8,8,7,8,8
2025/12/13 20:24,Student,Male,7,8,8,7,8,8
2025/12/13 20:30,Student,Male,7,8,8,7,8,8
2025/12/13 20:39,Student,Male,7,8,8,7,8,8
2025/12/13 20:40,Student,Male,7,8,8,7,8,8
2025/12/13 20:41,Student,Female,6,8,8,6,9,8
2025/12/13 20:47,Student,Male,7,8,8,7,8,8
2025/12/13 20:57,Student,Male,7,8,8,7,8,8
2025/12/13 21:07,Non-Student,Male,6,10,10,6,10,6
2025/12/13 21:17,Student,Male,7,8,8,7,8,8
2025/12/13 21:27,Student,Male,7,8,8,7,8,8
2025/12/13 21:34,Student,Male,7,8,8,7,8,8
2025/12/13 21:54,Student,Male,7,8,8,7,8,8
2025/12/13 21:59,Student,Female,6,8,8,6,9,8
2025/12/13 22:00,Student,Male,7,8,8,7,8,8
2025/12/13 22:12,Student,Male,7,8,8,7,8,8
2025/12/13 22:15,Student,Female,6,8,8,6,9,8
2025/12/13 22:16,Student,Male,7,8,8,7,8,8
2025/12/13 22:18,Student,Male,7,8,8,7,8,8
2025/12/13 22:38,Student,Male,7,8,8,7,8,8
2025/12/13 22:46,Student,Male,7,8,8,7,8,8
2025/12/13 22:57,Student,Female,6,8,8,6,9,8
2025/12/13 22:58,Non-Student,Female,7,8,9,6,9,7
2025/12/13 23:00,Student,Male,7,8,8,7,8,8
2025/12/13 23:06,Student,Female,6,8,8,6,9,8
2025/12/13 23:09,Student,Female,6,8,8,6,9,8
2025/12/13 23:18,Student,Male,7,8,8,7,8,8
2025/12/13 23:23,Student,Male,7,8,8,7,8,8
2025/12/13 23:26,Student,Male,7,8,8,7,8,8
2025/12/13 23:28,Student,Male,7,8,8,7,8,8
2025/12/13 23:33,Student,Female,6,8,8,6,9,8
2025/12/13 23:41,Student,Male,7,8,8,7,8,8
2025/12/13 23:44,Student,Male,7,8,8,7,8,8
2025/12/13 23:47,Student,Female,6,8,8,6,9,8
2025/12/13 23:48,Student,Male,7,8,8,7,8,8
2025/12/13 23:56,Student,Male,7,8,8,7,8,8
2025/12/13 23:56,Student,Male,7,8,8,7,8,8
2025/12/14 00:01,Student,Male,7,8,8,7,8,8
2025/12/14 00:03,Student,Male,7,8,8,7,8,8
2025/12/14 00:15,Student,Male,7,8,8,7,8,8
2025/12/14 00:23,Student,Male,7,8,8,7,8,8
2025/12/14 00:26,Student,Male,7,8,8,7,8,8
2025/12/14 00:31,Student,Male,7,8,8,7,8,8
2025/12/14 00:36,Student,Male,7,8,8,7,8,8
2025/12/14 00:38,Student,Male,7,8,8,7,8,8
2025/12/14 00:39,Non-Student,Male,6,10,10,6,10,6
2025/12/14 00:42,Student,Male,7,8,8,7,8,8
2025/12/14 00:42,Student,Male,7,8,8,7,8,8
2025/12/14 00:46,Student,Male,7,8,8,7,8,8
2025/12/14 00:50,Student,Male,7,8,8,7,8,8
2025/12/14 00:52,Student,Male,7,8,8,7,8,8
2025/12/14 00:58,Student,Male,7,8,8,7,8,8
2025/12/14 01:01,Student,Male,7,8,8,7,8,8
2025/12/14 01:07,Student,Female,6,8,8,6,9,8
2025/12/14 01:09,Student,Female,6,8,8,6,9,8
2025/12/14 01:16,Student,Male,7,8,8,7,8,8
2025/12/14 01:19,Student,Female,6,8,8,6,9,8
2025/12/14 01:19,Non-Student,Female,7,8,9,6,9,7
2025/12/14 01:25,Student,Male,7,8,8,7,8,8
2025/12/14 01:31,Student,Female,6,8,8,6,9,8
2025/12/14 01:36,Student,Male,7,8,8,7,8,8
2025/12/14 01:45,Non-Student,Female,7,8,9,6,9,7
2025/12/14 01:51,Student,Male,7,8,8,7,8,8
2025/12/14 02:01,Student,Male,7,8,8,7,8,8
2025/12/14 02:06,Student,Male,7,8,8,7,8,8
2025/12/14 02:09,Student,Male,7,8,8,7,8,8
2025/12/14 02:20,Student,Male,7,8,8,7,8,8
2025/12/14 02:24,Student,Female,6,8,8,6,9,8
2025/12/14 02:25,Student,Male,7,8,8,7,8,8
2025/12/14 02:48,Student,Male,7,8,8,7,8,8
2025/12/14 02:53,Student,Male,7,8,8,7,8,8
2025/12/14 03:05,Student,Male,7,8,8,7,8,8
2025/12/14 03:05,Student,Male,7,8,8,7,8,8
2025/12/14 03:06,Student,Male,7,8,8,7,8,8
2025/12/14 03:16,Student,Male,7,8,8,7,8,8
2025/12/14 03:17,Student,Male,7,8,8,7,8,8
2025/12/14 03:23,Student,Male,7,8,8,7,8,8
2025/12/14 03:28,Student,Female,6,8,8,6,9,8
2025/12/14 03:38,Student,Male,7,8,8,7,8,8
2025/12/14 03:38,Student,Male,7,8,8,7,8,8
2025/12/14 03:47,Student,Male,7,8,8,7,8,8
2025/12/14 03:49,Student,Female,6,8,8,6,9,8
2025/12/14 03:50,Student,Male,7,8,8,7,8,8
2025/12/14 03:57,Student,Male,7,8,8,7,8,8
2025/12/14 04:00,Student,Male,7,8,8,7,8,8
2025/12/14 04:12,Student,Male,7,8,8,7,8,8
2025/12/14 04:14,Student,Female,6,8,8,6,9,8
2025/12/14 04:16,Student,Male,7,8,8,7,8,8
2025/12/14 04:27,Student,Male,7,8,8,7,8,8
2025/12/14 04:31,Student,Male,7,8,8,7,8,8
2025/12/14 04:46,Student,Male,7,8,8,7,8,8
2025/12/14 04:51,Student,Male,7,8,8,7,8,8
2025/12/14 05:00,Student,Female,6,8,8,6,9,8
2025/12/14 05:12,Student,Male,7,8,8,7,8,8
2025/12/14 05:18,Student,Male,7,8,8,7,8,8
2025/12/14 05:41,Student,Male,7,8,8,7,8,8
2025/12/14 05:45,Non-Student,Female,7,8,9,6,9,7
2025/12/14 05:48,Student,Male,7,8,8,7,8,8
2025/12/14 05:51,Student,Male,7,8,8,7,8,8
2025/12/14 06:04,Student,Other,4,6,6,8,8,4
2025/12/14 06:08,Student,Male,7,8,8,7,8,8
2025/12/14 06:10,Student,Male,7,8,8,7,8,8
2025/12/14 06:15,Student,Female,6,8,8,6,9,8
2025/12/14 06:15,Non-Student,Male,6,10,10,6,10,6
2025/12/14 06:20,Student,Female,6,8,8,6,9,8
2025/12/14 06:21,Student,Male,7,8,8,7,8,8
2025/12/14 06:23,Student,Male,7,8,8,7,8,8
2025/12/14 06:26,Student,Male,7,8,8,7,8,8
2025/12/14 06:26,Student,Male,7,8,8,7,8,8
2025/12/14 06:38,Student,Female,6,8,8,6,9,8
2025/12/14 06:38,Student,Female,6,8,8,6,9,8
2025/12/14 06:46,Student,Male,7,8,8,7,8,8
2025/12/14 06:47,Student,Male,7,8,8,7,8,8
2025/12/14 06:57,Student,Male,7,8,8,7,8,8
2025/12/14 07:03,Student,Male,7,8,8,7,8,8
2025/12/14 07:12,Student,Male,7,8,8,7,8,8
2025/12/14 07:12,Student,Male,7,8,8,7,8,8
2025/12/14 07:19,Student,Male,7,8,8,7,8,8
2025/12/14 07:23,Student,Male,7,8,8,7,8,8
2025/12/14 07:44,Student,Male,7,8,8,7,8,8
2025/12/14 07:45,Student,Male,7,8,8,7,8,8
2025/12/14 07:47,Student,Male,7,8,8,7,8,8
2025/12/14 07:53,Student,Male,7,8,8,7,8,8
2025/12/14 07:57,Student,Female,6,8,8,6,9,8
2025/12/14 07:57,Student,Male,7,8,8,7,8,8
2025/12/14 08:11,Student,Male,7,8,8,7,8,8
2025/12/14 08:11,Student,Male,7,8,8,7,8,8
2025/12/14 08:24,Student,Male,7,8,8,7,8,8
2025/12/14 08:25,Student,Female,6,8,8,6,9,8
2025/12/14 08:34,Student,Female,6,8,8,6,9,8
2025/12/14 08:37,Student,Male,7,8,8,7,8,8
2025/12/14 09:04,Student,Male,7,8,8,7,8,8
2025/12/14 09:05,Student,Male,7,8,8,7,8,8
2025/12/14 09:12,Student,Male,7,8,8,7,8,8
2025/12/14 09:13,Student,Male,7,8,8,7,8,8
2025/12/14 09:19,Student,Male,7,8,8,7,8,8
2025/12/14 09:21,Student,Male,7,8,8,7,8,8
2025/12/14 09:24,Student,Male,7,8,8,7,8,8
2025/12/14 09:25,Student,Male,7,8,8,7,8,8
2025/12/14 09:35,Student,Male,7,8,8,7,8,8
2025/12/14 09:36,Student,Male,7,8,8,7,8,8
2025/12/14 09:42,Student,Male,7,8,8,7,8,8
2025/12/14 09:43,Student,Male,7,8,8,7,8,8
2025/12/14 09:45,Student,Male,7,8,8,7,8,8
2025/12/14 09:47,Student,Male,7,8,8,7,8,8
2025/12/14 09:54,Student,Male,7,8,8,7,8,8
2025/12/14 10:02,Student,Male,7,8,8,7,8,8
2025/12/14 10:13,Student,Male,7,8,8,7,8,8
2025/12/14 10:17,Student,Male,7,8,8,7,8,8
2025/12/14 10:17,Student,Female,6,8,8,6,9,8
2025/12/14 10:17,Student,Male,7,8,8,7,8,8
2025/12/14 10:25,Student,Male,7,8,8,7,8,8
2025/12/14 10:29,Student,Male,7,8,8,7,8,8
2025/12/14 10:38,Student,Female,6,8,8,6,9,8
2025/12/14 10:46,Student,Male,7,8,8,7,8,8
2025/12/14 11:03,Student,Male,7,8,8,7,8,8
2025/12/14 11:07,Student,Female,6,8,8,6,9,8
2025/12/14 11:22,Student,Male,7,8,8,7,8,8
2025/12/14 11:23,Student,Male,7,8,8,7,8,8
2025/12/14 11:23,Student,Male,7,8,8,7,8,8
2025/12/14 11:28,Student,Female,6,8,8,6,9,8
2025/12/14 11:39,Student,Female,6,8,8,6,9,8
2025/12/14 11:42,Student,Male,7,8,8,7,8,8
2025/12/14 11:44,Student,Male,7,8,8,7,8,8
2025/12/14 11:44,Student,Male,7,8,8,7,8,8
2025/12/14 11:46,Student,Female,6,8,8,6,9,8
2025/12/14 11:50,Student,Female,6,8,8,6,9,8
2025/12/14 11:53,Student,Female,6,8,8,6,9,8
2025/12/14 11:53,Student,Male,7,8,8,7,8,8
2025/12/14 11:55,Student,Male,7,8,8,7,8,8
2025/12/14 11:57,Student,Male,7,8,8,7,8,8
2025/12/14 11:59,Student,Male,7,8,8,7,8,8
2025/12/14 12:00,Student,Female,6,8,8,6,9,8
2025/12/14 12:10,Student,Male,7,8,8,7,8,8
2025/12/14 12:13,Student,Male,7,8,8,7,8,8
2025/12/14 12:19,Student,Female,6,8,8,6,9,8
2025/12/14 12:20,Student,Male,7,8,8,7,8,8
2025/12/14 12:27,Student,Female,6,8,8,6,9,8
2025/12/14 12:29,Student,Female,6,8,8,6,9,8
2025/12/14 12:39,Student,Female,6,8,8,6,9,8
2025/12/14 12:51,Student,Male,7,8,8,7,8,8
2025/12/14 12:53,Student,Male,7,8,8,7,8,8
2025/12/14 12:55,Student,Male,7,8,8,7,8,8
2025/12/14 12:58,Student,Male,7,8,8,7,8,8
2025/12/14 13:03,Student,Male,7,8,8,7,8,8
2025/12/14 13:06,Student,Female,6,8,8,6,9,8
2025/12/14 13:07,Student,Male,7,8,8,7,8,8
2025/12/14 13:16,Student,Female,6,8,8,6,9,8
2025/12/14 13:26,Student,Female,6,8,8,6,9,8
2025/12/14 13:32,Student,Female,6,8,8,6,9,8
2025/12/14 13:34,Student,Male,7,8,8,7,8,8
2025/12/14 13:41,Student,Male,7,8,8,7,8,8
2025/12/14 13:44,Student,Male,7,8,8,7,8,8
2025/12/14 14:13,Non-Student,Female,7,8,9,6,9,7
2025/12/14 14:16,Student,Female,6,8,8,6,9,8
2025/12/14 14:25,Student,Male,7,8,8,7,8,8
2025/12/14 14:30,Student,Male,7,8,8,7,8,8
2025/12/14 14:51,Student,Male,7,8,8,7,8,8
2025/12/14 14:57,Non-Student,Female,7,8,9,6,9,7
2025/12/14 14:58,Student,Male,7,8,8,7,8,8
2025/12/14 14:58,Student,Male,7,8,8,7,8,8
2025/12/14 15:02,Student,Female,6,8,8,6,9,8
2025/12/14 15:21,Student,Male,7,8,8,7,8,8
2025/12/14 15:28,Student,Male,7,8,8,7,8,8
2025/12/14 15:38,Student,Male,7,8,8,7,8,8
2025/12/14 15:41,Student,Female,6,8,8,6,9,8
2025/12/14 15:42,Student,Male,7,8,8,7,8,8
2025/12/14 15:42,Student,Male,7,8,8,7,8,8
2025/12/14 15:47,Student,Male,7,8,8,7,8,8
2025/12/14 15:47,Student,Male,7,8,8,7,8,8
2025/12/14 15:48,Student,Male,7,8,8,7,8,8
2025/12/14 15:54,Student,Male,7,8,8,7,8,8
2025/12/14 15:57,Student,Male,7,8,8,7,8,8
2025/12/14 15:58,Student,Male,7,8,8,7,8,8
2025/12/14 16:12,Student,Male,7,8,8,7,8,8
2025/12/14 16:30,Student,Male,7,8,8,7,8,8
2025/12/14 16:32,Student,Male,7,8,8,7,8,8
2025/12/14 16:40,Student,Male,7,8,8,7,8,8
2025/12/14 16:51,Student,Male,7,8,8,7,8,8
2025/12/14 17:15,Student,Male,7,8,8,7,8,8
2025/12/14 17:21,Student,Male,7,8,8,7,8,8
2025/12/14 17:35,Student,Male,7,8,8,7,8,8
2025/12/14 17:47,Student,Female,6,8,8,6,9,8
2025/12/14 17:51,Student,Female,6,8,8,6,9,8
2025/12/14 18:05,Student,Male,7,8,8,7,8,8
2025/12/14 18:10,Student,Male,7,8,8,7,8,8
2025/12/14 18:12,Student,Female,6,8,8,6,9,8
2025/12/14 18:17,Student,Male,7,8,8,7,8,8
2025/12/14 18:17,Student,Male,7,8,8,7,8,8
2025/12/14 18:19,Student,Female,6,8,8,6,9,8
2025/12/14 18:26,Student,Male,7,8,8,7,8,8
2025/12/14 18:27,Student,Female,6,8,8,6,9,8
2025/12/14 18:28,Student,Male,7,8,8,7,8,8
2025/12/14 18:29,Student,Male,7,8,8,7,8,8
2025/12/14 18:38,Student,Male,7,8,8,7,8,8
2025/12/14 18:42,Student,Male,7,8,8,7,8,8
2025/12/14 18:45,Student,Male,7,8,8,7,8,8
2025/12/14 18:45,Student,Male,7,8,8,7,8,8
2025/12/14 18:45,Student,Male,7,8,8,7,8,8
2025/12/14 18:49,Student,Female,6,8,8,6,9,8
2025/12/14 18:51,Student,Male,7,8,8,7,8,8
2025/12/14 18:56,Student,Male,7,8,8,7,8,8
2025/12/14 19:11,Student,Male,7,8,8,7,8,8
2025/12/14 19:22,Student,Male,7,8,8,7,8,8
2025/12/14 19:38,Student,Male,7,8,8,7,8,8
2025/12/14 19:40,Student,Female,6,8,8,6,9,8
2025/12/14 19:52,Student,Male,7,8,8,7,8,8
2025/12/14 19:55,Student,Female,6,8,8,6,9,8
2025/12/14 20:12,Student,Male,7,8,8,7,8,8
2025/12/14 20:19,Student,Male,7,8,8,7,8,8
2025/12/14 20:19,Student,Male,7,8,8,7,8,8
2025/12/14 20:20,Student,Male,7,8,8,7,8,8
2025/12/14 20:27,Student,Male,7,8,8,7,8,8
2025/12/14 20:32,Student,Male,7,8,8,7,8,8
2025/12/14 20:42,Student,Male,7,8,8,7,8,8
2025/12/14 20:49,Student,Male,7,8,8,7,8,8
2025/12/14 20:55,Student,Male,7,8,8,7,8,8
2025/12/14 21:03,Non-Student,Female,7,8,9,6,9,7
2025/12/14 21:10,Student,Male,7,8,8,7,8,8
2025/12/14 21:21,Student,Male,7,8,8,7,8,8
2025/12/14 21:22,Non-Student,Male,6,10,10,6,10,6
2025/12/14 21:25,Student,Male,7,8,8,7,8,8
2025/12/14 21:28,Student,Male,7,8,8,7,8,8
2025/12/14 21:30,Student,Male,7,8,8,7,8,8
2025/12/14 21:38,Student,Male,7,8,8,7,8,8
2025/12/14 21:47,Student,Male,7,8,8,7,8,8
2025/12/14 21:51,Student,Male,7,8,8,7,8,8
2025/12/14 22:03,Student,Female,6,8,8,6,9,8
2025/12/14 22:08,Student,Male,7,8,8,7,8,8
2025/12/14 22:08,Student,Male,7,8,8,7,8,8
2025/12/14 22:12,Student,Male,7,8,8,7,8,8
2025/12/14 22:12,Student,Male,7,8,8,7,8,8
2025/12/14 22:27,Student,Male,7,8,8,7,8,8
2025/12/14 22:28,Student,Female,6,8,8,6,9,8
2025/12/14 22:31,Student,Male,7,8,8,7,8,8
2025/12/14 22:32,Student,Male,7,8,8,7,8,8
2025/12/14 22:40,Student,Male,7,8,8,7,8,8
2025/12/14 22:43,Student,Male,7,8,8,7,8,8
2025/12/14 22:49,Student,Male,7,8,8,7,8,8
2025/12/14 22:57,Student,Male,7,8,8,7,8,8
2025/12/14 22:57,Student,Male,7,8,8,7,8,8
2025/12/14 23:02,Student,Male,7,8,8,7,8,8
2025/12/14 23:02,Student,Male,7,8,8,7,8,8
2025/12/14 23:03,Student,Female,6,8,8,6,9,8
2025/12/14 23:10,Student,Male,7,8,8,7,8,8
2025/12/14 23:13,Student,Male,7,8,8,7,8,8
2025/12/14 23:25,Student,Male,7,8,8,7,8,8
2025/12/14 23:29,Student,Male,7,8,8,7,8,8
2025/12/14 23:38,Student,Male,7,8,8,7,8,8
2025/12/14 23:41,Student,Male,7,8,8,7,8,8
2025/12/14 23:44,Non-Student,Female,7,8,9,6,9,7
2025/12/14 23:57,Student,Female,6,8,8,6,9,8
2025/12/15 00:07,Student,Female,6,8,8,6,9,8
2025/12/15 00:14,Student,Male,7,8,8,7,8,8
2025/12/15 00:17,Student,Male,7,8,8,7,8,8
2025/12/15 00:31,Student,Female,6,8,8,6,9,8
2025/12/15 00:35,Student,Male,7,8,8,7,8,8
2025/12/15 00:37,Student,Male,7,8,8,7,8,8
2025/12/15 00:49,Student,Female,6,8,8,6,9,8
2025/12/15 00:51,Student,Male,7,8,8,7,8,8
2025/12/15 01:00,Student,Male,7,8,8,7,8,8
2025/12/15 01:04,Student,Male,7,8,8,7,8,8
2025/12/15 01:05,Student,Male,7,8,8,7,8,8
2025/12/15 01:16,Student,Male,7,8,8,7,8,8
2025/12/15 01:19,Student,Male,7,8,8,7,8,8
2025/12/15 01:19,Student,Male,7,8,8,7,8,8
2025/12/15 01:20,Student,Male,7,8,8,7,8,8
2025/12/15 01:27,Student,Male,7,8,8,7,8,8
2025/12/15 01:34,Student,Male,7,8,8,7,8,8
2025/12/15 01:35,Student,Male,7,8,8,7,8,8
2025/12/15 01:37,Student,Female,6,8,8,6,9,8
2025/12/15 01:39,Student,Male,7,8,8,7,8,8
2025/12/15 01:40,Student,Male,7,8,8,7,8,8
2025/12/15 01:46,Student,Female,6,8,8,6,9,8
2025/12/15 01:48,Student,Male,7,8,8,7,8,8
2025/12/15 01:49,Non-Student,Female,7,8,9,6,9,7
2025/12/15 01:49,Student,Male,7,8,8,7,8,8
2025/12/15 02:04,Student,Female,6,8,8,6,9,8
2025/12/15 02:13,Student,Male,7,8,8,7,8,8
2025/12/15 02:13,Student,Male,7,8,8,7,8,8
2025/12/15 02:26,Non-Student,Female,7,8,9,6,9,7
2025/12/15 02:39,Student,Male,7,8,8,7,8,8
2025/12/15 02:52,Student,Female,6,8,8,6,9,8
2025/12/15 03:03,Student,Female,6,8,8,6,9,8
2025/12/15 03:05,Student,Male,7,8,8,7,8,8
2025/12/15 03:19,Student,Male,7,8,8,7,8,8
2025/12/15 03:19,Student,Male,7,8,8,7,8,8
2025/12/15 03:33,Student,Female,6,8,8,6,9,8
2025/12/15 03:35,Student,Female,6,8,8,6,9,8
2025/12/15 04:03,Student,Male,7,8,8,7,8,8
2025/12/15 04:05,Student,Male,7,8,8,7,8,8
2025/12/15 04:07,Student,Male,7,8,8,7,8,8
2025/12/15 04:19,Student,Male,7,8,8,7,8,8
2025/12/15 04:28,Student,Female,6,8,8,6,9,8
2025/12/15 04:49,Student,Female,6,8,8,6,9,8
2025/12/15 04:52,Student,Male,7,8,8,7,8,8
2025/12/15 04:55,Student,Male,7,8,8,7,8,8
2025/12/15 05:07,Student,Male,7,8,8,7,8,8
2025/12/15 05:12,Student,Male,7,8,8,7,8,8
2025/12/15 05:36,Student,Male,7,8,8,7,8,8
2025/12/15 05:41,Student,Male,7,8,8,7,8,8
2025/12/15 05:45,Student,Male,7,8,8,7,8,8
2025/12/15 05:57,Student,Male,7,8,8,7,8,8
2025/12/15 06:01,Student,Male,7,8,8,7,8,8
2025/12/15 06:31,Student,Male,7,8,8,7,8,8
2025/12/15 06:36,Student,Male,7,8,8,7,8,8
2025/12/15 06:38,Student,Male,7,8,8,7,8,8
2025/12/15 06:40,Student,Male,7,8,8,7,8,8
2025/12/15 06:42,Student,Male,7,8,8,7,8,8
2025/12/15 06:42,Student,Male,7,8,8,7,8,8
2025/12/15 06:46,Student,Male,7,8,8,7,8,8
2025/12/15 06:48,Student,Male,7,8,8,7,8,8
2025/12/15 06:48,Student,Female,6,8,8,6,9,8
2025/12/15 07:06,Student,Male,7,8,8,7,8,8
2025/12/15 07:13,Non-Student,Male,6,10,10,6,10,6
2025/12/15 07:14,Student,Male,7,8,8,7,8,8
2025/12/15 07:24,Student,Male,7,8,8,7,8,8
2025/12/15 07:33,Student,Male,7,8,8,7,8,8
2025/12/15 07:34,Student,Female,6,8,8,6,9,8
2025/12/15 07:44,Student,Male,7,8,8,7,8,8
2025/12/15 07:46,Student,Male,7,8,8,7,8,8
2025/12/15 07:46,Student,Male,7,8,8,7,8,8
2025/12/15 07:57,Student,Female,6,8,8,6,9,8
2025/12/15 08:02,Student,Male,7,8,8,7,8,8
2025/12/15 08:12,Student,Male,7,8,8,7,8,8
2025/12/15 08:20,Student,Male,7,8,8,7,8,8
2025/12/15 08:24,Student,Male,7,8,8,7,8,8
2025/12/15 08:27,Student,Male,7,8,8,7,8,8
2025/12/15 08:29,Student,Male,7,8,8,7,8,8
2025/12/15 08:32,Student,Male,7,8,8,7,8,8
2025/12/15 08:33,Student,Male,7,8,8,7,8,8
2025/12/15 09:09,Student,Female,6,8,8,6,9,8
2025/12/15 09:10,Student,Male,7,8,8,7,8,8
2025/12/15 09:12,Student,Male,7,8,8,7,8,8
2025/12/15 09:14,Student,Female,6,8,8,6,9,8
2025/12/15 09:15,Student,Male,7,8,8,7,8,8
2025/12/15 09:19,Student,Male,7,8,8,7,8,8
2025/12/15 09:23,Student,Male,7,8,8,7,8,8
2025/12/15 09:24,Student,Male,7,8,8,7,8,8
2025/12/15 09:27,Student,Male,7,8,8,7,8,8
2025/12/15 09:30,Student,Male,7,8,8,7,8,8
2025/12/15 09:46,Student,Male,7,8,8,7,8,8
2025/12/15 10:02,Student,Female,6,8,8,6,9,8
2025/12/15 10:02,Student,Male,7,8,8,7,8,8
2025/12/15 10:04,Student,Male,7,8,8,7,8,8
2025/12/15 10:04,Student,Male,7,8,8,7,8,8
2025/12/15 10:06,Student,Male,7,8,8,7,8,8
2025/12/15 10:08,Non-Student,Female,7,8,9,6,9,7
2025/12/15 10:09,Student,Female,6,8,8,6,9,8
2025/12/15 10:16,Student,Male,7,8,8,7,8,8
2025/12/15 10:27,Student,Male,7,8,8,7,8,8
2025/12/15 10:37,Student,Male,7,8,8,7,8,8
2025/12/15 10:37,Student,Female,6,8,8,6,9,8
2025/12/15 11:21,Student,Male,7,8,8,7,8,8
2025/12/15 11:24,Student,Male,7,8,8,7,8,8
2025/12/15 11:24,Student,Male,7,8,8,7,8,8
2025/12/15 11:42,Student,Male,7,8,8,7,8,8
2025/12/15 11:45,Student,Male,7,8,8,7,8,8
2025/12/15 11:47,Student,Male,7,8,8,7,8,8
2025/12/15 11:48,Student,Male,7,8,8,7,8,8
2025/12/15 11:58,Student,Male,7,8,8,7,8,8
2025/12/15 12:06,Student,Female,6,8,8,6,9,8
2025/12/15 12:07,Student,Female,6,8,8,6,9,8
2025/12/15 12:20,Student,Female,6,8,8,6,9,8
2025/12/15 12:21,Student,Male,7,8,8,7,8,8
2025/12/15 12:32,Student,Male,7,8,8,7,8,8
2025/12/15 12:37,Student,Female,6,8,8,6,9,8
2025/12/15 12:41,Student,Female,6,8,8,6,9,8
2025/12/15 12:41,Student,Female,6,8,8,6,9,8
2025/12/15 12:58,Student,Male,7,8,8,7,8,8
2025/12/15 13:02,Student,Male,7,8,8,7,8,8
2025/12/15 13:10,Student,Female,6,8,8,6,9,8
2025/12/15 13:13,Student,Female,6,8,8,6,9,8
2025/12/15 13:14,Student,Female,6,8,8,6,9,8
2025/12/15 13:17,Student,Male,7,8,8,7,8,8
2025/12/15 13:23,Student,Male,7,8,8,7,8,8
2025/12/15 13:31,Student,Male,7,8,8,7,8,8
2025/12/15 13:34,Student,Male,7,8,8,7,8,8
2025/12/15 13:35,Student,Male,7,8,8,7,8,8
2025/12/15 13:38,Student,Other,4,6,6,8,8,4
2025/12/15 13:45,Student,Male,7,8,8,7,8,8
2025/12/15 13:50,Student,Male,7,8,8,7,8,8
2025/12/15 14:09,Student,Female,6,8,8,6,9,8
2025/12/15 14:17,Student,Male,7,8,8,7,8,8
2025/12/15 14:52,Student,Male,7,8,8,7,8,8
2025/12/15 14:56,Student,Female,6,8,8,6,9,8
2025/12/15 15:01,Student,Male,7,8,8,7,8,8
2025/12/15 15:04,Student,Male,7,8,8,7,8,8
2025/12/15 15:05,Student,Male,7,8,8,7,8,8
2025/12/15 15:11,Student,Female,6,8,8,6,9,8
2025/12/15 15:13,Student,Female,6,8,8,6,9,8
2025/12/15 15:13,Student,Male,7,8,8,7,8,8
2025/12/15 15:22,Student,Male,7,8,8,7,8,8
2025/12/15 15:36,Student,Male,7,8,8,7,8,8
2025/12/15 15:52,Student,Male,7,8,8,7,8,8
2025/12/15 15:55,Student,Male,7,8,8,7,8,8
2025/12/15 16:10,Student,Male,7,8,8,7,8,8
2025/12/15 16:12,Student,Male,7,8,8,7,8,8
2025/12/15 16:15,Student,Male,7,8,8,7,8,8
2025/12/15 16:22,Student,Male,7,8,8,7,8,8
2025/12/15 16:23,Student,Male,7,8,8,7,8,8
2025/12/15 16:31,Student,Female,6,8,8,6,9,8
2025/12/15 16:33,Student,Female,6,8,8,6,9,8
2025/12/15 16:42,Non-Student,Male,6,10,10,6,10,6
2025/12/15 16:46,Student,Female,6,8,8,6,9,8
2025/12/15 16:49,Student,Male,7,8,8,7,8,8
2025/12/15 16:50,Student,Male,7,8,8,7,8,8
2025/12/15 17:01,Student,Male,7,8,8,7,8,8
2025/12/15 17:06,Student,Female,6,8,8,6,9,8
2025/12/15 17:08,Student,Male,7,8,8,7,8,8
2025/12/15 17:11,Student,Male,7,8,8,7,8,8
2025/12/15 17:13,Student,Male,7,8,8,7,8,8
2025/12/15 17:14,Student,Male,7,8,8,7,8,8
2025/12/15 17:24,Student,Female,6,8,8,6,9,8
2025/12/15 17:26,Student,Male,7,8,8,7,8,8
2025/12/15 17:31,Student,Male,7,8,8,7,8,8
2025/12/15 17:36,Student,Male,7,8,8,7,8,8
2025/12/15 17:43,Student,Female,6,8,8,6,9,8
2025/12/15 18:04,Student,Male,7,8,8,7,8,8
2025/12/15 18:04,Student,Female,6,8,8,6,9,8
2025/12/15 18:05,Student,Male,7,8,8,7,8,8
2025/12/15 18:14,Student,Female,6,8,8,6,9,8
2025/12/15 18:17,Student,Male,7,8,8,7,8,8
2025/12/15 18:22,Student,Male,7,8,8,7,8,8
2025/12/15 18:24,Student,Male,7,8,8,7,8,8
2025/12/15 18:30,Student,Male,7,8,8,7,8,8
2025/12/15 18:31,Student,Male,7,8,8,7,8,8
2025/12/15 18:34,Student,Male,7,8,8,7,8,8
2025/12/15 18:34,Student,Female,6,8,8,6,9,8
2025/12/15 18:53,Student,Male,7,8,8,7,8,8
2025/12/15 18:55,Student,Female,6,8,8,6,9,8
2025/12/15 19:30,Student,Female,6,8,8,6,9,8
2025/12/15 19:34,Student,Female,6,8,8,6,9,8
2025/12/15 19:34,Student,Female,6,8,8,6,9,8
2025/12/15 19:38,Student,Male,7,8,8,7,8,8
2025/12/15 19:40,Student,Male,7,8,8,7,8,8
2025/12/15 19:46,Student,Male,7,8,8,7,8,8
2025/12/15 19:49,Student,Male,7,8,8,7,8,8
2025/12/15 19:49,Student,Female,6,8,8,6,9,8
2025/12/15 19:49,Student,Male,7,8,8,7,8,8
2025/12/15 19:51,Student,Female,6,8,8,6,9,8
2025/12/15 19:52,Student,Male,7,8,8,7,8,8
2025/12/15 19:52,Student,Male,7,8,8,7,8,8
2025/12/15 19:59,Student,Male,7,8,8,7,8,8
2025/12/15 20:02,Student,Male,7,8,8,7,8,8
2025/12/15 20:02,Student,Male,7,8,8,7,8,8
2025/12/15 20:04,Student,Male,7,8,8,7,8,8
2025/12/15 20:05,Student,Male,7,8,8,7,8,8
2025/12/15 20:13,Student,Male,7,8,8,7,8,8
2025/12/15 20:22,Student,Male,7,8,8,7,8,8
2025/12/15 20:33,Student,Male,7,8,8,7,8,8
2025/12/15 20:36,Student,Female,6,8,8,6,9,8
2025/12/15 20:39,Student,Male,7,8,8,7,8,8
2025/12/15 20:41,Student,Male,7,8,8,7,8,8
2025/12/15 20:46,Student,Male,7,8,8,7,8,8
2025/12/15 20:47,Student,Male,7,8,8,7,8,8
2025/12/15 20:49,Student,Female,6,8,8,6,9,8
2025/12/15 20:58,Student,Male,7,8,8,7,8,8
2025/12/15 20:58,Student,Male,7,8,8,7,8,8
2025/12/15 21:51,Student,Other,4,6,6,8,8,4
2025/12/15 21:53,Student,Male,7,8,8,7,8,8
2025/12/15 22:05,Student,Female,6,8,8,6,9,8
2025/12/15 22:07,Student,Female,6,8,8,6,9,8
2025/12/15 22:32,Student,Male,7,8,8,7,8,8
2025/12/15 22:32,Student,Female,6,8,8,6,9,8
2025/12/15 22:39,Student,Male,7,8,8,7,8,8
2025/12/15 22:42,Student,Male,7,8,8,7,8,8
2025/12/15 22:44,Student,Male,7,8,8,7,8,8
2025/12/15 22:48,Student,Male,7,8,8,7,8,8
2025/12/15 22:54,Student,Male,7,8,8,7,8,8
2025/12/15 22:56,Student,Male,7,8,8,7,8,8
2025/12/15 22:57,Student,Female,6,8,8,6,9,8
2025/12/15 23:06,Student,Male,7,8,8,7,8,8
2025/12/15 23:10,Student,Male,7,8,8,7,8,8
2025/12/15 23:12,Student,Male,7,8,8,7,8,8
2025/12/15 23:26,Student,Male,7,8,8,7,8,8
2025/12/15 23:37,Student,Male,7,8,8,7,8,8
2025/12/15 23:41,Student,Male,7,8,8,7,8,8
2025/12/15 23:45,Student,Other,4,6,6,8,8,4
2025/12/15 23:45,Student,Male,7,8,8,7,8,8
2025/12/15 23:47,Student,Male,7,8,8,7,8,8
2025/12/15 23:55,Student,Male,7,8,8,7,8,8
2025/12/15 23:57,Student,Male,7,8,8,7,8,8
2025/12/16 00:02,Student,Male,7,8,8,7,8,8
2025/12/16 00:02,Student,Female,6,8,8,6,9,8
2025/12/16 00:05,Student,Male,7,8,8,7,8,8
2025/12/16 00:10,Student,Male,7,8,8,7,8,8
2025/12/16 00:17,Student,Male,7,8,8,7,8,8
2025/12/16 00:25,Student,Male,7,8,8,7,8,8
2025/12/16 00:27,Student,Male,7,8,8,7,8,8
2025/12/16 00:32,Student,Male,7,8,8,7,8,8
2025/12/16 00:33,Student,Male,7,8,8,7,8,8
2025/12/16 00:34,Student,Female,6,8,8,6,9,8
2025/12/16 00:42,Student,Male,7,8,8,7,8,8
2025/12/16 00:56,Student,Female,6,8,8,6,9,8
2025/12/16 00:58,Student,Male,7,8,8,7,8,8
2025/12/16 00:58,Student,Male,7,8,8,7,8,8
2025/12/16 01:13,Student,Male,7,8,8,7,8,8
2025/12/16 01:17,Student,Male,7,8,8,7,8,8
2025/12/16 01:19,Student,Male,7,8,8,7,8,8
2025/12/16 01:42,Student,Male,7,8,8,7,8,8
2025/12/16 01:45,Student,Male,7,8,8,7,8,8
2025/12/16 01:49,Student,Male,7,8,8,7,8,8
2025/12/16 01:55,Student,Female,6,8,8,6,9,8
2025/12/16 01:57,Student,Female,6,8,8,6,9,8
2025/12/16 02:04,Student,Male,7,8,8,7,8,8
2025/12/16 02:29,Student,Male,7,8,8,7,8,8
2025/12/16 02:32,Student,Male,7,8,8,7,8,8
2025/12/16 02:34,Student,Male,7,8,8,7,8,8
2025/12/16 02:40,Student,Male,7,8,8,7,8,8
2025/12/16 02:45,Student,Female,6,8,8,6,9,8
2025/12/16 02:54,Student,Female,6,8,8,6,9,8
2025/12/16 02:54,Student,Male,7,8,8,7,8,8
2025/12/16 03:02,Student,Male,7,8,8,7,8,8
2025/12/16 03:08,Student,Male,7,8,8,7,8,8
2025/12/16 03:08,Student,Male,7,8,8,7,8,8
2025/12/16 03:13,Student,Male,7,8,8,7,8,8
2025/12/16 03:24,Student,Male,7,8,8,7,8,8
2025/12/16 03:26,Student,Male,7,8,8,7,8,8
2025/12/16 03:30,Student,Male,7,8,8,7,8,8
2025/12/16 03:43,Student,Male,7,8,8,7,8,8
2025/12/16 03:45,Student,Female,6,8,8,6,9,8
2025/12/16 04:02,Non-Student,Female,7,8,9,6,9,7
2025/12/16 04:05,Student,Male,7,8,8,7,8,8
2025/12/16 04:07,Student,Male,7,8,8,7,8,8
2025/12/16 04:20,Student,Female,6,8,8,6,9,8
2025/12/16 04:36,Student,Male,7,8,8,7,8,8
2025/12/16 04:39,Student,Male,7,8,8,7,8,8
2025/12/16 04:40,Student,Female,6,8,8,6,9,8
2025/12/16 04:42,Student,Male,7,8,8,7,8,8
2025/12/16 04:54,Student,Female,6,8,8,6,9,8
2025/12/16 05:02,Student,Female,6,8,8,6,9,8
2025/12/16 05:08,Student,Male,7,8,8,7,8,8
2025/12/16 05:10,Student,Male,7,8,8,7,8,8
2025/12/16 05:14,Student,Male,7,8,8,7,8,8
2025/12/16 05:16,Student,Male,7,8,8,7,8,8
2025/12/16 05:52,Student,Male,7,8,8,7,8,8
2025/12/16 05:55,Student,Male,7,8,8,7,8,8
2025/12/16 05:57,Student,Male,7,8,8,7,8,8
2025/12/16 05:57,Student,Male,7,8,8,7,8,8
2025/12/16 05:57,Student,Male,7,8,8,7,8,8
2025/12/16 05:59,Student,Male,7,8,8,7,8,8
2025/12/16 06:07,Student,Female,6,8,8,6,9,8
2025/12/16 06:07,Student,Male,7,8,8,7,8,8
2025/12/16 06:21,Student,Male,7,8,8,7,8,8
2025/12/16 06:46,Non-Student,Male,6,10,10,6,10,6
2025/12/16 07:03,Student,Male,7,8,8,7,8,8
2025/12/16 07:04,Student,Male,7,8,8,7,8,8
2025/12/16 07:14,Student,Male,7,8,8,7,8,8
2025/12/16 07:16,Student,Female,6,8,8,6,9,8
2025/12/16 07:18,Student,Male,7,8,8,7,8,8
2025/12/16 07:44,Student,Male,7,8,8,7,8,8
2025/12/16 07:54,Student,Male,7,8,8,7,8,8
2025/12/16 07:56,Student,Male,7,8,8,7,8,8
2025/12/16 07:56,Student,Male,7,8,8,7,8,8
2025/12/16 08:10,Student,Female,6,8,8,6,9,8
2025/12/16 08:12,Non-Student,Female,7,8,9,6,9,7
2025/12/16 08:14,Student,Male,7,8,8,7,8,8
2025/12/16 08:35,Student,Male,7,8,8,7,8,8
2025/12/16 08:45,Student,Male,7,8,8,7,8,8
2025/12/16 08:51,Student,Male,7,8,8,7,8,8
2025/12/16 08:55,Non-Student,Male,6,10,10,6,10,6
2025/12/16 08:59,Student,Male,7,8,8,7,8,8
2025/12/16 09:06,Student,Male,7,8,8,7,8,8
2025/12/16 09:08,Student,Male,7,8,8,7,8,8
2025/12/16 09:23,Student,Male,7,8,8,7,8,8
2025/12/16 09:26,Student,Female,6,8,8,6,9,8
2025/12/16 09:27,Student,Male,7,8,8,7,8,8
2025/12/16 09:29,Student,Male,7,8,8,7,8,8
2025/12/16 09:33,Student,Male,7,8,8,7,8,8
2025/12/16 09:36,Student,Male,7,8,8,7,8,8
2025/12/16 09:43,Student,Male,7,8,8,7,8,8
2025/12/16 09:46,Student,Female,6,8,8,6,9,8
2025/12/16 09:50,Student,Female,6,8,8,6,9,8
2025/12/16 09:52,Student,Male,7,8,8,7,8,8
2025/12/16 09:55,Student,Female,6,8,8,6,9,8
2025/12/16 09:56,Student,Male,7,8,8,7,8,8
2025/12/16 10:01,Student,Female,6,8,8,6,9,8
2025/12/16 10:01,Student,Female,6,8,8,6,9,8
2025/12/16 10:11,Student,Male,7,8,8,7,8,8
2025/12/16 10:16,Student,Male,7,8,8,7,8,8
2025/12/16 10:22,Student,Male,7,8,8,7,8,8
2025/12/16 10:28,Student,Male,7,8,8,7,8,8
2025/12/16 10:29,Student,Male,7,8,8,7,8,8
2025/12/16 10:34,Student,Male,7,8,8,7,8,8
2025/12/16 10:38,Student,Male,7,8,8,7,8,8
2025/12/16 10:42,Student,Male,7,8,8,7,8,8
2025/12/16 10:43,Student,Male,7,8,8,7,8,8
2025/12/16 10:45,Student,Male,7,8,8,7,8,8
2025/12/16 10:50,Student,Male,7,8,8,7,8,8
2025/12/16 10:54,Student,Male,7,8,8,7,8,8
2025/12/16 10:59,Student,Male,7,8,8,7,8,8
2025/12/16 11:00,Student,Male,7,8,8,7,8,8
2025/12/16 11:06,Student,Other,4,6,6,8,8,4
2025/12/16 11:13,Student,Male,7,8,8,7,8,8
2025/12/16 11:20,Student,Male,7,8,8,7,8,8
2025/12/16 11:52,Student,Male,7,8,8,7,8,8
2025/12/16 12:01,Student,Male,7,8,8,7,8,8
2025/12/16 12:02,Student,Female,6,8,8,6,9,8
2025/12/16 12:04,Student,Male,7,8,8,7,8,8
2025/12/16 12:06,Student,Male,7,8,8,7,8,8
2025/12/16 12:13,Student,Male,7,8,8,7,8,8
2025/12/16 12:14,Student,Male,7,8,8,7,8,8
2025/12/16 12:17,Student,Male,7,8,8,7,8,8
2025/12/16 12:19,Student,Male,7,8,8,7,8,8
2025/12/16 12:20,Student,Male,7,8,8,7,8,8
2025/12/16 12:24,Student,Female,6,8,8,6,9,8
2025/12/16 12:25,Student,Male,7,8,8,7,8,8
2025/12/16 12:30,Student,Male,7,8,8,7,8,8
2025/12/16 12:33,Student,Female,6,8,8,6,9,8
2025/12/16 12:37,Student,Female,6,8,8,6,9,8
2025/12/16 12:46,Student,Male,7,8,8,7,8,8
2025/12/16 12:58,Student,Male,7,8,8,7,8,8
2025/12/16 12:59,Student,Male,7,8,8,7,8,8
2025/12/16 13:11,Student,Male,7,8,8,7,8,8
2025/12/16 13:11,Student,Male,7,8,8,7,8,8
2025/12/16 13:14,Student,Male,7,8,8,7,8,8
2025/12/16 13:31,Student,Female,6,8,8,6,9,8
2025/12/16 13:36,Student,Other,4,6,6,8,8,4
2025/12/16 13:42,Student,Male,7,8,8,7,8,8
2025/12/16 13:45,Student,Male,7,8,8,7,8,8
2025/12/16 13:47,Student,Male,7,8,8,7,8,8
2025/12/16 13:55,Student,Male,7,8,8,7,8,8
2025/12/16 13:56,Student,Male,7,8,8,7,8,8
2025/12/16 14:08,Student,Male,7,8,8,7,8,8
2025/12/16 14:18,Student,Female,6,8,8,6,9,8
2025/12/16 14:20,Student,Female,6,8,8,6,9,8
2025/12/16 14:29,Student,Female,6,8,8,6,9,8
2025/12/16 14:39,Student,Male,7,8,8,7,8,8
2025/12/16 14:41,Student,Male,7,8,8,7,8,8
2025/12/16 14:51,Student,Male,7,8,8,7,8,8
2025/12/16 14:57,Student,Female,6,8,8,6,9,8
2025/12/16 14:58,Student,Female,6,8,8,6,9,8
2025/12/16 15:03,Student,Male,7,8,8,7,8,8
2025/12/16 15:10,Student,Male,7,8,8,7,8,8
2025/12/16 15:12,Student,Male,7,8,8,7,8,8
2025/12/16 15:19,Student,Male,7,8,8,7,8,8
2025/12/16 15:37,Student,Male,7,8,8,7,8,8
2025/12/16 15:38,Student,Male,7,8,8,7,8,8
2025/12/16 15:42,Student,Male,7,8,8,7,8,8
2025/12/16 15:43,Student,Male,7,8,8,7,8,8
2025/12/16 15:48,Student,Female,6,8,8,6,9,8
2025/12/16 16:01,Student,Female,6,8,8,6,9,8
2025/12/16 16:02,Student,Female,6,8,8,6,9,8
2025/12/16 16:04,Student,Male,7,8,8,7,8,8
2025/12/16 16:08,Student,Male,7,8,8,7,8,8
2025/12/16 16:17,Student,Male,7,8,8,7,8,8
2025/12/16 16:20,Student,Male,7,8,8,7,8,8
2025/12/16 16:30,Student,Male,7,8,8,7,8,8
2025/12/16 16:36,Student,Female,6,8,8,6,9,8
2025/12/16 16:46,Student,Male,7,8,8,7,8,8
2025/12/16 16:50,Student,Male,7,8,8,7,8,8
2025/12/16 16:58,Student,Male,7,8,8,7,8,8
2025/12/16 17:01,Student,Female,6,8,8,6,9,8
2025/12/16 17:07,Student,Male,7,8,8,7,8,8
2025/12/16 17:16,Student,Male,7,8,8,7,8,8
2025/12/16 17:18,Student,Male,7,8,8,7,8,8
2025/12/16 17:23,Student,Male,7,8,8,7,8,8
2025/12/16 17:27,Student,Male,7,8,8,7,8,8
2025/12/16 17:38,Student,Male,7,8,8,7,8,8
2025/12/16 17:41,Student,Male,7,8,8,7,8,8
2025/12/16 17:41,Student,Male,7,8,8,7,8,8
2025/12/16 17:43,Student,Male,7,8,8,7,8,8
2025/12/16 17:51,Student,Male,7,8,8,7,8,8
2025/12/16 17:58,Student,Male,7,8,8,7,8,8
2025/12/16 18:08,Student,Male,7,8,8,7,8,8
2025/12/16 18:08,Student,Male,7,8,8,7,8,8
2025/12/16 18:19,Student,Female,6,8,8,6,9,8
2025/12/16 18:21,Student,Male,7,8,8,7,8,8
2025/12/16 18:22,Student,Male,7,8,8,7,8,8
2025/12/16 18:24,Student,Male,7,8,8,7,8,8
2025/12/16 18:25,Student,Male,7,8,8,7,8,8
2025/12/16 18:40,Student,Male,7,8,8,7,8,8
2025/12/16 18:47,Student,Male,7,8,8,7,8,8
2025/12/16 18:47,Non-Student,Female,7,8,9,6,9,7
2025/12/16 18:49,Student,Male,7,8,8,7,8,8
2025/12/16 18:51,Student,Male,7,8,8,7,8,8
2025/12/16 18:57,Student,Male,7,8,8,7,8,8
2025/12/16 18:58,Student,Male,7,8,8,7,8,8
2025/12/16 19:10,Student,Male,7,8,8,7,8,8
2025/12/16 19:11,Student,Male,7,8,8,7,8,8
2025/12/16 19:14,Student,Female,6,8,8,6,9,8
2025/12/16 19:20,Student,Other,4,6,6,8,8,4
2025/12/16 19:35,Student,Male,7,8,8,7,8,8
2025/12/16 19:45,Student,Male,7,8,8,7,8,8
2025/12/16 19:45,Student,Male,7,8,8,7,8,8
2025/12/16 19:50,Student,Male,7,8,8,7,8,8
2025/12/16 19:58,Student,Male,7,8,8,7,8,8
2025/12/16 19:59,Student,Male,7,8,8,7,8,8
2025/12/16 20:10,Student,Male,7,8,8,7,8,8
2025/12/16 20:18,Student,Male,7,8,8,7,8,8
2025/12/16 20:19,Non-Student,Female,7,8,9,6,9,7
2025/12/16 20:30,Student,Female,6,8,8,6,9,8
2025/12/16 20:30,Student,Male,7,8,8,7,8,8
2025/12/16 20:36,Student,Male,7,8,8,7,8,8
2025/12/16 20:41,Student,Female,6,8,8,6,9,8
2025/12/16 20:51,Student,Male,7,8,8,7,8,8
2025/12/16 20:55,Student,Male,7,8,8,7,8,8
2025/12/16 21:03,Student,Male,7,8,8,7,8,8
2025/12/16 21:09,Student,Male,7,8,8,7,8,8
2025/12/16 21:17,Non-Student,Female,7,8,9,6,9,7
2025/12/16 21:22,Student,Male,7,8,8,7,8,8
2025/12/16 21:28,Student,Male,7,8,8,7,8,8
2025/12/16 21:29,Student,Male,7,8,8,7,8,8
2025/12/16 21:37,Student,Male,7,8,8,7,8,8
2025/12/16 21:41,Student,Male,7,8,8,7,8,8
2025/12/16 21:54,Student,Female,6,8,8,6,9,8
2025/12/16 22:00,Student,Male,7,8,8,7,8,8
2025/12/16 22:00,Student,Male,7,8,8,7,8,8
2025/12/16 22:04,Student,Male,7,8,8,7,8,8
2025/12/16 22:05,Student,Male,7,8,8,7,8,8
2025/12/16 22:08,Student,Male,7,8,8,7,8,8
2025/12/16 22:13,Student,Male,7,8,8,7,8,8
2025/12/16 22:21,Student,Other,4,6,6,8,8,4
2025/12/16 22:23,Non-Student,Female,7,8,9,6,9,7
2025/12/16 22:42,Student,Male,7,8,8,7,8,8
2025/12/16 22:47,Student,Male,7,8,8,7,8,8
2025/12/16 22:59,Student,Male,7,8,8,7,8,8
2025/12/16 23:00,Student,Male,7,8,8,7,8,8
2025/12/16 23:03,Student,Male,7,8,8,7,8,8
2025/12/16 23:29,Student,Male,7,8,8,7,8,8
2025/12/16 23:34,Student,Female,6,8,8,6,9,8
2025/12/16 23:45,Student,Female,6,8,8,6,9,8
2025/12/16 23:51,Student,Female,6,8,8,6,9,8
2025/12/16 23:55,Student,Male,7,8,8,7,8,8
2025/12/17 00:00,Student,Male,7,8,8,7,8,8
2025/12/17 00:04,Student,Male,7,8,8,7,8,8
2025/12/17 00:12,Student,Male,7,8,8,7,8,8
2025/12/17 00:14,Student,Male,7,8,8,7,8,8
2025/12/17 00:18,Student,Male,7,8,8,7,8,8
2025/12/17 00:21,Student,Male,7,8,8,7,8,8
2025/12/17 00:35,Student,Male,7,8,8,7,8,8
2025/12/17 00:42,Student,Male,7,8,8,7,8,8
2025/12/17 00:52,Student,Male,7,8,8,7,8,8
2025/12/17 00:53,Non-Student,Female,7,8,9,6,9,7
2025/12/17 00:55,Student,Male,7,8,8,7,8,8
2025/12/17 01:13,Student,Female,6,8,8,6,9,8
2025/12/17 01:13,Student,Female,6,8,8,6,9,8
2025/12/17 01:22,Student,Male,7,8,8,7,8,8
2025/12/17 01:24,Student,Male,7,8,8,7,8,8
2025/12/17 01:37,Student,Male,7,8,8,7,8,8
2025/12/17 01:39,Student,Female,6,8,8,6,9,8
2025/12/17 01:55,Student,Male,7,8,8,7,8,8
2025/12/17 01:59,Student,Male,7,8,8,7,8,8
2025/12/17 02:05,Student,Male,7,8,8,7,8,8
2025/12/17 02:09,Student,Male,7,8,8,7,8,8
2025/12/17 02:10,Student,Male,7,8,8,7,8,8
2025/12/17 02:13,Student,Female,6,8,8,6,9,8
2025/12/17 02:21,Student,Male,7,8,8,7,8,8
2025/12/17 02:25,Student,Male,7,8,8,7,8,8
2025/12/17 02:26,Student,Male,7,8,8,7,8,8
2025/12/17 02:32,Student,Male,7,8,8,7,8,8
2025/12/17 02:43,Student,Male,7,8,8,7,8,8
2025/12/17 02:58,Student,Male,7,8,8,7,8,8
2025/12/17 02:59,Student,Male,7,8,8,7,8,8
2025/12/17 03:22,Student,Male,7,8,8,7,8,8
2025/12/17 03:49,Student,Male,7,8,8,7,8,8
2025/12/17 03:50,Student,Female,6,8,8,6,9,8
2025/12/17 03:57,Student,Male,7,8,8,7,8,8
2025/12/17 03:59,Student,Female,6,8,8,6,9,8
2025/12/17 04:03,Student,Male,7,8,8,7,8,8
2025/12/17 04:05,Student,Male,7,8,8,7,8,8
2025/12/17 04:06,Student,Female,6,8,8,6,9,8
2025/12/17 04:21,Student,Male,7,8,8,7,8,8
2025/12/17 04:28,Student,Male,7,8,8,7,8,8
2025/12/17 04:47,Student,Male,7,8,8,7,8,8
2025/12/17 04:52,Student,Female,6,8,8,6,9,8
2025/12/17 05:01,Student,Male,7,8,8,7,8,8
2025/12/17 05:03,Student,Male,7,8,8,7,8,8
2025/12/17 05:03,Student,Male,7,8,8,7,8,8
2025/12/17 05:07,Student,Male,7,8,8,7,8,8
2025/12/17 05:15,Student,Male,7,8,8,7,8,8
2025/12/17 05:17,Student,Male,7,8,8,7,8,8
2025/12/17 05:27,Student,Male,7,8,8,7,8,8
2025/12/17 05:28,Student,Male,7,8,8,7,8,8
2025/12/17 05:32,Student,Male,7,8,8,7,8,8
2025/12/17 05:49,Student,Male,7,8,8,7,8,8
2025/12/17 05:54,Student,Male,7,8,8,7,8,8
2025/12/17 05:56,Student,Male,7,8,8,7,8,8
2025/12/17 05:59,Student,Male,7,8,8,7,8,8
2025/12/17 05:59,Student,Male,7,8,8,7,8,8
2025/12/17 06:09,Student,Male,7,8,8,7,8,8
2025/12/17 06:13,Student,Male,7,8,8,7,8,8
2025/12/17 06:14,Student,Male,7,8,8,7,8,8
2025/12/17 06:16,Non-Student,Female,7,8,9,6,9,7
2025/12/17 06:19,Student,Male,7,8,8,7,8,8
2025/12/17 06:22,Student,Male,7,8,8,7,8,8
2025/12/17 06:28,Student,Male,7,8,8,7,8,8
2025/12/17 06:29,Student,Male,7,8,8,7,8,8
2025/12/17 06:29,Student,Male,7,8,8,7,8,8
2025/12/17 06:50,Student,Male,7,8,8,7,8,8
2025/12/17 06:59,Student,Male,7,8,8,7,8,8
2025/12/17 07:00,Student,Male,7,8,8,7,8,8
2025/12/17 07:00,Non-Student,Female,7,8,9,6,9,7
2025/12/17 07:03,Student,Male,7,8,8,7,8,8
2025/12/17 07:17,Student,Male,7,8,8,7,8,8
2025/12/17 07:20,Student,Male,7,8,8,7,8,8
2025/12/17 07:32,Student,Male,7,8,8,7,8,8
2025/12/17 07:43,Student,Male,7,8,8,7,8,8
2025/12/17 07:44,Student,Male,7,8,8,7,8,8
2025/12/17 07:45,Student,Female,6,8,8,6,9,8
2025/12/17 07:47,Student,Male,7,8,8,7,8,8
2025/12/17 07:47,Student,Female,6,8,8,6,9,8
2025/12/17 07:49,Student,Male,7,8,8,7,8,8
2025/12/17 07:50,Student,Male,7,8,8,7,8,8
2025/12/17 07:51,Student,Female,6,8,8,6,9,8
2025/12/17 08:02,Student,Male,7,8,8,7,8,8
2025/12/17 08:10,Student,Male,7,8,8,7,8,8
2025/12/17 08:14,Student,Male,7,8,8,7,8,8
2025/12/17 08:14,Student,Male,7,8,8,7,8,8
2025/12/17 08:22,Student,Male,7,8,8,7,8,8
2025/12/17 08:23,Student,Male,7,8,8,7,8,8
2025/12/17 08:33,Student,Male,7,8,8,7,8,8
2025/12/17 08:37,Student,Male,7,8,8,7,8,8
2025/12/17 08:37,Non-Student,Male,6,10,10,6,10,6
2025/12/17 08:40,Student,Female,6,8,8,6,9,8
2025/12/17 08:42,Student,Male,7,8,8,7,8,8
2025/12/17 08:46,Student,Female,6,8,8,6,9,8
2025/12/17 08:55,Student,Male,7,8,8,7,8,8
2025/12/17 09:10,Student,Female,6,8,8,6,9,8
2025/12/17 09:14,Student,Male,7,8,8,7,8,8
2025/12/17 09:16,Student,Male,7,8,8,7,8,8
2025/12/17 09:19,Student,Male,7,8,8,7,8,8
2025/12/17 09:19,Student,Male,7,8,8,7,8,8
2025/12/17 09:26,Student,Male,7,8,8,7,8,8
2025/12/17 09:29,Student,Female,6,8,8,6,9,8
2025/12/17 09:30,Student,Male,7,8,8,7,8,8
2025/12/17 09:38,Student,Male,7,8,8,7,8,8
2025/12/17 09:54,Student,Male,7,8,8,7,8,8
2025/12/17 09:58,Student,Male,7,8,8,7,8,8
2025/12/17 10:04,Student,Female,6,8,8,6,9,8
2025/12/17 10:05,Student,Male,7,8,8,7,8,8
2025/12/17 10:08,Non-Student,Female,7,8,9,6,9,7
2025/12/17 10:17,Student,Female,6,8,8,6,9,8
2025/12/17 10:17,Student,Male,7,8,8,7,8,8
2025/12/17 10:19,Non-Student,Female,7,8,9,6,9,7
2025/12/17 10:24,Student,Male,7,8,8,7,8,8
2025/12/17 10:27,Student,Female,6,8,8,6,9,8
2025/12/17 10:27,Student,Male,7,8,8,7,8,8
2025/12/17 10:37,Student,Male,7,8,8,7,8,8
2025/12/17 10:56,Student,Female,6,8,8,6,9,8
2025/12/17 11:00,Student,Female,6,8,8,6,9,8
2025/12/17 11:00,Student,Male,7,8,8,7,8,8
2025/12/17 11:14,Student,Female,6,8,8,6,9,8
2025/12/17 11:14,Student,Male,7,8,8,7,8,8
2025/12/17 11:17,Student,Male,7,8,8,7,8,8
2025/12/17 11:21,Student,Female,6,8,8,6,9,8
2025/12/17 11:22,Student,Male,7,8,8,7,8,8
2025/12/17 11:22,Student,Male,7,8,8,7,8,8
2025/12/17 11:23,Student,Male,7,8,8,7,8,8
2025/12/17 11:23,Student,Male,7,8,8,7,8,8
2025/12/17 11:26,Student,Male,7,8,8,7,8,8
2025/12/17 11:31,Student,Male,7,8,8,7,8,8
2025/12/17 11:46,Student,Male,7,8,8,7,8,8
2025/12/17 11:47,Student,Male,7,8,8,7,8,8
2025/12/17 11:54,Student,Male,7,8,8,7,8,8
2025/12/17 12:00,Student,Male,7,8,8,7,8,8
2025/12/17 12:02,Student,Male,7,8,8,7,8,8
2025/12/17 12:02,Student,Male,7,8,8,7,8,8
2025/12/17 12:04,Student,Male,7,8,8,7,8,8
2025/12/17 12:12,Student,Male,7,8,8,7,8,8
2025/12/17 12:14,Non-Student,Female,7,8,9,6,9,7
2025/12/17 12:19,Student,Male,7,8,8,7,8,8
2025/12/17 12:22,Student,Male,7,8,8,7,8,8
2025/12/17 12:23,Student,Male,7,8,8,7,8,8
2025/12/17 12:24,Student,Female,6,8,8,6,9,8
2025/12/17 12:28,Student,Male,7,8,8,7,8,8
2025/12/17 12:42,Student,Male,7,8,8,7,8,8
2025/12/17 12:50,Student,Male,7,8,8,7,8,8
2025/12/17 12:52,Student,Male,7,8,8,7,8,8
2025/12/17 13:04,Student,Male,7,8,8,7,8,8
2025/12/17 13:11,Student,Male,7,8,8,7,8,8
2025/12/17 13:15,Student,Male,7,8,8,7,8,8
2025/12/17 13:24,Student,Male,7,8,8,7,8,8
2025/12/17 13:25,Student,Male,7,8,8,7,8,8
2025/12/17 13:29,Student,Male,7,8,8,7,8,8
2025/12/17 13:36,Student,Male,7,8,8,7,8,8
2025/12/17 13:36,Student,Male,7,8,8,7,8,8
2025/12/17 13:44,Student,Female,6,8,8,6,9,8
2025/12/17 13:49,Student,Female,6,8,8,6,9,8
2025/12/17 13:59,Student,Male,7,8,8,7,8,8
2025/12/17 14:05,Student,Male,7,8,8,7,8,8
2025/12/17 14:15,Student,Male,7,8,8,7,8,8
2025/12/17 14:17,Student,Female,6,8,8,6,9,8
2025/12/17 14:21,Student,Male,7,8,8,7,8,8
2025/12/17 14:25,Student,Female,6,8,8,6,9,8
2025/12/17 14:32,Student,Male,7,8,8,7,8,8
2025/12/17 14:37,Student,Male,7,8,8,7,8,8
2025/12/17 14:39,Student,Male,7,8,8,7,8,8
2025/12/17 14:40,Student,Male,7,8,8,7,8,8
2025/12/17 14:50,Student,Male,7,8,8,7,8,8
2025/12/17 15:00,Student,Male,7,8,8,7,8,8
2025/12/17 15:04,Student,Male,7,8,8,7,8,8
2025/12/17 15:07,Student,Male,7,8,8,7,8,8
2025/12/17 15:07,Student,Female,6,8,8,6,9,8
2025/12/17 15:10,Student,Male,7,8,8,7,8,8
2025/12/17 15:18,Student,Male,7,8,8,7,8,8
2025/12/17 15:31,Student,Female,6,8,8,6,9,8
2025/12/17 15:43,Student,Male,7,8,8,7,8,8
2025/12/17 15:48,Student,Male,7,8,8,7,8,8
2025/12/17 15:50,Student,Male,7,8,8,7,8,8
2025/12/17 15:51,Student,Female,6,8,8,6,9,8
2025/12/17 15:53,Student,Male,7,8,8,7,8,8
2025/12/17 16:04,Student,Female,6,8,8,6,9,8
2025/12/17 16:18,Student,Male,7,8,8,7,8,8
2025/12/17 16:25,Student,Male,7,8,8,7,8,8
2025/12/17 16:26,Student,Male,7,8,8,7,8,8
2025/12/17 16:28,Student,Male,7,8,8,7,8,8
2025/12/17 16:34,Student,Male,7,8,8,7,8,8
2025/12/17 16:39,Student,Female,6,8,8,6,9,8
2025/12/17 16:47,Student,Male,7,8,8,7,8,8
2025/12/17 16:52,Student,Female,6,8,8,6,9,8
2025/12/17 17:00,Student,Female,6,8,8,6,9,8
2025/12/17 17:03,Student,Male,7,8,8,7,8,8
2025/12/17 17:05,Student,Male,7,8,8,7,8,8
2025/12/17 17:07,Student,Male,7,8,8,7,8,8
2025/12/17 17:20,Student,Male,7,8,8,7,8,8
2025/12/17 17:31,Student,Male,7,8,8,7,8,8
2025/12/17 17:48,Student,Male,7,8,8,7,8,8
2025/12/17 17:49,Student,Female,6,8,8,6,9,8
2025/12/17 17:51,Student,Male,7,8,8,7,8,8
2025/12/17 17:55,Student,Male,7,8,8,7,8,8
2025/12/17 18:07,Student,Female,6,8,8,6,9,8
2025/12/17 18:10,Student,Male,7,8,8,7,8,8
2025/12/17 18:12,Student,Male,7,8,8,7,8,8
2025/12/17 18:16,Student,Male,7,8,8,7,8,8
2025/12/17 18:25,Student,Male,7,8,8,7,8,8
2025/12/17 18:35,Student,Male,7,8,8,7,8,8
2025/12/17 18:46,Student,Male,7,8,8,7,8,8
2025/12/17 18:49,Student,Male,7,8,8,7,8,8
2025/12/17 18:52,Student,Other,4,6,6,8,8,4
2025/12/17 19:00,Student,Other,4,6,6,8,8,4
2025/12/17 19:06,Student,Male,7,8,8,7,8,8
2025/12/17 19:08,Student,Male,7,8,8,7,8,8
2025/12/17 19:11,Student,Other,4,6,6,8,8,4
2025/12/17 19:14,Student,Male,7,8,8,7,8,8
2025/12/17 19:19,Student,Male,7,8,8,7,8,8
2025/12/17 19:19,Student,Male,7,8,8,7,8,8
2025/12/17 19:34,Student,Male,7,8,8,7,8,8
2025/12/17 19:40,Student,Male,7,8,8,7,8,8
2025/12/17 19:45,Non-Student,Female,7,8,9,6,9,7
2025/12/17 19:47,Student,Male,7,8,8,7,8,8
2025/12/17 19:48,Student,Female,6,8,8,6,9,8
2025/12/17 19:57,Student,Male,7,8,8,7,8,8
2025/12/17 20:07,Student,Female,6,8,8,6,9,8
2025/12/17 20:11,Student,Male,7,8,8,7,8,8
2025/12/17 20:12,Student,Male,7,8,8,7,8,8
2025/12/17 20:20,Student,Male,7,8,8,7,8,8
2025/12/17 20:24,Student,Male,7,8,8,7,8,8
2025/12/17 20:26,Student,Male,7,8,8,7,8,8
2025/12/17 20:29,Student,Male,7,8,8,7,8,8
2025/12/17 20:29,Student,Male,7,8,8,7,8,8
2025/12/17 20:31,Student,Female,6,8,8,6,9,8
2025/12/17 20:31,Student,Male,7,8,8,7,8,8
2025/12/17 20:41,Student,Female,6,8,8,6,9,8
2025/12/17 20:42,Non-Student,Female,7,8,9,6,9,7
2025/12/17 20:45,Student,Male,7,8,8,7,8,8
2025/12/17 20:45,Student,Female,6,8,8,6,9,8
2025/12/17 20:54,Student,Male,7,8,8,7,8,8
2025/12/17 21:09,Student,Male,7,8,8,7,8,8
2025/12/17 21:10,Student,Male,7,8,8,7,8,8
2025/12/17 21:18,Student,Male,7,8,8,7,8,8
2025/12/17 21:24,Student,Male,7,8,8,7,8,8
2025/12/17 21:31,Student,Male,7,8,8,7,8,8
2025/12/17 21:33,Student,Male,7,8,8,7,8,8
2025/12/17 21:41,Non-Student,Female,7,8,9,6,9,7
2025/12/17 21:44,Student,Male,7,8,8,7,8,8
2025/12/17 21:49,Student,Male,7,8,8,7,8,8
2025/12/17 22:00,Non-Student,Female,7,8,9,6,9,7
2025/12/17 22:15,Student,Female,6,8,8,6,9,8
2025/12/17 22:21,Student,Male,7,8,8,7,8,8
2025/12/17 22:24,Student,Male,7,8,8,7,8,8
2025/12/17 22:24,Student,Male,7,8,8,7,8,8
2025/12/17 22:24,Student,Male,7,8,8,7,8,8
2025/12/17 22:36,Student,Female,6,8,8,6,9,8
2025/12/17 22:37,Student,Other,4,6,6,8,8,4
2025/12/17 22:41,Student,Male,7,8,8,7,8,8
2025/12/17 22:41,Student,Male,7,8,8,7,8,8
2025/12/17 22:43,Student,Male,7,8,8,7,8,8
2025/12/17 22:49,Student,Female,6,8,8,6,9,8
2025/12/17 22:50,Student,Male,7,8,8,7,8,8
2025/12/17 22:51,Student,Male,7,8,8,7,8,8
2025/12/17 22:58,Student,Male,7,8,8,7,8,8
2025/12/17 22:59,Student,Male,7,8,8,7,8,8
2025/12/17 23:06,Non-Student,Female,7,8,9,6,9,7
2025/12/17 23:09,Student,Female,6,8,8,6,9,8
2025/12/17 23:12,Student,Female,6,8,8,6,9,8
2025/12/17 23:22,Student,Male,7,8,8,7,8,8
2025/12/17 23:25,Student,Male,7,8,8,7,8,8
2025/12/17 23:26,Student,Male,7,8,8,7,8,8
2025/12/17 23:35,Student,Male,7,8,8,7,8,8
2025/12/17 23:38,Student,Male,7,8,8,7,8,8
2025/12/17 23:41,Student,Male,7,8,8,7,8,8
2025/12/17 23:45,Student,Male,7,8,8,7,8,8
2025/12/17 23:50,Student,Male,7,8,8,7,8,8
2025/12/18 00:01,Student,Male,7,8,8,7,8,8
2025/12/18 00:03,Student,Male,7,8,8,7,8,8
2025/12/18 00:13,Student,Male,7,8,8,7,8,8
2025/12/18 00:22,Student,Male,7,8,8,7,8,8
2025/12/18 00:23,Student,Male,7,8,8,7,8,8
2025/12/18 00:33,Student,Other,4,6,6,8,8,4
2025/12/18 00:45,Student,Female,6,8,8,6,9,8
2025/12/18 00:48,Non-Student,Female,7,8,9,6,9,7
2025/12/18 00:49,Student,Male,7,8,8,7,8,8
2025/12/18 00:52,Student,Male,7,8,8,7,8,8
2025/12/18 00:53,Student,Male,7,8,8,7,8,8
2025/12/18 01:02,Student,Male,7,8,8,7,8,8
2025/12/18 01:09,Student,Male,7,8,8,7,8,8
2025/12/18 01:15,Student,Male,7,8,8,7,8,8
2025/12/18 01:19,Student,Female,6,8,8,6,9,8
2025/12/18 01:20,Student,Male,7,8,8,7,8,8
2025/12/18 01:22,Student,Male,7,8,8,7,8,8
2025/12/18 01:23,Student,Female,6,8,8,6,9,8
2025/12/18 01:24,Student,Male,7,8,8,7,8,8
2025/12/18 01:24,Student,Male,7,8,8,7,8,8
2025/12/18 01:25,Student,Female,6,8,8,6,9,8
2025/12/18 01:33,Student,Female,6,8,8,6,9,8
2025/12/18 01:34,Student,Male,7,8,8,7,8,8
2025/12/18 01:49,Student,Male,7,8,8,7,8,8
2025/12/18 01:52,Student,Male,7,8,8,7,8,8
2025/12/18 01:53,Student,Male,7,8,8,7,8,8
2025/12/18 01:56,Student,Male,7,8,8,7,8,8
2025/12/18 02:02,Student,Male,7,8,8,7,8,8
2025/12/18 02:09,Student,Female,6,8,8,6,9,8
2025/12/18 02:13,Student,Male,7,8,8,7,8,8
2025/12/18 02:34,Student,Male,7,8,8,7,8,8
2025/12/18 02:38,Student,Male,7,8,8,7,8,8
2025/12/18 02:58,Student,Male,7,8,8,7,8,8
2025/12/18 03:00,Student,Male,7,8,8,7,8,8
2025/12/18 03:03,Student,Male,7,8,8,7,8,8
2025/12/18 03:03,Student,Female,6,8,8,6,9,8
2025/12/18 03:06,Non-Student,Male,6,10,10,6,10,6
2025/12/18 03:16,Student,Male,7,8,8,7,8,8
2025/12/18 03:19,Student,Male,7,8,8,7,8,8
2025/12/18 03:25,Student,Male,7,8,8,7,8,8
2025/12/18 03:28,Student,Male,7,8,8,7,8,8
2025/12/18 03:34,Student,Female,6,8,8,6,9,8
2025/12/18 03:43,Student,Male,7,8,8,7,8,8
2025/12/18 03:46,Student,Male,7,8,8,7,8,8
2025/12/18 03:46,Student,Male,7,8,8,7,8,8
2025/12/18 03:47,Student,Male,7,8,8,7,8,8
2025/12/18 03:49,Student,Male,7,8,8,7,8,8
2025/12/18 03:49,Student,Female,6,8,8,6,9,8
2025/12/18 04:02,Student,Female,6,8,8,6,9,8
2025/12/18 04:07,Student,Male,7,8,8,7,8,8
2025/12/18 04:08,Student,Male,7,8,8,7,8,8
2025/12/18 04:09,Student,Female,6,8,8,6,9,8
2025/12/18 04:09,Student,Male,7,8,8,7,8,8
2025/12/18 04:10,Student,Male,7,8,8,7,8,8
2025/12/18 04:17,Student,Male,7,8,8,7,8,8
2025/12/18 04:22,Student,Female,6,8,8,6,9,8
2025/12/18 04:23,Student,Male,7,8,8,7,8,8
2025/12/18 04:39,Student,Male,7,8,8,7,8,8
2025/12/18 04:40,Student,Male,7,8,8,7,8,8
2025/12/18 04:41,Student,Male,7,8,8,7,8,8
2025/12/18 04:45,Student,Male,7,8,8,7,8,8
2025/12/18 04:45,Student,Female,6,8,8,6,9,8
2025/12/18 04:46,Student,Female,6,8,8,6,9,8
2025/12/18 04:47,Student,Male,7,8,8,7,8,8
2025/12/18 04:52,Student,Male,7,8,8,7,8,8
2025/12/18 04:55,Student,Male,7,8,8,7,8,8
2025/12/18 05:00,Student,Male,7,8,8,7,8,8
2025/12/18 05:23,Student,Male,7,8,8,7,8,8
2025/12/18 05:29,Student,Female,6,8,8,6,9,8
2025/12/18 05:35,Non-Student,Female,7,8,9,6,9,7
2025/12/18 05:35,Student,Male,7,8,8,7,8,8
2025/12/18 05:40,Student,Female,6,8,8,6,9,8
2025/12/18 05:44,Student,Female,6,8,8,6,9,8
2025/12/18 05:51,Student,Female,6,8,8,6,9,8
2025/12/18 05:56,Student,Male,7,8,8,7,8,8
2025/12/18 06:03,Student,Male,7,8,8,7,8,8
2025/12/18 06:06,Non-Student,Female,7,8,9,6,9,7
2025/12/18 06:31,Student,Male,7,8,8,7,8,8
2025/12/18 06:43,Student,Male,7,8,8,7,8,8
2025/12/18 06:43,Student,Male,7,8,8,7,8,8
2025/12/18 06:45,Student,Male,7,8,8,7,8,8
2025/12/18 06:48,Student,Male,7,8,8,7,8,8
2025/12/18 06:52,Student,Male,7,8,8,7,8,8
2025/12/18 06:52,Student,Male,7,8,8,7,8,8
2025/12/18 06:53,Student,Female,6,8,8,6,9,8
2025/12/18 07:01,Student,Female,6,8,8,6,9,8
2025/12/18 07:09,Student,Female,6,8,8,6,9,8
2025/12/18 07:17,Non-Student,Female,7,8,9,6,9,7
2025/12/18 07:17,Student,Male,7,8,8,7,8,8
2025/12/18 07:21,Student,Male,7,8,8,7,8,8
2025/12/18 07:28,Student,Male,7,8,8,7,8,8
2025/12/18 07:34,Student,Male,7,8,8,7,8,8
2025/12/18 07:38,Student,Male,7,8,8,7,8,8
2025/12/18 07:40,Student,Male,7,8,8,7,8,8
2025/12/18 07:42,Student,Other,4,6,6,8,8,4
2025/12/18 07:50,Student,Male,7,8,8,7,8,8
2025/12/18 07:51,Student,Female,6,8,8,6,9,8
2025/12/18 07:55,Student,Male,7,8,8,7,8,8
2025/12/18 07:56,Student,Female,6,8,8,6,9,8
2025/12/18 07:57,Student,Male,7,8,8,7,8,8
2025/12/18 08:10,Student,Female,6,8,8,6,9,8
2025/12/18 08:19,Student,Male,7,8,8,7,8,8
2025/12/18 08:20,Non-Student,Female,7,8,9,6,9,7
2025/12/18 08:20,Student,Male,7,8,8,7,8,8
2025/12/18 08:23,Student,Female,6,8,8,6,9,8
2025/12/18 08:26,Student,Female,6,8,8,6,9,8
2025/12/18 08:28,Student,Male,7,8,8,7,8,8
2025/12/18 08:32,Student,Female,6,8,8,6,9,8
2025/12/18 08:35,Student,Male,7,8,8,7,8,8
2025/12/18 08:40,Student,Female,6,8,8,6,9,8
2025/12/18 08:42,Student,Female,6,8,8,6,9,8
2025/12/18 08:56,Student,Male,7,8,8,7,8,8
2025/12/18 09:06,Student,Male,7,8,8,7,8,8
2025/12/18 09:13,Student,Male,7,8,8,7,8,8
2025/12/18 09:18,Student,Male,7,8,8,7,8,8
2025/12/18 09:43,Non-Student,Male,6,10,10,6,10,6
2025/12/18 09:43,Student,Male,7,8,8,7,8,8
2025/12/18 09:44,Student,Female,6,8,8,6,9,8
2025/12/18 09:45,Student,Male,7,8,8,7,8,8
2025/12/18 09:57,Student,Male,7,8,8,7,8,8
2025/12/18 10:02,Student,Male,7,8,8,7,8,8
2025/12/18 10:08,Student,Male,7,8,8,7,8,8
2025/12/18 10:22,Student,Male,7,8,8,7,8,8
2025/12/18 10:40,Student,Male,7,8,8,7,8,8
2025/12/18 10:41,Non-Student,Female,7,8,9,6,9,7
2025/12/18 10:43,Student,Male,7,8,8,7,8,8
2025/12/18 11:00,Student,Male,7,8,8,7,8,8
2025/12/18 11:16,Student,Female,6,8,8,6,9,8
2025/12/18 11:26,Student,Male,7,8,8,7,8,8
2025/12/18 11:28,Student,Male,7,8,8,7,8,8
2025/12/18 11:31,Student,Male,7,8,8,7,8,8
2025/12/18 11:31,Student,Male,7,8,8,7,8,8
2025/12/18 11:42,Student,Male,7,8,8,7,8,8
2025/12/18 11:50,Student,Male,7,8,8,7,8,8
2025/12/18 11:50,Student,Male,7,8,8,7,8,8
2025/12/18 12:04,Student,Male,7,8,8,7,8,8
2025/12/18 12:15,Student,Male,7,8,8,7,8,8
2025/12/18 12:21,Student,Male,7,8,8,7,8,8
2025/12/18 12:24,Student,Male,7,8,8,7,8,8
2025/12/18 12:24,Student,Female,6,8,8,6,9,8
2025/12/18 12:31,Student,Male,7,8,8,7,8,8
2025/12/18 12:37,Student,Female,6,8,8,6,9,8
2025/12/18 12:42,Student,Male,7,8,8,7,8,8
2025/12/18 12:42,Student,Male,7,8,8,7,8,8
2025/12/18 12:46,Student,Female,6,8,8,6,9,8
2025/12/18 12:47,Student,Male,7,8,8,7,8,8
2025/12/18 12:53,Student,Female,6,8,8,6,9,8
2025/12/18 13:00,Student,Female,6,8,8,6,9,8
2025/12/18 13:02,Student,Male,7,8,8,7,8,8
2025/12/18 13:23,Student,Male,7,8,8,7,8,8
2025/12/18 13:26,Student,Male,7,8,8,7,8,8
2025/12/18 13:50,Student,Male,7,8,8,7,8,8
2025/12/18 13:50,Student,Male,7,8,8,7,8,8
2025/12/18 13:56,Student,Male,7,8,8,7,8,8
2025/12/18 14:02,Student,Male,7,8,8,7,8,8
2025/12/18 14:08,Student,Male,7,8,8,7,8,8
2025/12/18 14:13,Student,Male,7,8,8,7,8,8
2025/12/18 14:18,Student,Male,7,8,8,7,8,8
2025/12/18 14:23,Student,Female,6,8,8,6,9,8
2025/12/18 14:44,Student,Female,6,8,8,6,9,8
2025/12/18 14:45,Student,Male,7,8,8,7,8,8
2025/12/18 14:47,Student,Female,6,8,8,6,9,8
2025/12/18 14:53,Student,Male,7,8,8,7,8,8
2025/12/18 15:28,Student,Male,7,8,8,7,8,8
2025/12/18 15:29,Student,Male,7,8,8,7,8,8
2025/12/18 15:37,Student,Male,7,8,8,7,8,8
2025/12/18 15:45,Student,Male,7,8,8,7,8,8
2025/12/18 15:46,Student,Male,7,8,8,7,8,8
2025/12/18 15:59,Student,Female,6,8,8,6,9,8
2025/12/18 16:07,Student,Male,7,8,8,7,8,8
2025/12/18 16:15,Student,Male,7,8,8,7,8,8
2025/12/18 16:26,Student,Male,7,8,8,7,8,8
2025/12/18 16:35,Student,Male,7,8,8,7,8,8
2025/12/18 16:43,Student,Male,7,8,8,7,8,8
2025/12/18 16:48,Student,Male,7,8,8,7,8,8
2025/12/18 16:53,Student,Male,7,8,8,7,8,8
2025/12/18 16:55,Student,Male,7,8,8,7,8,8
2025/12/18 17:02,Student,Male,7,8,8,7,8,8
2025/12/18 17:06,Non-Student,Female,7,8,9,6,9,7
2025/12/18 17:13,Student,Female,6,8,8,6,9,8
2025/12/18 17:17,Student,Female,6,8,8,6,9,8
2025/12/18 17:23,Non-Student,Female,7,8,9,6,9,7
2025/12/18 17:25,Student,Male,7,8,8,7,8,8
2025/12/18 17:32,Student,Female,6,8,8,6,9,8
2025/12/18 17:32,Student,Male,7,8,8,7,8,8
2025/12/18 17:43,Student,Male,7,8,8,7,8,8
2025/12/18 17:44,Student,Male,7,8,8,7,8,8
2025/12/18 17:59,Student,Female,6,8,8,6,9,8
2025/12/18 17:59,Student,Male,7,8,8,7,8,8
2025/12/18 18:11,Student,Female,6,8,8,6,9,8
2025/12/18 18:11,Student,Male,7,8,8,7,8,8
2025/12/18 18:13,Student,Male,7,8,8,7,8,8
2025/12/18 18:21,Student,Male,7,8,8,7,8,8
2025/12/18 18:25,Student,Male,7,8,8,7,8,8
2025/12/18 18:25,Student,Male,7,8,8,7,8,8
2025/12/18 18:35,Student,Male,7,8,8,7,8,8
2025/12/18 18:42,Student,Male,7,8,8,7,8,8
2025/12/18 18:49,Student,Male,7,8,8,7,8,8
2025/12/18 19:01,Student,Female,6,8,8,6,9,8
2025/12/18 19:10,Student,Male,7,8,8,7,8,8
2025/12/18 19:17,Student,Female,6,8,8,6,9,8
2025/12/18 19:25,Student,Male,7,8,8,7,8,8
2025/12/18 19:25,Student,Male,7,8,8,7,8,8
2025/12/18 19:33,Student,Male,7,8,8,7,8,8
2025/12/18 19:34,Student,Male,7,8,8,7,8,8
2025/12/18 19:44,Student,Male,7,8,8,7,8,8
2025/12/18 19:45,Student,Male,7,8,8,7,8,8
2025/12/18 19:51,Student,Other,4,6,6,8,8,4
2025/12/18 20:04,Student,Male,7,8,8,7,8,8
2025/12/18 20:08,Student,Male,7,8,8,7,8,8
2025/12/18 20:13,Student,Male,7,8,8,7,8,8
2025/12/18 20:14,Student,Male,7,8,8,7,8,8
2025/12/18 20:16,Student,Male,7,8,8,7,8,8
2025/12/18 20:18,Student,Male,7,8,8,7,8,8
2025/12/18 20:27,Student,Male,7,8,8,7,8,8
2025/12/18 20:33,Student,Male,7,8,8,7,8,8
2025/12/18 20:39,Student,Male,7,8,8,7,8,8
2025/12/18 21:04,Student,Male,7,8,8,7,8,8
2025/12/18 21:04,Student,Male,7,8,8,7,8,8
2025/12/18 21:06,Student,Male,7,8,8,7,8,8
2025/12/18 21:09,Student,Male,7,8,8,7,8,8
2025/12/18 21:12,Student,Female,6,8,8,6,9,8
2025/12/18 21:31,Student,Male,7,8,8,7,8,8
2025/12/18 21:36,Student,Male,7,8,8,7,8,8
2025/12/18 21:54,Student,Male,7,8,8,7,8,8
2025/12/18 21:59,Student,Male,7,8,8,7,8,8
2025/12/18 22:13,Student,Female,6,8,8,6,9,8
2025/12/18 22:15,Student,Female,6,8,8,6,9,8
2025/12/18 22:16,Student,Male,7,8,8,7,8,8
2025/12/18 22:16,Student,Male,7,8,8,7,8,8
2025/12/18 22:25,Student,Female,6,8,8,6,9,8
2025/12/18 22:29,Student,Male,7,8,8,7,8,8
2025/12/18 22:42,Student,Male,7,8,8,7,8,8
2025/12/18 22:44,Student,Male,7,8,8,7,8,8
2025/12/18 22:53,Student,Male,7,8,8,7,8,8
2025/12/18 22:53,Student,Male,7,8,8,7,8,8
2025/12/18 23:02,Student,Male,7,8,8,7,8,8
2025/12/18 23:06,Student,Male,7,8,8,7,8,8
2025/12/18 23:21,Student,Male,7,8,8,7,8,8
2025/12/18 23:35,Student,Male,7,8,8,7,8,8
2025/12/18 23:41,Student,Male,7,8,8,7,8,8
2025/12/18 23:51,Student,Female,6,8,8,6,9,8
2025/12/18 23:55,Student,Male,7,8,8,7,8,8
2025/12/18 23:56,Student,Female,6,8,8,6,9,8
2025/12/19 00:01,Student,Male,7,8,8,7,8,8
2025/12/19 00:03,Student,Male,7,8,8,7,8,8
2025/12/19 00:16,Student,Male,7,8,8,7,8,8
2025/12/19 00:26,Student,Male,7,8,8,7,8,8
2025/12/19 00:35,Student,Male,7,8,8,7,8,8
2025/12/19 00:36,Student,Female,6,8,8,6,9,8
2025/12/19 00:41,Student,Male,7,8,8,7,8,8
2025/12/19 00:43,Student,Male,7,8,8,7,8,8
2025/12/19 00:46,Student,Male,7,8,8,7,8,8
2025/12/19 00:46,Student,Female,6,8,8,6,9,8
2025/12/19 00:56,Student,Male,7,8,8,7,8,8
2025/12/19 00:56,Student,Male,7,8,8,7,8,8
2025/12/19 01:08,Student,Male,7,8,8,7,8,8
2025/12/19 01:10,Student,Male,7,8,8,7,8,8
2025/12/19 01:11,Student,Male,7,8,8,7,8,8
2025/12/19 01:12,Student,Male,7,8,8,7,8,8
2025/12/19 01:25,Student,Male,7,8,8,7,8,8
2025/12/19 01:26,Student,Male,7,8,8,7,8,8
2025/12/19 01:27,Student,Male,7,8,8,7,8,8
2025/12/19 01:27,Student,Male,7,8,8,7,8,8
2025/12/19 01:29,Student,Male,7,8,8,7,8,8
2025/12/19 01:32,Student,Male,7,8,8,7,8,8
2025/12/19 01:34,Student,Male,7,8,8,7,8,8
2025/12/19 01:34,Student,Male,7,8,8,7,8,8
2025/12/19 01:41,Student,Male,7,8,8,7,8,8
2025/12/19 01:56,Student,Male,7,8,8,7,8,8
2025/12/19 01:58,Student,Female,6,8,8,6,9,8
2025/12/19 02:01,Student,Male,7,8,8,7,8,8
2025/12/19 02:08,Student,Male,7,8,8,7,8,8
2025/12/19 02:10,Student,Female,6,8,8,6,9,8
2025/12/19 02:13,Student,Male,7,8,8,7,8,8
2025/12/19 02:14,Student,Male,7,8,8,7,8,8
2025/12/19 02:18,Student,Male,7,8,8,7,8,8
2025/12/19 02:20,Student,Male,7,8,8,7,8,8
2025/12/19 02:21,Student,Male,7,8,8,7,8,8
2025/12/19 02:32,Student,Female,6,8,8,6,9,8
2025/12/19 02:37,Student,Female,6,8,8,6,9,8
2025/12/19 02:39,Student,Male,7,8,8,7,8,8
2025/12/19 02:41,Student,Female,6,8,8,6,9,8
2025/12/19 02:44,Student,Male,7,8,8,7,8,8
2025/12/19 02:49,Student,Male,7,8,8,7,8,8
2025/12/19 02:52,Student,Male,7,8,8,7,8,8
2025/12/19 02:53,Student,Female,6,8,8,6,9,8
2025/12/19 02:54,Student,Male,7,8,8,7,8,8
2025/12/19 02:54,Student,Female,6,8,8,6,9,8
2025/12/19 02:57,Non-Student,Female,7,8,9,6,9,7
2025/12/19 02:57,Student,Male,7,8,8,7,8,8
2025/12/19 03:04,Student,Male,7,8,8,7,8,8
2025/12/19 03:16,Student,Male,7,8,8,7,8,8
2025/12/19 03:28,Student,Female,6,8,8,6,9,8
2025/12/19 03:28,Student,Female,6,8,8,6,9,8
2025/12/19 03:31,Student,Male,7,8,8,7,8,8
2025/12/19 03:39,Student,Female,6,8,8,6,9,8
2025/12/19 03:45,Student,Male,7,8,8,7,8,8
2025/12/19 03:56,Student,Male,7,8,8,7,8,8
2025/12/19 03:58,Student,Male,7,8,8,7,8,8
2025/12/19 04:10,Student,Male,7,8,8,7,8,8
2025/12/19 04:21,Student,Male,7,8,8,7,8,8
2025/12/19 04:22,Student,Male,7,8,8,7,8,8
2025/12/19 04:25,Student,Male,7,8,8,7,8,8
2025/12/19 04:36,Student,Female,6,8,8,6,9,8
2025/12/19 04:38,Student,Female,6,8,8,6,9,8
2025/12/19 04:52,Student,Female,6,8,8,6,9,8
2025/12/19 04:53,Student,Male,7,8,8,7,8,8
2025/12/19 04:58,Student,Male,7,8,8,7,8,8
2025/12/19 05:09,Student,Female,6,8,8,6,9,8
2025/12/19 05:16,Student,Female,6,8,8,6,9,8
2025/12/19 05:22,Student,Male,7,8,8,7,8,8
2025/12/19 05:44,Student,Female,6,8,8,6,9,8
2025/12/19 05:45,Student,Male,7,8,8,7,8,8
2025/12/19 05:46,Student,Male,7,8,8,7,8,8
2025/12/19 05:50,Student,Female,6,8,8,6,9,8
2025/12/19 06:02,Student,Male,7,8,8,7,8,8
2025/12/19 06:03,Student,Female,6,8,8,6,9,8
2025/12/19 06:06,Student,Male,7,8,8,7,8,8
2025/12/19 06:06,Student,Male,7,8,8,7,8,8
2025/12/19 06:08,Student,Male,7,8,8,7,8,8
2025/12/19 06:21,Student,Male,7,8,8,7,8,8
2025/12/19 06:23,Student,Male,7,8,8,7,8,8
2025/12/19 06:32,Student,Male,7,8,8,7,8,8
2025/12/19 06:36,Student,Male,7,8,8,7,8,8
2025/12/19 06:37,Student,Female,6,8,8,6,9,8
2025/12/19 06:41,Student,Male,7,8,8,7,8,8
2025/12/19 06:50,Student,Other,4,6,6,8,8,4
2025/12/19 06:50,Student,Male,7,8,8,7,8,8
2025/12/19 06:53,Student,Male,7,8,8,7,8,8
2025/12/19 07:08,Student,Male,7,8,8,7,8,8
2025/12/19 07:10,Student,Male,7,8,8,7,8,8
2025/12/19 07:15,Student,Female,6,8,8,6,9,8
2025/12/19 07:19,Student,Female,6,8,8,6,9,8
2025/12/19 07:22,Non-Student,Female,7,8,9,6,9,7
2025/12/19 07:29,Student,Male,7,8,8,7,8,8
2025/12/19 07:34,Student,Male,7,8,8,7,8,8
2025/12/19 07:36,Student,Male,7,8,8,7,8,8
2025/12/19 07:41,Student,Male,7,8,8,7,8,8
2025/12/19 07:56,Student,Female,6,8,8,6,9,8
2025/12/19 07:57,Student,Female,6,8,8,6,9,8
2025/12/19 07:59,Student,Male,7,8,8,7,8,8
2025/12/19 08:11,Student,Female,6,8,8,6,9,8
2025/12/19 08:18,Student,Male,7,8,8,7,8,8
2025/12/19 08:19,Student,Male,7,8,8,7,8,8
2025/12/19 08:20,Student,Female,6,8,8,6,9,8
2025/12/19 08:27,Student,Male,7,8,8,7,8,8
2025/12/19 08:28,Student,Male,7,8,8,7,8,8
2025/12/19 08:37,Student,Male,7,8,8,7,8,8
2025/12/19 08:38,Student,Male,7,8,8,7,8,8
2025/12/19 08:50,Student,Male,7,8,8,7,8,8
2025/12/19 09:05,Student,Male,7,8,8,7,8,8
2025/12/19 09:06,Student,Male,7,8,8,7,8,8
2025/12/19 09:22,Student,Male,7,8,8,7,8,8
2025/12/19 09:29,Student,Male,7,8,8,7,8,8
2025/12/19 09:42,Student,Male,7,8,8,7,8,8
2025/12/19 09:45,Student,Female,6,8,8,6,9,8
2025/12/19 09:47,Student,Male,7,8,8,7,8,8
2025/12/19 09:54,Student,Male,7,8,8,7,8,8
2025/12/19 09:59,Student,Male,7,8,8,7,8,8
2025/12/19 09:59,Student,Female,6,8,8,6,9,8
2025/12/19 10:05,Student,Female,6,8,8,6,9,8
2025/12/19 10:08,Student,Male,7,8,8,7,8,8
2025/12/19 10:11,Student,Male,7,8,8,7,8,8
2025/12/19 10:12,Student,Male,7,8,8,7,8,8
2025/12/19 10:19,Student,Male,7,8,8,7,8,8
2025/12/19 10:20,Student,Male,7,8,8,7,8,8
2025/12/19 10:21,Student,Male,7,8,8,7,8,8
2025/12/19 10:25,Student,Male,7,8,8,7,8,8
2025/12/19 10:27,Student,Male,7,8,8,7,8,8
2025/12/19 10:48,Student,Male,7,8,8,7,8,8
2025/12/19 10:48,Student,Male,7,8,8,7,8,8
2025/12/19 11:02,Student,Male,7,8,8,7,8,8
2025/12/19 11:05,Student,Male,7,8,8,7,8,8
2025/12/19 11:09,Student,Male,7,8,8,7,8,8
2025/12/19 11:13,Student,Male,7,8,8,7,8,8
2025/12/19 11:14,Student,Male,7,8,8,7,8,8
2025/12/19 11:19,Student,Male,7,8,8,7,8,8
2025/12/19 11:22,Student,Male,7,8,8,7,8,8
2025/12/19 11:25,Student,Male,7,8,8,7,8,8
2025/12/19 11:30,Student,Male,7,8,8,7,8,8
2025/12/19 11:44,Student,Female,6,8,8,6,9,8
2025/12/19 11:47,Student,Male,7,8,8,7,8,8
2025/12/19 11:55,Student,Male,7,8,8,7,8,8
2025/12/19 11:55,Student,Female,6,8,8,6,9,8
2025/12/19 11:55,Student,Male,7,8,8,7,8,8
2025/12/19 12:00,Student,Male,7,8,8,7,8,8
2025/12/19 12:04,Student,Male,7,8,8,7,8,8
2025/12/19 12:05,Student,Male,7,8,8,7,8,8
2025/12/19 12:21,Student,Male,7,8,8,7,8,8
2025/12/19 12:24,Student,Female,6,8,8,6,9,8
2025/12/19 12:48,Student,Male,7,8,8,7,8,8
2025/12/19 12:52,Student,Male,7,8,8,7,8,8
2025/12/19 12:54,Student,Male,7,8,8,7,8,8
2025/12/19 13:07,Student,Male,7,8,8,7,8,8
2025/12/19 13:17,Non-Student,Female,7,8,9,6,9,7
2025/12/19 13:48,Student,Male,7,8,8,7,8,8
2025/12/19 13:54,Student,Male,7,8,8,7,8,8
2025/12/19 14:04,Student,Female,6,8,8,6,9,8
2025/12/19 14:07,Student,Male,7,8,8,7,8,8
2025/12/19 14:09,Student,Male,7,8,8,7,8,8
2025/12/19 14:11,Student,Female,6,8,8,6,9,8
2025/12/19 14:11,Student,Female,6,8,8,6,9,8
2025/12/19 14:14,Student,Female,6,8,8,6,9,8
2025/12/19 14:19,Student,Male,7,8,8,7,8,8
2025/12/19 14:35,Non-Student,Female,7,8,9,6,9,7
2025/12/19 14:39,Student,Male,7,8,8,7,8,8
2025/12/19 14:42,Student,Female,6,8,8,6,9,8
2025/12/19 14:45,Student,Male,7,8,8,7,8,8
2025/12/19 14:51,Student,Male,7,8,8,7,8,8
2025/12/19 15:03,Student,Male,7,8,8,7,8,8
2025/12/19 15:04,Student,Male,7,8,8,7,8,8
2025/12/19 15:10,Student,Male,7,8,8,7,8,8
2025/12/19 15:11,Student,Male,7,8,8,7,8,8
2025/12/19 15:11,Student,Male,7,8,8,7,8,8
2025/12/19 15:20,Student,Male,7,8,8,7,8,8
2025/12/19 15:41,Student,Male,7,8,8,7,8,8
2025/12/19 15:50,Student,Male,7,8,8,7,8,8
2025/12/19 15:55,Student,Male,7,8,8,7,8,8
2025/12/19 15:55,Student,Male,7,8,8,7,8,8
2025/12/19 15:57,Student,Male,7,8,8,7,8,8
2025/12/19 16:07,Student,Male,7,8,8,7,8,8
2025/12/19 16:13,Student,Male,7,8,8,7,8,8
2025/12/19 16:14,Student,Male,7,8,8,7,8,8
2025/12/19 16:22,Student,Male,7,8,8,7,8,8
2025/12/19 16:29,Student,Female,6,8,8,6,9,8
2025/12/19 16:39,Student,Female,6,8,8,6,9,8
2025/12/19 16:50,Student,Male,7,8,8,7,8,8
2025/12/19 16:50,Student,Male,7,8,8,7,8,8
2025/12/19 17:07,Student,Female,6,8,8,6,9,8
2025/12/19 17:13,Student,Male,7,8,8,7,8,8
2025/12/19 17:19,Student,Male,7,8,8,7,8,8
2025/12/19 17:24,Student,Male,7,8,8,7,8,8
2025/12/19 17:29,Student,Male,7,8,8,7,8,8
2025/12/19 17:35,Student,Female,6,8,8,6,9,8
2025/12/19 17:35,Student,Female,6,8,8,6,9,8
2025/12/19 17:49,Student,Male,7,8,8,7,8,8
2025/12/19 17:58,Student,Male,7,8,8,7,8,8
2025/12/19 18:13,Student,Male,7,8,8,7,8,8
2025/12/19 18:18,Student,Male,7,8,8,7,8,8
2025/12/19 18:18,Student,Male,7,8,8,7,8,8
2025/12/19 18:20,Student,Female,6,8,8,6,9,8
2025/12/19 18:33,Student,Male,7,8,8,7,8,8
2025/12/19 18:35,Student,Female,6,8,8,6,9,8
2025/12/19 18:45,Student,Male,7,8,8,7,8,8
2025/12/19 18:50,Student,Male,7,8,8,7,8,8
2025/12/19 18:56,Student,Female,6,8,8,6,9,8
2025/12/19 18:57,Student,Male,7,8,8,7,8,8
2025/12/19 19:02,Student,Female,6,8,8,6,9,8
2025/12/19 19:07,Student,Male,7,8,8,7,8,8
2025/12/19 19:11,Student,Female,6,8,8,6,9,8
2025/12/19 19:11,Student,Male,7,8,8,7,8,8
2025/12/19 19:33,Student,Male,7,8,8,7,8,8
2025/12/19 19:40,Student,Male,7,8,8,7,8,8
2025/12/19 19:54,Student,Male,7,8,8,7,8,8
2025/12/19 20:06,Student,Male,7,8,8,7,8,8
2025/12/19 20:12,Student,Male,7,8,8,7,8,8
2025/12/19 20:19,Student,Female,6,8,8,6,9,8
2025/12/19 20:21,Student,Female,6,8,8,6,9,8
2025/12/19 20:29,Student,Male,7,8,8,7,8,8
2025/12/19 20:42,Student,Male,7,8,8,7,8,8
2025/12/19 20:44,Student,Male,7,8,8,7,8,8
2025/12/19 20:57,Student,Female,6,8,8,6,9,8
2025/12/19 21:02,Student,Male,7,8,8,7,8,8
2025/12/19 21:02,Student,Male,7,8,8,7,8,8
2025/12/19 21:07,Student,Male,7,8,8,7,8,8
2025/12/19 21:17,Student,Male,7,8,8,7,8,8
2025/12/19 21:18,Student,Male,7,8,8,7,8,8
2025/12/19 21:19,Student,Male,7,8,8,7,8,8
2025/12/19 21:25,Student,Male,7,8,8,7,8,8
2025/12/19 21:27,Student,Male,7,8,8,7,8,8
2025/12/19 21:27,Student,Male,7,8,8,7,8,8
2025/12/19 21:31,Student,Male,7,8,8,7,8,8
2025/12/19 21:34,Student,Male,7,8,8,7,8,8
2025/12/19 21:40,Student,Male,7,8,8,7,8,8
2025/12/19 21:49,Student,Male,7,8,8,7,8,8
2025/12/19 21:50,Student,Male,7,8,8,7,8,8
2025/12/19 22:19,Student,Male,7,8,8,7,8,8
2025/12/19 22:24,Student,Male,7,8,8,7,8,8
2025/12/19 22:28,Student,Male,7,8,8,7,8,8
2025/12/19 22:34,Student,Male,7,8,8,7,8,8
2025/12/19 22:38,Student,Male,7,8,8,7,8,8
2025/12/19 22:39,Student,Male,7,8,8,7,8,8
2025/12/19 22:45,Student,Female,6,8,8,6,9,8
2025/12/19 22:52,Student,Female,6,8,8,6,9,8
2025/12/19 23:02,Student,Male,7,8,8,7,8,8
2025/12/19 23:17,Student,Male,7,8,8,7,8,8
2025/12/19 23:52,Student,Male,7,8,8,7,8,8
2025/12/20 00:05,Student,Female,6,8,8,6,9,8
2025/12/20 00:14,Student,Male,7,8,8,7,8,8
2025/12/20 00:22,Student,Female,6,8,8,6,9,8
2025/12/20 00:23,Student,Male,7,8,8,7,8,8
2025/12/20 00:27,Student,Male,7,8,8,7,8,8
2025/12/20 00:31,Student,Male,7,8,8,7,8,8
2025/12/20 00:37,Student,Male,7,8,8,7,8,8
2025/12/20 00:42,Student,Male,7,8,8,7,8,8
2025/12/20 00:52,Student,Male,7,8,8,7,8,8
2025/12/20 00:53,Student,Male,7,8,8,7,8,8
2025/12/20 00:54,Student,Female,6,8,8,6,9,8
2025/12/20 00:55,Student,Male,7,8,8,7,8,8
2025/12/20 00:56,Student,Male,7,8,8,7,8,8
2025/12/20 01:26,Student,Male,7,8,8,7,8,8
2025/12/20 01:40,Student,Male,7,8,8,7,8,8
2025/12/20 01:40,Student,Other,4,6,6,8,8,4
2025/12/20 01:43,Student,Female,6,8,8,6,9,8
2025/12/20 01:50,Student,Male,7,8,8,7,8,8
2025/12/20 02:03,Student,Female,6,8,8,6,9,8
2025/12/20 02:07,Student,Male,7,8,8,7,8,8
2025/12/20 02:14,Student,Male,7,8,8,7,8,8
2025/12/20 02:56,Non-Student,Female,7,8,9,6,9,7
2025/12/20 03:09,Student,Male,7,8,8,7,8,8
2025/12/20 03:34,Student,Male,7,8,8,7,8,8
2025/12/20 03:34,Student,Male,7,8,8,7,8,8
2025/12/20 03:35,Student,Male,7,8,8,7,8,8
2025/12/20 03:42,Student,Male,7,8,8,7,8,8
2025/12/20 04:03,Student,Male,7,8,8,7,8,8
2025/12/20 04:06,Student,Male,7,8,8,7,8,8
2025/12/20 04:09,Student,Male,7,8,8,7,8,8
2025/12/20 04:14,Student,Female,6,8,8,6,9,8
2025/12/20 04:22,Student,Male,7,8,8,7,8,8
2025/12/20 04:29,Student,Other,4,6,6,8,8,4
2025/12/20 04:42,Student,Male,7,8,8,7,8,8
2025/12/20 04:48,Student,Male,7,8,8,7,8,8
2025/12/20 04:49,Student,Female,6,8,8,6,9,8
2025/12/20 04:50,Student,Male,7,8,8,7,8,8
2025/12/20 04:55,Student,Male,7,8,8,7,8,8
2025/12/20 04:59,Student,Male,7,8,8,7,8,8
2025/12/20 05:10,Student,Male,7,8,8,7,8,8
2025/12/20 05:11,Student,Male,7,8,8,7,8,8
2025/12/20 05:16,Student,Male,7,8,8,7,8,8
2025/12/20 05:16,Student,Female,6,8,8,6,9,8
2025/12/20 05:20,Student,Male,7,8,8,7,8,8
2025/12/20 05:25,Non-Student,Female,7,8,9,6,9,7
2025/12/20 05:33,Student,Male,7,8,8,7,8,8
2025/12/20 05:36,Student,Male,7,8,8,7,8,8
2025/12/20 05:37,Student,Female,6,8,8,6,9,8
2025/12/20 05:37,Student,Male,7,8,8,7,8,8
2025/12/20 05:43,Student,Female,6,8,8,6,9,8
2025/12/20 05:46,Student,Female,6,8,8,6,9,8
2025/12/20 05:51,Student,Male,7,8,8,7,8,8
2025/12/20 05:53,Student,Male,7,8,8,7,8,8
2025/12/20 05:56,Student,Male,7,8,8,7,8,8
2025/12/20 05:59,Student,Female,6,8,8,6,9,8
2025/12/20 06:00,Student,Male,7,8,8,7,8,8
2025/12/20 06:02,Student,Male,7,8,8,7,8,8
2025/12/20 06:04,Student,Male,7,8,8,7,8,8
2025/12/20 06:07,Student,Female,6,8,8,6,9,8
2025/12/20 06:16,Student,Male,7,8,8,7,8,8
2025/12/20 06:17,Student,Male,7,8,8,7,8,8
2025/12/20 06:21,Student,Male,7,8,8,7,8,8
2025/12/20 06:21,Student,Male,7,8,8,7,8,8
2025/12/20 06:21,Student,Female,6,8,8,6,9,8
2025/12/20 06:46,Student,Female,6,8,8,6,9,8
2025/12/20 06:48,Student,Male,7,8,8,7,8,8
2025/12/20 06:48,Student,Male,7,8,8,7,8,8
2025/12/20 07:04,Student,Male,7,8,8,7,8,8
2025/12/20 07:13,Student,Male,7,8,8,7,8,8
2025/12/20 07:23,Student,Male,7,8,8,7,8,8
2025/12/20 07:33,Student,Male,7,8,8,7,8,8
2025/12/20 07:33,Student,Male,7,8,8,7,8,8
2025/12/20 07:36,Student,Male,7,8,8,7,8,8
2025/12/20 07:37,Student,Male,7,8,8,7,8,8
2025/12/20 07:41,Student,Male,7,8,8,7,8,8
2025/12/20 07:49,Student,Male,7,8,8,7,8,8
2025/12/20 07:51,Student,Male,7,8,8,7,8,8
2025/12/20 07:54,Student,Male,7,8,8,7,8,8
2025/12/20 07:56,Student,Male,7,8,8,7,8,8
2025/12/20 08:23,Student,Female,6,8,8,6,9,8
2025/12/20 08:25,Student,Male,7,8,8,7,8,8
2025/12/20 08:28,Student,Male,7,8,8,7,8,8
2025/12/20 08:37,Student,Male,7,8,8,7,8,8
2025/12/20 08:46,Student,Male,7,8,8,7,8,8
2025/12/20 08:47,Student,Female,6,8,8,6,9,8
2025/12/20 08:48,Student,Female,6,8,8,6,9,8
2025/12/20 08:57,Student,Male,7,8,8,7,8,8
2025/12/20 08:59,Student,Male,7,8,8,7,8,8
2025/12/20 09:00,Student,Male,7,8,8,7,8,8
2025/12/20 09:01,Student,Female,6,8,8,6,9,8
2025/12/20 09:05,Student,Male,7,8,8,7,8,8
2025/12/20 09:05,Non-Student,Male,6,10,10,6,10,6
2025/12/20 09:20,Student,Female,6,8,8,6,9,8
2025/12/20 09:26,Student,Male,7,8,8,7,8,8
2025/12/20 09:51,Student,Male,7,8,8,7,8,8
2025/12/20 10:04,Student,Female,6,8,8,6,9,8
2025/12/20 10:08,Student,Female,6,8,8,6,9,8
2025/12/20 10:19,Student,Male,7,8,8,7,8,8
2025/12/20 10:24,Student,Female,6,8,8,6,9,8
2025/12/20 10:41,Student,Male,7,8,8,7,8,8
2025/12/20 10:46,Student,Male,7,8,8,7,8,8
2025/12/20 10:47,Student,Male,7,8,8,7,8,8
2025/12/20 10:50,Student,Female,6,8,8,6,9,8
2025/12/20 10:53,Student,Female,6,8,8,6,9,8
2025/12/20 11:00,Student,Male,7,8,8,7,8,8
2025/12/20 11:01,Student,Male,7,8,8,7,8,8
2025/12/20 11:04,Student,Female,6,8,8,6,9,8
2025/12/20 11:07,Student,Male,7,8,8,7,8,8
2025/12/20 11:07,Student,Male,7,8,8,7,8,8
2025/12/20 11:10,Student,Male,7,8,8,7,8,8
2025/12/20 11:13,Student,Male,7,8,8,7,8,8
2025/12/20 11:29,Student,Female,6,8,8,6,9,8
2025/12/20 11:30,Student,Female,6,8,8,6,9,8
2025/12/20 11:30,Student,Female,6,8,8,6,9,8
2025/12/20 11:32,Student,Male,7,8,8,7,8,8
2025/12/20 11:36,Student,Male,7,8,8,7,8,8
2025/12/20 11:47,Student,Female,6,8,8,6,9,8
2025/12/20 11:54,Student,Male,7,8,8,7,8,8
2025/12/20 12:08,Student,Male,7,8,8,7,8,8
2025/12/20 12:09,Student,Female,6,8,8,6,9,8
2025/12/20 12:12,Student,Male,7,8,8,7,8,8
2025/12/20 12:16,Student,Male,7,8,8,7,8,8
2025/12/20 12:25,Student,Male,7,8,8,7,8,8
2025/12/20 12:29,Student,Male,7,8,8,7,8,8
2025/12/20 12:33,Student,Male,7,8,8,7,8,8
2025/12/20 12:35,Student,Male,7,8,8,7,8,8
2025/12/20 12:42,Student,Male,7,8,8,7,8,8
2025/12/20 12:48,Student,Male,7,8,8,7,8,8
2025/12/20 12:48,Student,Male,7,8,8,7,8,8
2025/12/20 12:52,Student,Male,7,8,8,7,8,8
2025/12/20 12:54,Student,Male,7,8,8,7,8,8
2025/12/20 13:04,Student,Male,7,8,8,7,8,8
2025/12/20 13:22,Student,Male,7,8,8,7,8,8
2025/12/20 13:25,Student,Male,7,8,8,7,8,8
2025/12/20 13:27,Student,Male,7,8,8,7,8,8
2025/12/20 13:33,Student,Male,7,8,8,7,8,8
2025/12/20 13:38,Student,Male,7,8,8,7,8,8
2025/12/20 13:38,Student,Female,6,8,8,6,9,8
2025/12/20 13:40,Student,Female,6,8,8,6,9,8
2025/12/20 13:43,Student,Male,7,8,8,7,8,8
2025/12/20 13:44,Student,Male,7,8,8,7,8,8
2025/12/20 13:44,Student,Female,6,8,8,6,9,8
2025/12/20 13:57,Student,Male,7,8,8,7,8,8
2025/12/20 14:05,Student,Male,7,8,8,7,8,8
2025/12/20 14:05,Student,Male,7,8,8,7,8,8
2025/12/20 14:05,Student,Male,7,8,8,7,8,8
2025/12/20 14:37,Student,Male,7,8,8,7,8,8
2025/12/20 14:45,Student,Male,7,8,8,7,8,8
2025/12/20 14:45,Student,Male,7,8,8,7,8,8
2025/12/20 14:46,Student,Male,7,8,8,7,8,8
2025/12/20 14:49,Student,Male,7,8,8,7,8,8
2025/12/20 14:52,Student,Male,7,8,8,7,8,8
2025/12/20 14:56,Student,Male,7,8,8,7,8,8
2025/12/20 14:58,Student,Male,7,8,8,7,8,8
2025/12/20 15:01,Non-Student,Female,7,8,9,6,9,7
2025/12/20 15:05,Student,Male,7,8,8,7,8,8
2025/12/20 15:27,Student,Male,7,8,8,7,8,8
2025/12/20 15:34,Student,Male,7,8,8,7,8,8
2025/12/20 15:34,Student,Male,7,8,8,7,8,8
2025/12/20 15:36,Student,Male,7,8,8,7,8,8
2025/12/20 15:39,Student,Male,7,8,8,7,8,8
2025/12/20 15:40,Student,Male,7,8,8,7,8,8
2025/12/20 15:57,Student,Male,7,8,8,7,8,8
2025/12/20 16:06,Student,Male,7,8,8,7,8,8
2025/12/20 16:20,Student,Male,7,8,8,7,8,8
2025/12/20 16:21,Student,Male,7,8,8,7,8,8
2025/12/20 16:27,Student,Male,7,8,8,7,8,8
2025/12/20 16:39,Student,Female,6,8,8,6,9,8
2025/12/20 16:39,Student,Male,7,8,8,7,8,8
2025/12/20 16:40,Student,Male,7,8,8,7,8,8
2025/12/20 16:42,Student,Male,7,8,8,7,8,8
2025/12/20 16:46,Student,Female,6,8,8,6,9,8
2025/12/20 16:51,Student,Male,7,8,8,7,8,8
2025/12/20 16:57,Student,Male,7,8,8,7,8,8
2025/12/20 16:58,Student,Male,7,8,8,7,8,8
2025/12/20 17:00,Student,Male,7,8,8,7,8,8
2025/12/20 17:00,Student,Female,6,8,8,6,9,8
2025/12/20 17:03,Student,Male,7,8,8,7,8,8
2025/12/20 17:05,Student,Male,7,8,8,7,8,8
2025/12/20 17:19,Student,Female,6,8,8,6,9,8
2025/12/20 17:21,Student,Female,6,8,8,6,9,8
2025/12/20 17:23,Student,Male,7,8,8,7,8,8
2025/12/20 17:29,Student,Male,7,8,8,7,8,8
2025/12/20 17:29,Student,Male,7,8,8,7,8,8
2025/12/20 17:33,Student,Male,7,8,8,7,8,8
2025/12/20 17:36,Student,Male,7,8,8,7,8,8
2025/12/20 17:46,Student,Male,7,8,8,7,8,8
2025/12/20 17:48,Student,Male,7,8,8,7,8,8
2025/12/20 17:50,Student,Female,6,8,8,6,9,8
2025/12/20 17:51,Student,Female,6,8,8,6,9,8
2025/12/20 17:53,Student,Male,7,8,8,7,8,8
2025/12/20 18:01,Student,Male,7,8,8,7,8,8
2025/12/20 18:09,Student,Male,7,8,8,7,8,8
2025/12/20 18:14,Student,Female,6,8,8,6,9,8
2025/12/20 18:15,Student,Female,6,8,8,6,9,8
2025/12/20 18:17,Student,Male,7,8,8,7,8,8
2025/12/20 18:29,Student,Male,7,8,8,7,8,8
2025/12/20 18:31,Student,Male,7,8,8,7,8,8
2025/12/20 18:31,Non-Student,Female,7,8,9,6,9,7
2025/12/20 18:33,Student,Male,7,8,8,7,8,8
2025/12/20 18:46,Student,Male,7,8,8,7,8,8
2025/12/20 18:51,Student,Male,7,8,8,7,8,8
2025/12/20 18:52,Student,Male,7,8,8,7,8,8
2025/12/20 18:54,Student,Male,7,8,8,7,8,8
2025/12/20 18:57,Non-Student,Female,7,8,9,6,9,7
2025/12/20 19:00,Student,Female,6,8,8,6,9,8
2025/12/20 19:04,Student,Female,6,8,8,6,9,8
2025/12/20 19:14,Student,Male,7,8,8,7,8,8
2025/12/20 19:23,Student,Male,7,8,8,7,8,8
2025/12/20 19:24,Student,Male,7,8,8,7,8,8
2025/12/20 19:25,Student,Male,7,8,8,7,8,8
2025/12/20 19:26,Student,Male,7,8,8,7,8,8
2025/12/20 19:29,Student,Male,7,8,8,7,8,8
2025/12/20 19:36,Student,Male,7,8,8,7,8,8
2025/12/20 19:38,Student,Male,7,8,8,7,8,8
2025/12/20 19:40,Student,Male,7,8,8,7,8,8
2025/12/20 19:40,Student,Male,7,8,8,7,8,8
2025/12/20 19:41,Student,Male,7,8,8,7,8,8
2025/12/20 19:54,Student,Male,7,8,8,7,8,8
2025/12/20 20:01,Student,Other,4,6,6,8,8,4
2025/12/20 20:08,Student,Male,7,8,8,7,8,8
2025/12/20 20:24,Student,Male,7,8,8,7,8,8
2025/12/20 20:25,Student,Female,6,8,8,6,9,8
2025/12/20 20:28,Student,Male,7,8,8,7,8,8
2025/12/20 20:38,Student,Male,7,8,8,7,8,8
2025/12/20 20:49,Student,Male,7,8,8,7,8,8
2025/12/20 20:51,Student,Male,7,8,8,7,8,8
2025/12/20 20:51,Student,Female,6,8,8,6,9,8
2025/12/20 20:55,Student,Male,7,8,8,7,8,8
2025/12/20 20:59,Student,Female,6,8,8,6,9,8
2025/12/20 20:59,Student,Male,7,8,8,7,8,8
2025/12/20 20:59,Student,Male,7,8,8,7,8,8
2025/12/20 21:12,Student,Male,7,8,8,7,8,8
2025/12/20 21:23,Student,Male,7,8,8,7,8,8
2025/12/20 21:24,Student,Male,7,8,8,7,8,8
2025/12/20 21:27,Student,Male,7,8,8,7,8,8
2025/12/20 21:34,Student,Male,7,8,8,7,8,8
2025/12/20 21:36,Student,Male,7,8,8,7,8,8
2025/12/20 21:37,Student,Male,7,8,8,7,8,8
2025/12/20 21:38,Student,Male,7,8,8,7,8,8
2025/12/20 21:41,Student,Female,6,8,8,6,9,8
2025/12/20 21:48,Student,Female,6,8,8,6,9,8
2025/12/20 21:50,Student,Male,7,8,8,7,8,8
2025/12/20 21:52,Student,Female,6,8,8,6,9,8
2025/12/20 22:24,Student,Male,7,8,8,7,8,8
2025/12/20 22:25,Student,Female,6,8,8,6,9,8
2025/12/20 22:29,Student,Female,6,8,8,6,9,8
2025/12/20 22:36,Student,Male,7,8,8,7,8,8
2025/12/20 22:37,Student,Female,6,8,8,6,9,8
2025/12/20 22:43,Student,Female,6,8,8,6,9,8
2025/12/20 22:56,Student,Male,7,8,8,7,8,8
2025/12/20 23:00,Student,Male,7,8,8,7,8,8
2025/12/20 23:28,Student,Male,7,8,8,7,8,8
2025/12/20 23:36,Student,Female,6,8,8,6,9,8
2025/12/20 23:40,Student,Male,7,8,8,7,8,8
2025/12/20 23:43,Student,Male,7,8,8,7,8,8
2025/12/20 23:46,Student,Male,7,8,8,7,8,8
2025/12/20 23:53,Student,Female,6,8,8,6,9,8
2025/12/20 23:54,Student,Male,7,8,8,7,8,8
2025/12/20 23:56,Student,Female,6,8,8,6,9,8
2025/12/21 00:01,Student,Male,7,8,8,7,8,8
2025/12/21 00:02,Student,Female,6,8,8,6,9,8
2025/12/21 00:11,Student,Other,4,6,6,8,8,4
2025/12/21 00:23,Student,Female,6,8,8,6,9,8
2025/12/21 00:27,Student,Male,7,8,8,7,8,8
2025/12/21 00:35,Student,Male,7,8,8,7,8,8
2025/12/21 00:41,Student,Female,6,8,8,6,9,8
2025/12/21 00:47,Student,Male,7,8,8,7,8,8
2025/12/21 01:07,Student,Female,6,8,8,6,9,8
2025/12/21 01:13,Student,Female,6,8,8,6,9,8
2025/12/21 01:18,Student,Male,7,8,8,7,8,8
2025/12/21 01:22,Student,Male,7,8,8,7,8,8
2025/12/21 01:23,Student,Male,7,8,8,7,8,8
2025/12/21 01:45,Student,Male,7,8,8,7,8,8
2025/12/21 01:49,Student,Male,7,8,8,7,8,8
2025/12/21 01:50,Student,Male,7,8,8,7,8,8
2025/12/21 01:56,Student,Male,7,8,8,7,8,8
2025/12/21 01:59,Student,Male,7,8,8,7,8,8
2025/12/21 02:03,Student,Male,7,8,8,7,8,8
2025/12/21 02:03,Student,Male,7,8,8,7,8,8
2025/12/21 02:11,Student,Male,7,8,8,7,8,8
2025/12/21 02:15,Student,Male,7,8,8,7,8,8
2025/12/21 02:23,Student,Male,7,8,8,7,8,8
2025/12/21 02:28,Student,Male,7,8,8,7,8,8
2025/12/21 02:36,Student,Male,7,8,8,7,8,8
2025/12/21 02:36,Student,Male,7,8,8,7,8,8
2025/12/21 02:36,Student,Male,7,8,8,7,8,8
2025/12/21 02:37,Student,Male,7,8,8,7,8,8
2025/12/21 02:49,Student,Male,7,8,8,7,8,8
2025/12/21 02:54,Student,Male,7,8,8,7,8,8
2025/12/21 03:03,Student,Female,6,8,8,6,9,8
2025/12/21 03:05,Student,Female,6,8,8,6,9,8
2025/12/21 03:11,Student,Female,6,8,8,6,9,8
2025/12/21 03:12,Student,Other,4,6,6,8,8,4
2025/12/21 03:15,Student,Female,6,8,8,6,9,8
2025/12/21 03:17,Student,Male,7,8,8,7,8,8
2025/12/21 03:19,Student,Male,7,8,8,7,8,8
2025/12/21 03:56,Student,Male,7,8,8,7,8,8
2025/12/21 03:58,Student,Male,7,8,8,7,8,8
2025/12/21 03:58,Student,Female,6,8,8,6,9,8
2025/12/21 04:02,Non-Student,Female,7,8,9,6,9,7
2025/12/21 04:04,Student,Female,6,8,8,6,9,8
2025/12/21 04:05,Student,Male,7,8,8,7,8,8
2025/12/21 04:10,Student,Male,7,8,8,7,8,8
2025/12/21 04:28,Student,Female,6,8,8,6,9,8
2025/12/21 04:29,Student,Male,7,8,8,7,8,8
2025/12/21 04:31,Student,Male,7,8,8,7,8,8
2025/12/21 04:31,Student,Female,6,8,8,6,9,8
2025/12/21 04:40,Student,Male,7,8,8,7,8,8
2025/12/21 04:40,Student,Female,6,8,8,6,9,8
2025/12/21 04:51,Student,Male,7,8,8,7,8,8
2025/12/21 04:51,Student,Male,7,8,8,7,8,8
2025/12/21 04:58,Student,Male,7,8,8,7,8,8
2025/12/21 05:00,Student,Male,7,8,8,7,8,8
2025/12/21 05:09,Student,Female,6,8,8,6,9,8
2025/12/21 05:09,Student,Male,7,8,8,7,8,8
2025/12/21 05:10,Student,Male,7,8,8,7,8,8
2025/12/21 05:17,Student,Male,7,8,8,7,8,8
2025/12/21 05:26,Student,Male,7,8,8,7,8,8
2025/12/21 05:41,Student,Male,7,8,8,7,8,8
2025/12/21 05:41,Student,Male,7,8,8,7,8,8
2025/12/21 05:41,Non-Student,Female,7,8,9,6,9,7
2025/12/21 05:42,Student,Female,6,8,8,6,9,8
2025/12/21 05:45,Student,Male,7,8,8,7,8,8
2025/12/21 05:50,Student,Male,7,8,8,7,8,8
2025/12/21 05:51,Student,Male,7,8,8,7,8,8
2025/12/21 05:52,Student,Female,6,8,8,6,9,8
2025/12/21 05:56,Student,Male,7,8,8,7,8,8
2025/12/21 05:56,Student,Female,6,8,8,6,9,8
2025/12/21 06:05,Student,Male,7,8,8,7,8,8
2025/12/21 06:16,Student,Female,6,8,8,6,9,8
2025/12/21 06:18,Student,Female,6,8,8,6,9,8
2025/12/21 06:18,Student,Male,7,8,8,7,8,8
2025/12/21 06:29,Student,Male,7,8,8,7,8,8
2025/12/21 06:35,Student,Male,7,8,8,7,8,8
2025/12/21 07:00,Student,Female,6,8,8,6,9,8
2025/12/21 07:01,Student,Female,6,8,8,6,9,8
2025/12/21 07:02,Student,Male,7,8,8,7,8,8
2025/12/21 07:03,Student,Female,6,8,8,6,9,8
2025/12/21 07:14,Student,Male,7,8,8,7,8,8
2025/12/21 07:34,Student,Female,6,8,8,6,9,8
2025/12/21 07:45,Student,Male,7,8,8,7,8,8
2025/12/21 08:00,Student,Female,6,8,8,6,9,8
2025/12/21 08:14,Student,Male,7,8,8,7,8,8
2025/12/21 08:15,Student,Male,7,8,8,7,8,8
2025/12/21 08:17,Student,Male,7,8,8,7,8,8
2025/12/21 08:21,Non-Student,Female,7,8,9,6,9,7
2025/12/21 08:30,Student,Male,7,8,8,7,8,8
2025/12/21 08:31,Student,Male,7,8,8,7,8,8
2025/12/21 08:51,Student,Male,7,8,8,7,8,8
2025/12/21 08:55,Student,Male,7,8,8,7,8,8
2025/12/21 08:58,Student,Male,7,8,8,7,8,8
2025/12/21 08:59,Student,Male,7,8,8,7,8,8
2025/12/21 09:01,Student,Male,7,8,8,7,8,8
2025/12/21 09:02,Student,Male,7,8,8,7,8,8
2025/12/21 09:03,Non-Student,Male,6,10,10,6,10,6
2025/12/21 09:07,Student,Female,6,8,8,6,9,8
2025/12/21 09:08,Student,Male,7,8,8,7,8,8
2025/12/21 09:10,Student,Female,6,8,8,6,9,8
2025/12/21 09:41,Student,Female,6,8,8,6,9,8
2025/12/21 09:47,Student,Male,7,8,8,7,8,8
2025/12/21 09:47,Student,Female,6,8,8,6,9,8
2025/12/21 09:56,Student,Male,7,8,8,7,8,8
2025/12/21 10:02,Student,Male,7,8,8,7,8,8
2025/12/21 10:13,Student,Female,6,8,8,6,9,8
2025/12/21 10:13,Student,Male,7,8,8,7,8,8
2025/12/21 10:26,Student,Female,6,8,8,6,9,8
2025/12/21 10:28,Student,Male,7,8,8,7,8,8
2025/12/21 10:38,Student,Female,6,8,8,6,9,8
2025/12/21 10:40,Student,Female,6,8,8,6,9,8
2025/12/21 10:42,Student,Female,6,8,8,6,9,8
2025/12/21 10:49,Student,Male,7,8,8,7,8,8
2025/12/21 10:49,Student,Male,7,8,8,7,8,8
2025/12/21 10:50,Student,Male,7,8,8,7,8,8
2025/12/21 10:55,Student,Male,7,8,8,7,8,8
2025/12/21 11:02,Student,Female,6,8,8,6,9,8
2025/12/21 11:09,Student,Male,7,8,8,7,8,8
2025/12/21 11:22,Student,Male,7,8,8,7,8,8
2025/12/21 11:23,Non-Student,Female,7,8,9,6,9,7
2025/12/21 11:23,Student,Male,7,8,8,7,8,8
2025/12/21 11:26,Student,Male,7,8,8,7,8,8
2025/12/21 11:35,Student,Female,6,8,8,6,9,8
2025/12/21 11:43,Student,Male,7,8,8,7,8,8
2025/12/21 11:43,Student,Male,7,8,8,7,8,8
2025/12/21 11:50,Student,Male,7,8,8,7,8,8
2025/12/21 11:54,Student,Female,6,8,8,6,9,8
2025/12/21 11:58,Student,Male,7,8,8,7,8,8
2025/12/21 11:59,Student,Female,6,8,8,6,9,8
2025/12/21 12:03,Student,Male,7,8,8,7,8,8
2025/12/21 12:06,Student,Male,7,8,8,7,8,8
2025/12/21 12:09,Student,Male,7,8,8,7,8,8
2025/12/21 12:12,Student,Female,6,8,8,6,9,8
2025/12/21 12:27,Student,Male,7,8,8,7,8,8
2025/12/21 12:40,Student,Male,7,8,8,7,8,8
2025/12/21 12:40,Student,Male,7,8,8,7,8,8
2025/12/21 12:46,Student,Male,7,8,8,7,8,8
2025/12/21 12:51,Student,Female,6,8,8,6,9,8
2025/12/21 12:53,Student,Male,7,8,8,7,8,8
2025/12/21 12:59,Student,Male,7,8,8,7,8,8
2025/12/21 12:59,Student,Male,7,8,8,7,8,8
2025/12/21 13:04,Student,Male,7,8,8,7,8,8
2025/12/21 13:06,Student,Male,7,8,8,7,8,8
2025/12/21 13:09,Student,Male,7,8,8,7,8,8
2025/12/21 13:20,Student,Male,7,8,8,7,8,8
2025/12/21 13:22,Student,Male,7,8,8,7,8,8
2025/12/21 13:25,Student,Female,6,8,8,6,9,8
2025/12/21 13:31,Student,Female,6,8,8,6,9,8
2025/12/21 13:32,Student,Male,7,8,8,7,8,8
2025/12/21 13:33,Student,Female,6,8,8,6,9,8
2025/12/21 13:43,Student,Male,7,8,8,7,8,8
2025/12/21 13:48,Student,Female,6,8,8,6,9,8
2025/12/21 13:59,Non-Student,Male,6,10,10,6,10,6
2025/12/21 14:04,Student,Male,7,8,8,7,8,8
2025/12/21 14:11,Student,Male,7,8,8,7,8,8
2025/12/21 14:29,Student,Male,7,8,8,7,8,8
2025/12/21 14:41,Student,Male,7,8,8,7,8,8
2025/12/21 14:43,Student,Male,7,8,8,7,8,8
2025/12/21 14:58,Student,Male,7,8,8,7,8,8
2025/12/21 15:01,Non-Student,Female,7,8,9,6,9,7
2025/12/21 15:04,Student,Male,7,8,8,7,8,8
2025/12/21 15:07,Student,Female,6,8,8,6,9,8
2025/12/21 15:16,Student,Male,7,8,8,7,8,8
2025/12/21 15:18,Student,Male,7,8,8,7,8,8
2025/12/21 15:21,Student,Male,7,8,8,7,8,8
2025/12/21 15:21,Student,Male,7,8,8,7,8,8
2025/12/21 15:23,Student,Male,7,8,8,7,8,8
2025/12/21 15:33,Student,Male,7,8,8,7,8,8
2025/12/21 15:34,Student,Male,7,8,8,7,8,8
2025/12/21 15:38,Student,Female,6,8,8,6,9,8
2025/12/21 15:43,Student,Male,7,8,8,7,8,8
2025/12/21 15:43,Student,Female,6,8,8,6,9,8
2025/12/21 15:46,Student,Female,6,8,8,6,9,8
2025/12/21 16:02,Student,Male,7,8,8,7,8,8
2025/12/21 16:07,Student,Male,7,8,8,7,8,8
2025/12/21 16:22,Student,Male,7,8,8,7,8,8
2025/12/21 16:30,Student,Male,7,8,8,7,8,8
2025/12/21 16:36,Student,Male,7,8,8,7,8,8
2025/12/21 16:36,Student,Male,7,8,8,7,8,8
2025/12/21 16:42,Student,Male,7,8,8,7,8,8
2025/12/21 16:54,Student,Male,7,8,8,7,8,8
2025/12/21 17:00,Student,Male,7,8,8,7,8,8
2025/12/21 17:01,Student,Male,7,8,8,7,8,8
2025/12/21 17:05,Student,Female,6,8,8,6,9,8
2025/12/21 17:10,Student,Male,7,8,8,7,8,8
2025/12/21 17:14,Student,Male,7,8,8,7,8,8
2025/12/21 17:22,Student,Female,6,8,8,6,9,8
2025/12/21 17:32,Student,Male,7,8,8,7,8,8
2025/12/21 18:14,Student,Female,6,8,8,6,9,8
2025/12/21 18:29,Student,Male,7,8,8,7,8,8
2025/12/21 18:31,Student,Male,7,8,8,7,8,8
2025/12/21 18:44,Student,Female,6,8,8,6,9,8
2025/12/21 18:59,Student,Female,6,8,8,6,9,8
2025/12/21 19:00,Student,Male,7,8,8,7,8,8
2025/12/21 19:14,Student,Male,7,8,8,7,8,8
2025/12/21 19:14,Student,Female,6,8,8,6,9,8
2025/12/21 19:19,Student,Male,7,8,8,7,8,8
2025/12/21 19:21,Student,Male,7,8,8,7,8,8
2025/12/21 19:26,Student,Male,7,8,8,7,8,8
2025/12/21 19:35,Non-Student,Female,7,8,9,6,9,7
2025/12/21 19:47,Student,Male,7,8,8,7,8,8
2025/12/21 19:55,Student,Female,6,8,8,6,9,8
2025/12/21 20:01,Student,Male,7,8,8,7,8,8
2025/12/21 20:07,Student,Male,7,8,8,7,8,8
2025/12/21 20:08,Student,Male,7,8,8,7,8,8
2025/12/21 20:17,Student,Male,7,8,8,7,8,8
2025/12/21 20:31,Student,Male,7,8,8,7,8,8
2025/12/21 20:35,Student,Male,7,8,8,7,8,8
2025/12/21 20:49,Student,Male,7,8,8,7,8,8
2025/12/21 20:52,Student,Male,7,8,8,7,8,8
2025/12/21 20:59,Student,Female,6,8,8,6,9,8
2025/12/21 21:07,Student,Male,7,8,8,7,8,8
2025/12/21 21:18,Student,Female,6,8,8,6,9,8
2025/12/21 21:20,Student,Male,7,8,8,7,8,8
2025/12/21 21:38,Student,Male,7,8,8,7,8,8
2025/12/21 21:48,Student,Female,6,8,8,6,9,8
2025/12/21 21:51,Student,Male,7,8,8,7,8,8
2025/12/21 21:56,Student,Male,7,8,8,7,8,8
2025/12/21 21:59,Student,Male,7,8,8,7,8,8
2025/12/21 22:01,Non-Student,Female,7,8,9,6,9,7
2025/12/21 22:10,Student,Female,6,8,8,6,9,8
2025/12/21 22:14,Student,Male,7,8,8,7,8,8
2025/12/21 22:23,Student,Male,7,8,8,7,8,8
2025/12/21 22:24,Student,Male,7,8,8,7,8,8
2025/12/21 22:46,Student,Male,7,8,8,7,8,8
2025/12/21 22:47,Student,Male,7,8,8,7,8,8
2025/12/21 22:50,Student,Male,7,8,8,7,8,8
2025/12/21 22:55,Student,Male,7,8,8,7,8,8
2025/12/21 22:56,Student,Male,7,8,8,7,8,8
2025/12/21 22:58,Student,Male,7,8,8,7,8,8
2025/12/21 23:00,Student,Male,7,8,8,7,8,8
2025/12/21 23:19,Student,Male,7,8,8,7,8,8
2025/12/21 23:27,Student,Female,6,8,8,6,9,8
2025/12/21 23:29,Student,Male,7,8,8,7,8,8
2025/12/21 23:31,Student,Female,6,8,8,6,9,8
2025/12/21 23:36,Student,Male,7,8,8,7,8,8
2025/12/21 23:40,Student,Female,6,8,8,6,9,8
2025/12/21 23:49,Student,Male,7,8,8,7,8,8
2025/12/21 23:51,Student,Male,7,8,8,7,8,8
2025/12/21 23:52,Student,Male,7,8,8,7,8,8
2025/12/21 23:57,Student,Female,6,8,8,6,9,8
2025/12/22 00:01,Student,Male,7,8,8,7,8,8
2025/12/22 00:02,Student,Male,7,8,8,7,8,8
2025/12/22 00:02,Student,Male,7,8,8,7,8,8
2025/12/22 00:04,Student,Female,6,8,8,6,9,8
2025/12/22 00:05,Student,Male,7,8,8,7,8,8
2025/12/22 00:18,Student,Male,7,8,8,7,8,8
2025/12/22 00:22,Student,Female,6,8,8,6,9,8
2025/12/22 00:34,Student,Male,7,8,8,7,8,8
2025/12/22 00:35,Student,Male,7,8,8,7,8,8
2025/12/22 00:43,Student,Male,7,8,8,7,8,8
2025/12/22 01:04,Student,Male,7,8,8,7,8,8
2025/12/22 01:05,Student,Male,7,8,8,7,8,8
2025/12/22 01:06,Student,Male,7,8,8,7,8,8
2025/12/22 01:07,Non-Student,Female,7,8,9,6,9,7
2025/12/22 01:07,Student,Male,7,8,8,7,8,8
2025/12/22 01:27,Student,Male,7,8,8,7,8,8
2025/12/22 01:28,Student,Male,7,8,8,7,8,8
2025/12/22 01:31,Student,Male,7,8,8,7,8,8
2025/12/22 01:37,Student,Female,6,8,8,6,9,8
2025/12/22 01:44,Student,Male,7,8,8,7,8,8
2025/12/22 01:44,Student,Male,7,8,8,7,8,8
2025/12/22 01:53,Student,Male,7,8,8,7,8,8
2025/12/22 01:56,Student,Male,7,8,8,7,8,8
2025/12/22 01:59,Student,Male,7,8,8,7,8,8
2025/12/22 02:01,Student,Female,6,8,8,6,9,8
2025/12/22 02:03,Student,Female,6,8,8,6,9,8
2025/12/22 02:06,Student,Female,6,8,8,6,9,8
2025/12/22 02:12,Student,Male,7,8,8,7,8,8
2025/12/22 02:22,Student,Female,6,8,8,6,9,8
2025/12/22 02:27,Student,Male,7,8,8,7,8,8
2025/12/22 02:30,Student,Male,7,8,8,7,8,8
2025/12/22 02:43,Student,Male,7,8,8,7,8,8
2025/12/22 02:44,Student,Male,7,8,8,7,8,8
2025/12/22 02:47,Student,Male,7,8,8,7,8,8
2025/12/22 02:52,Student,Female,6,8,8,6,9,8
2025/12/22 02:57,Student,Male,7,8,8,7,8,8
2025/12/22 03:00,Student,Male,7,8,8,7,8,8
2025/12/22 03:09,Student,Female,6,8,8,6,9,8
2025/12/22 03:17,Student,Male,7,8,8,7,8,8
2025/12/22 03:26,Student,Male,7,8,8,7,8,8
2025/12/22 03:30,Student,Male,7,8,8,7,8,8
2025/12/22 03:48,Student,Male,7,8,8,7,8,8
2025/12/22 03:51,Student,Male,7,8,8,7,8,8
2025/12/22 04:12,Student,Male,7,8,8,7,8,8
2025/12/22 04:14,Student,Male,7,8,8,7,8,8
2025/12/22 04:18,Student,Female,6,8,8,6,9,8
2025/12/22 04:40,Student,Male,7,8,8,7,8,8
2025/12/22 04:40,Student,Male,7,8,8,7,8,8
2025/12/22 04:41,Student,Male,7,8,8,7,8,8
2025/12/22 04:41,Student,Male,7,8,8,7,8,8
2025/12/22 04:48,Non-Student,Female,7,8,9,6,9,7
2025/12/22 04:56,Student,Male,7,8,8,7,8,8
2025/12/22 05:02,Student,Female,6,8,8,6,9,8
2025/12/22 05:04,Student,Male,7,8,8,7,8,8
2025/12/22 05:08,Student,Female,6,8,8,6,9,8
2025/12/22 05:20,Student,Male,7,8,8,7,8,8
2025/12/22 05:24,Student,Male,7,8,8,7,8,8
2025/12/22 05:26,Student,Male,7,8,8,7,8,8
2025/12/22 05:27,Student,Female,6,8,8,6,9,8
2025/12/22 05:39,Student,Male,7,8,8,7,8,8
2025/12/22 05:50,Student,Male,7,8,8,7,8,8
2025/12/22 05:54,Student,Male,7,8,8,7,8,8
2025/12/22 06:01,Student,Male,7,8,8,7,8,8
2025/12/22 06:12,Student,Female,6,8,8,6,9,8
2025/12/22 06:21,Student,Male,7,8,8,7,8,8
2025/12/22 06:38,Student,Male,7,8,8,7,8,8
2025/12/22 06:41,Student,Male,7,8,8,7,8,8
2025/12/22 06:46,Student,Male,7,8,8,7,8,8
2025/12/22 06:55,Student,Male,7,8,8,7,8,8
2025/12/22 06:57,Student,Male,7,8,8,7,8,8
2025/12/22 07:02,Student,Female,6,8,8,6,9,8
2025/12/22 07:13,Student,Male,7,8,8,7,8,8
2025/12/22 07:17,Student,Male,7,8,8,7,8,8
2025/12/22 07:28,Student,Male,7,8,8,7,8,8
2025/12/22 07:34,Student,Male,7,8,8,7,8,8
2025/12/22 07:45,Student,Male,7,8,8,7,8,8
2025/12/22 07:46,Student,Male,7,8,8,7,8,8
2025/12/22 07:49,Student,Male,7,8,8,7,8,8
2025/12/22 07:58,Student,Male,7,8,8,7,8,8
2025/12/22 07:59,Student,Male,7,8,8,7,8,8
2025/12/22 08:08,Student,Male,7,8,8,7,8,8
2025/12/22 08:10,Student,Female,6,8,8,6,9,8
2025/12/22 08:11,Student,Male,7,8,8,7,8,8
2025/12/22 08:14,Student,Male,7,8,8,7,8,8
2025/12/22 08:20,Student,Male,7,8,8,7,8,8
2025/12/22 08:29,Student,Male,7,8,8,7,8,8
2025/12/22 08:38,Student,Female,6,8,8,6,9,8
2025/12/22 08:38,Student,Male,7,8,8,7,8,8
2025/12/22 08:42,Student,Male,7,8,8,7,8,8
2025/12/22 08:52,Student,Male,7,8,8,7,8,8
2025/12/22 09:11,Student,Female,6,8,8,6,9,8
2025/12/22 09:17,Student,Male,7,8,8,7,8,8
2025/12/22 09:18,Student,Female,6,8,8,6,9,8
2025/12/22 09:26,Student,Male,7,8,8,7,8,8
2025/12/22 09:28,Student,Male,7,8,8,7,8,8
2025/12/22 09:34,Student,Male,7,8,8,7,8,8
2025/12/22 09:36,Student,Male,7,8,8,7,8,8
2025/12/22 09:42,Student,Male,7,8,8,7,8,8
2025/12/22 09:48,Non-Student,Female,7,8,9,6,9,7
2025/12/22 09:59,Student,Male,7,8,8,7,8,8
2025/12/22 10:07,Non-Student,Female,7,8,9,6,9,7
2025/12/22 10:09,Student,Male,7,8,8,7,8,8
2025/12/22 10:13,Student,Male,7,8,8,7,8,8
2025/12/22 10:13,Student,Male,7,8,8,7,8,8
2025/12/22 10:18,Student,Male,7,8,8,7,8,8
2025/12/22 10:23,Non-Student,Female,7,8,9,6,9,7
2025/12/22 10:37,Student,Male,7,8,8,7,8,8
2025/12/22 10:37,Student,Male,7,8,8,7,8,8
2025/12/22 10:47,Student,Male,7,8,8,7,8,8
2025/12/22 10:48,Student,Male,7,8,8,7,8,8
2025/12/22 10:50,Non-Student,Female,7,8,9,6,9,7
2025/12/22 11:04,Student,Male,7,8,8,7,8,8
2025/12/22 11:05,Student,Male,7,8,8,7,8,8
2025/12/22 11:08,Student,Male,7,8,8,7,8,8
2025/12/22 11:16,Student,Male,7,8,8,7,8,8
2025/12/22 11:23,Student,Female,6,8,8,6,9,8
2025/12/22 11:32,Student,Female,6,8,8,6,9,8
2025/12/22 11:46,Student,Male,7,8,8,7,8,8
2025/12/22 12:07,Student,Male,7,8,8,7,8,8
2025/12/22 12:08,Student,Female,6,8,8,6,9,8
2025/12/22 12:08,Student,Male,7,8,8,7,8,8
2025/12/22 12:10,Student,Male,7,8,8,7,8,8
2025/12/22 12:27,Student,Female,6,8,8,6,9,8
2025/12/22 12:30,Student,Male,7,8,8,7,8,8
2025/12/22 12:30,Student,Male,7,8,8,7,8,8
2025/12/22 12:37,Student,Male,7,8,8,7,8,8
2025/12/22 12:42,Student,Female,6,8,8,6,9,8
2025/12/22 12:44,Student,Male,7,8,8,7,8,8
2025/12/22 13:02,Student,Female,6,8,8,6,9,8
2025/12/22 13:10,Student,Male,7,8,8,7,8,8
2025/12/22 13:21,Student,Male,7,8,8,7,8,8
2025/12/22 13:42,Student,Female,6,8,8,6,9,8
2025/12/22 13:44,Student,Female,6,8,8,6,9,8
2025/12/22 13:45,Non-Student,Female,7,8,9,6,9,7
2025/12/22 13:53,Student,Female,6,8,8,6,9,8
2025/12/22 14:02,Student,Male,7,8,8,7,8,8
2025/12/22 14:10,Student,Male,7,8,8,7,8,8
2025/12/22 14:11,Student,Female,6,8,8,6,9,8
2025/12/22 14:13,Student,Female,6,8,8,6,9,8
2025/12/22 14:19,Student,Female,6,8,8,6,9,8
2025/12/22 14:20,Student,Male,7,8,8,7,8,8
2025/12/22 14:26,Student,Male,7,8,8,7,8,8
2025/12/22 14:57,Student,Male,7,8,8,7,8,8
2025/12/22 14:59,Student,Male,7,8,8,7,8,8
2025/12/22 15:10,Student,Male,7,8,8,7,8,8
2025/12/22 15:11,Student,Male,7,8,8,7,8,8
2025/12/22 15:14,Student,Male,7,8,8,7,8,8
2025/12/22 15:16,Student,Male,7,8,8,7,8,8
2025/12/22 15:22,Student,Female,6,8,8,6,9,8
2025/12/22 15:24,Student,Male,7,8,8,7,8,8
2025/12/22 15:26,Student,Other,4,6,6,8,8,4
2025/12/22 15:27,Student,Male,7,8,8,7,8,8
2025/12/22 15:33,Student,Female,6,8,8,6,9,8
2025/12/22 15:37,Student,Male,7,8,8,7,8,8
2025/12/22 15:39,Student,Male,7,8,8,7,8,8
2025/12/22 15:40,Student,Male,7,8,8,7,8,8
2025/12/22 15:47,Student,Male,7,8,8,7,8,8
2025/12/22 15:59,Student,Female,6,8,8,6,9,8
2025/12/22 16:04,Non-Student,Female,7,8,9,6,9,7
2025/12/22 16:04,Student,Male,7,8,8,7,8,8
2025/12/22 16:06,Student,Male,7,8,8,7,8,8
2025/12/22 16:18,Non-Student,Female,7,8,9,6,9,7
2025/12/22 16:35,Student,Male,7,8,8,7,8,8
2025/12/22 16:35,Student,Male,7,8,8,7,8,8
2025/12/22 16:41,Student,Male,7,8,8,7,8,8
2025/12/22 16:42,Student,Male,7,8,8,7,8,8
2025/12/22 16:46,Student,Male,7,8,8,7,8,8
2025/12/22 16:46,Non-Student,Male,6,10,10,6,10,6
2025/12/22 16:52,Student,Male,7,8,8,7,8,8
2025/12/22 16:59,Student,Male,7,8,8,7,8,8
2025/12/22 17:10,Student,Male,7,8,8,7,8,8
2025/12/22 17:15,Student,Male,7,8,8,7,8,8
2025/12/22 17:20,Student,Male,7,8,8,7,8,8
2025/12/22 17:20,Student,Male,7,8,8,7,8,8
2025/12/22 17:22,Student,Male,7,8,8,7,8,8
2025/12/22 17:23,Student,Male,7,8,8,7,8,8
2025/12/22 17:33,Student,Male,7,8,8,7,8,8
2025/12/22 17:37,Student,Male,7,8,8,7,8,8
2025/12/22 17:38,Student,Male,7,8,8,7,8,8
2025/12/22 17:40,Student,Male,7,8,8,7,8,8
2025/12/22 17:41,Student,Male,7,8,8,7,8,8
2025/12/22 17:43,Student,Male,7,8,8,7,8,8
2025/12/22 17:49,Student,Male,7,8,8,7,8,8
2025/12/22 17:59,Student,Male,7,8,8,7,8,8
2025/12/22 18:00,Non-Student,Female,7,8,9,6,9,7
2025/12/22 18:09,Student,Male,7,8,8,7,8,8
2025/12/22 18:10,Student,Male,7,8,8,7,8,8
2025/12/22 18:14,Student,Male,7,8,8,7,8,8
2025/12/22 18:17,Student,Male,7,8,8,7,8,8
2025/12/22 18:20,Student,Male,7,8,8,7,8,8
2025/12/22 18:28,Student,Male,7,8,8,7,8,8
2025/12/22 18:42,Student,Male,7,8,8,7,8,8
2025/12/22 18:54,Student,Male,7,8,8,7,8,8
2025/12/22 18:59,Student,Male,7,8,8,7,8,8
2025/12/22 19:05,Student,Male,7,8,8,7,8,8
2025/12/22 19:17,Student,Male,7,8,8,7,8,8
2025/12/22 19:24,Student,Male,7,8,8,7,8,8
2025/12/22 19:25,Student,Male,7,8,8,7,8,8
2025/12/22 19:26,Student,Male,7,8,8,7,8,8
2025/12/22 19:27,Student,Male,7,8,8,7,8,8
2025/12/22 19:35,Student,Male,7,8,8,7,8,8
2025/12/22 19:39,Student,Male,7,8,8,7,8,8
2025/12/22 19:41,Student,Male,7,8,8,7,8,8
2025/12/22 19:45,Student,Female,6,8,8,6,9,8
2025/12/22 19:48,Student,Male,7,8,8,7,8,8
2025/12/22 19:51,Student,Male,7,8,8,7,8,8
2025/12/22 19:58,Student,Male,7,8,8,7,8,8
2025/12/22 20:03,Student,Male,7,8,8,7,8,8
2025/12/22 20:11,Student,Male,7,8,8,7,8,8
2025/12/22 20:28,Student,Male,7,8,8,7,8,8
2025/12/22 20:29,Non-Student,Female,7,8,9,6,9,7
2025/12/22 20:36,Student,Female,6,8,8,6,9,8
2025/12/22 20:36,Student,Female,6,8,8,6,9,8
2025/12/22 20:55,Student,Male,7,8,8,7,8,8
2025/12/22 21:05,Non-Student,Female,7,8,9,6,9,7
2025/12/22 21:05,Student,Male,7,8,8,7,8,8
2025/12/22 21:11,Non-Student,Female,7,8,9,6,9,7
2025/12/22 21:12,Student,Female,6,8,8,6,9,8
2025/12/22 21:12,Student,Female,6,8,8,6,9,8
2025/12/22 21:15,Student,Male,7,8,8,7,8,8
2025/12/22 21:20,Student,Male,7,8,8,7,8,8
2025/12/22 21:23,Student,Male,7,8,8,7,8,8
2025/12/22 21:27,Student,Male,7,8,8,7,8,8
2025/12/22 21:29,Student,Female,6,8,8,6,9,8
2025/12/22 21:30,Student,Male,7,8,8,7,8,8
2025/12/22 21:31,Student,Male,7,8,8,7,8,8
2025/12/22 21:37,Student,Female,6,8,8,6,9,8
2025/12/22 21:38,Student,Male,7,8,8,7,8,8
2025/12/22 21:40,Student,Female,6,8,8,6,9,8
2025/12/22 21:50,Student,Male,7,8,8,7,8,8
2025/12/22 21:51,Student,Male,7,8,8,7,8,8
2025/12/22 21:51,Student,Male,7,8,8,7,8,8
2025/12/22 22:10,Student,Male,7,8,8,7,8,8
2025/12/22 22:11,Student,Male,7,8,8,7,8,8
2025/12/22 22:22,Student,Male,7,8,8,7,8,8
2025/12/22 22:24,Student,Female,6,8,8,6,9,8
2025/12/22 22:41,Student,Male,7,8,8,7,8,8
2025/12/22 23:01,Student,Male,7,8,8,7,8,8
2025/12/22 23:04,Student,Male,7,8,8,7,8,8
2025/12/22 23:04,Student,Male,7,8,8,7,8,8
2025/12/22 23:04,Student,Male,7,8,8,7,8,8
2025/12/22 23:06,Student,Male,7,8,8,7,8,8
2025/12/22 23:08,Non-Student,Female,7,8,9,6,9,7
2025/12/22 23:13,Student,Male,7,8,8,7,8,8
2025/12/22 23:15,Student,Male,7,8,8,7,8,8
2025/12/22 23:17,Student,Male,7,8,8,7,8,8
2025/12/22 23:20,Student,Female,6,8,8,6,9,8
2025/12/22 23:21,Student,Male,7,8,8,7,8,8
2025/12/22 23:21,Student,Male,7,8,8,7,8,8
2025/12/22 23:37,Student,Male,7,8,8,7,8,8
2025/12/22 23:38,Student,Female,6,8,8,6,9,8
2025/12/22 23:47,Student,Male,7,8,8,7,8,8
2025/12/22 23:50,Student,Male,7,8,8,7,8,8
2025/12/22 23:53,Student,Female,6,8,8,6,9,8
2025/12/22 23:56,Student,Male,7,8,8,7,8,8
2025/12/22 23:57,Student,Female,6,8,8,6,9,8
2025/12/22 23:58,Non-Student,Female,7,8,9,6,9,7
2025/12/22 23:59,Student,Male,7,8,8,7,8,8
2025/12/23 00:04,Student,Male,7,8,8,7,8,8
2025/12/23 00:09,Student,Male,7,8,8,7,8,8
2025/12/23 00:09,Student,Male,7,8,8,7,8,8
2025/12/23 00:18,Student,Female,6,8,8,6,9,8
2025/12/23 00:20,Student,Male,7,8,8,7,8,8
2025/12/23 00:22,Student,Female,6,8,8,6,9,8
2025/12/23 00:25,Student,Male,7,8,8,7,8,8
2025/12/23 00:28,Student,Male,7,8,8,7,8,8
2025/12/23 00:32,Student,Female,6,8,8,6,9,8
2025/12/23 00:35,Student,Male,7,8,8,7,8,8
2025/12/23 00:37,Student,Male,7,8,8,7,8,8
2025/12/23 00:39,Student,Male,7,8,8,7,8,8
2025/12/23 00:40,Student,Male,7,8,8,7,8,8
2025/12/23 00:40,Student,Male,7,8,8,7,8,8
2025/12/23 00:46,Student,Female,6,8,8,6,9,8
2025/12/23 00:57,Student,Female,6,8,8,6,9,8
2025/12/23 00:58,Student,Male,7,8,8,7,8,8
2025/12/23 01:05,Student,Male,7,8,8,7,8,8
2025/12/23 01:10,Student,Female,6,8,8,6,9,8
2025/12/23 01:17,Student,Male,7,8,8,7,8,8
2025/12/23 01:37,Student,Male,7,8,8,7,8,8
2025/12/23 01:46,Student,Female,6,8,8,6,9,8
2025/12/23 01:48,Student,Male,7,8,8,7,8,8
2025/12/23 01:52,Student,Male,7,8,8,7,8,8
2025/12/23 01:58,Student,Male,7,8,8,7,8,8
2025/12/23 01:58,Student,Male,7,8,8,7,8,8
2025/12/23 01:59,Student,Male,7,8,8,7,8,8
2025/12/23 02:06,Student,Male,7,8,8,7,8,8
2025/12/23 02:06,Student,Male,7,8,8,7,8,8
2025/12/23 02:08,Student,Male,7,8,8,7,8,8
2025/12/23 02:08,Student,Male,7,8,8,7,8,8
2025/12/23 02:14,Student,Male,7,8,8,7,8,8
2025/12/23 02:16,Student,Female,6,8,8,6,9,8
2025/12/23 02:26,Student,Male,7,8,8,7,8,8
2025/12/23 02:26,Student,Female,6,8,8,6,9,8
2025/12/23 02:27,Student,Male,7,8,8,7,8,8
2025/12/23 02:42,Student,Female,6,8,8,6,9,8
2025/12/23 02:56,Student,Male,7,8,8,7,8,8
2025/12/23 02:57,Student,Male,7,8,8,7,8,8
2025/12/23 02:57,Student,Female,6,8,8,6,9,8
2025/12/23 02:59,Student,Male,7,8,8,7,8,8
2025/12/23 02:59,Student,Male,7,8,8,7,8,8
2025/12/23 03:07,Student,Male,7,8,8,7,8,8
2025/12/23 03:15,Student,Male,7,8,8,7,8,8
2025/12/23 03:25,Student,Male,7,8,8,7,8,8
2025/12/23 03:30,Student,Male,7,8,8,7,8,8
2025/12/23 03:32,Student,Male,7,8,8,7,8,8
2025/12/23 03:37,Student,Male,7,8,8,7,8,8
2025/12/23 03:43,Student,Male,7,8,8,7,8,8
2025/12/23 03:56,Student,Female,6,8,8,6,9,8
2025/12/23 04:00,Student,Male,7,8,8,7,8,8
2025/12/23 04:03,Student,Male,7,8,8,7,8,8
2025/12/23 04:04,Student,Male,7,8,8,7,8,8
2025/12/23 04:11,Student,Female,6,8,8,6,9,8
2025/12/23 04:31,Student,Male,7,8,8,7,8,8
2025/12/23 04:40,Student,Female,6,8,8,6,9,8
2025/12/23 04:48,Student,Male,7,8,8,7,8,8
2025/12/23 04:51,Student,Male,7,8,8,7,8,8
2025/12/23 04:51,Student,Male,7,8,8,7,8,8
2025/12/23 05:06,Student,Female,6,8,8,6,9,8
2025/12/23 05:10,Student,Male,7,8,8,7,8,8
2025/12/23 05:11,Student,Female,6,8,8,6,9,8
2025/12/23 05:12,Student,Male,7,8,8,7,8,8
2025/12/23 05:18,Student,Female,6,8,8,6,9,8
2025/12/23 05:22,Student,Male,7,8,8,7,8,8
2025/12/23 05:29,Student,Male,7,8,8,7,8,8
2025/12/23 05:31,Student,Male,7,8,8,7,8,8
2025/12/23 05:31,Non-Student,Female,7,8,9,6,9,7
2025/12/23 05:35,Student,Female,6,8,8,6,9,8
2025/12/23 05:36,Student,Male,7,8,8,7,8,8
2025/12/23 05:47,Student,Male,7,8,8,7,8,8
2025/12/23 05:58,Student,Female,6,8,8,6,9,8
2025/12/23 06:04,Student,Male,7,8,8,7,8,8
2025/12/23 06:07,Student,Male,7,8,8,7,8,8
2025/12/23 06:07,Student,Male,7,8,8,7,8,8
2025/12/23 06:28,Student,Male,7,8,8,7,8,8
2025/12/23 06:36,Student,Male,7,8,8,7,8,8
2025/12/23 06:46,Student,Male,7,8,8,7,8,8
2025/12/23 06:46,Student,Male,7,8,8,7,8,8
2025/12/23 06:48,Student,Male,7,8,8,7,8,8
2025/12/23 06:58,Student,Female,6,8,8,6,9,8
2025/12/23 07:03,Student,Male,7,8,8,7,8,8
2025/12/23 07:09,Student,Male,7,8,8,7,8,8
2025/12/23 07:18,Student,Male,7,8,8,7,8,8
2025/12/23 07:20,Student,Male,7,8,8,7,8,8
2025/12/23 07:37,Student,Male,7,8,8,7,8,8
2025/12/23 07:42,Student,Female,6,8,8,6,9,8
2025/12/23 07:51,Student,Male,7,8,8,7,8,8
2025/12/23 07:56,Student,Female,6,8,8,6,9,8
2025/12/23 07:56,Student,Male,7,8,8,7,8,8
2025/12/23 07:57,Student,Female,6,8,8,6,9,8
2025/12/23 07:59,Student,Male,7,8,8,7,8,8
2025/12/23 08:19,Student,Male,7,8,8,7,8,8
2025/12/23 08:26,Student,Male,7,8,8,7,8,8
2025/12/23 08:30,Student,Male,7,8,8,7,8,8
2025/12/23 08:33,Student,Other,4,6,6,8,8,4
2025/12/23 08:42,Student,Male,7,8,8,7,8,8
2025/12/23 08:44,Student,Male,7,8,8,7,8,8
2025/12/23 08:49,Student,Male,7,8,8,7,8,8
2025/12/23 08:53,Student,Female,6,8,8,6,9,8
2025/12/23 08:56,Student,Male,7,8,8,7,8,8
2025/12/23 09:01,Student,Male,7,8,8,7,8,8
2025/12/23 09:04,Student,Male,7,8,8,7,8,8
2025/12/23 09:10,Student,Male,7,8,8,7,8,8
2025/12/23 09:19,Student,Male,7,8,8,7,8,8
2025/12/23 09:46,Non-Student,Female,7,8,9,6,9,7
2025/12/23 09:49,Student,Male,7,8,8,7,8,8
2025/12/23 09:50,Student,Male,7,8,8,7,8,8
2025/12/23 09:50,Student,Male,7,8,8,7,8,8
2025/12/23 09:51,Non-Student,Female,7,8,9,6,9,7
2025/12/23 09:53,Student,Male,7,8,8,7,8,8
2025/12/23 09:58,Student,Male,7,8,8,7,8,8
2025/12/23 10:00,Student,Male,7,8,8,7,8,8
2025/12/23 10:01,Student,Male,7,8,8,7,8,8
2025/12/23 10:10,Student,Male,7,8,8,7,8,8
2025/12/23 10:11,Student,Male,7,8,8,7,8,8
2025/12/23 10:12,Student,Male,7,8,8,7,8,8
2025/12/23 10:14,Student,Male,7,8,8,7,8,8
2025/12/23 10:17,Student,Male,7,8,8,7,8,8
2025/12/23 10:26,Student,Male,7,8,8,7,8,8
2025/12/23 10:46,Non-Student,Male,6,10,10,6,10,6
2025/12/23 10:48,Student,Male,7,8,8,7,8,8
2025/12/23 10:51,Student,Male,7,8,8,7,8,8
2025/12/23 10:54,Student,Male,7,8,8,7,8,8
2025/12/23 11:10,Student,Male,7,8,8,7,8,8
2025/12/23 11:13,Student,Female,6,8,8,6,9,8
2025/12/23 11:16,Student,Male,7,8,8,7,8,8
2025/12/23 11:25,Student,Male,7,8,8,7,8,8
2025/12/23 11:32,Student,Female,6,8,8,6,9,8
2025/12/23 11:43,Student,Male,7,8,8,7,8,8
2025/12/23 11:45,Student,Male,7,8,8,7,8,8
2025/12/23 11:45,Student,Male,7,8,8,7,8,8
2025/12/23 12:01,Student,Female,6,8,8,6,9,8
2025/12/23 12:05,Student,Male,7,8,8,7,8,8
2025/12/23 12:24,Student,Male,7,8,8,7,8,8
2025/12/23 12:30,Student,Female,6,8,8,6,9,8
2025/12/23 12:32,Student,Male,7,8,8,7,8,8
2025/12/23 12:39,Student,Male,7,8,8,7,8,8
2025/12/23 12:42,Student,Male,7,8,8,7,8,8
2025/12/23 12:59,Student,Female,6,8,8,6,9,8
2025/12/23 13:03,Student,Male,7,8,8,7,8,8
2025/12/23 13:09,Student,Female,6,8,8,6,9,8
2025/12/23 13:10,Student,Male,7,8,8,7,8,8
2025/12/23 13:23,Student,Male,7,8,8,7,8,8
2025/12/23 13:25,Student,Male,7,8,8,7,8,8
2025/12/23 13:32,Student,Male,7,8,8,7,8,8
2025/12/23 13:36,Student,Male,7,8,8,7,8,8
2025/12/23 13:42,Student,Male,7,8,8,7,8,8
2025/12/23 13:47,Student,Male,7,8,8,7,8,8
2025/12/23 13:47,Student,Female,6,8,8,6,9,8
2025/12/23 13:52,Student,Male,7,8,8,7,8,8
2025/12/23 14:09,Non-Student,Male,6,10,10,6,10,6
2025/12/23 14:12,Student,Male,7,8,8,7,8,8
2025/12/23 14:12,Student,Male,7,8,8,7,8,8
2025/12/23 14:26,Student,Female,6,8,8,6,9,8
2025/12/23 14:30,Student,Male,7,8,8,7,8,8
2025/12/23 14:39,Student,Male,7,8,8,7,8,8
2025/12/23 15:05,Student,Female,6,8,8,6,9,8
2025/12/23 15:14,Student,Male,7,8,8,7,8,8
2025/12/23 15:19,Student,Male,7,8,8,7,8,8
2025/12/23 15:28,Student,Female,6,8,8,6,9,8
2025/12/23 15:33,Student,Male,7,8,8,7,8,8
2025/12/23 15:33,Student,Male,7,8,8,7,8,8
2025/12/23 15:35,Student,Female,6,8,8,6,9,8
2025/12/23 15:52,Student,Male,7,8,8,7,8,8
2025/12/23 16:01,Student,Male,7,8,8,7,8,8
2025/12/23 16:03,Student,Male,7,8,8,7,8,8
2025/12/23 16:08,Student,Male,7,8,8,7,8,8
2025/12/23 16:20,Student,Male,7,8,8,7,8,8
2025/12/23 16:22,Student,Male,7,8,8,7,8,8
2025/12/23 16:23,Student,Female,6,8,8,6,9,8
2025/12/23 16:26,Non-Student,Female,7,8,9,6,9,7
2025/12/23 16:35,Student,Male,7,8,8,7,8,8
2025/12/23 16:50,Student,Male,7,8,8,7,8,8
2025/12/23 17:02,Student,Male,7,8,8,7,8,8
2025/12/23 17:09,Student,Male,7,8,8,7,8,8
2025/12/23 17:14,Non-Student,Female,7,8,9,6,9,7
2025/12/23 17:14,Student,Male,7,8,8,7,8,8
2025/12/23 17:17,Student,Male,7,8,8,7,8,8
2025/12/23 17:18,Non-Student,Male,6,10,10,6,10,6
2025/12/23 17:22,Student,Male,7,8,8,7,8,8
2025/12/23 17:29,Student,Male,7,8,8,7,8,8
2025/12/23 17:36,Student,Male,7,8,8,7,8,8
2025/12/23 17:36,Student,Male,7,8,8,7,8,8
2025/12/23 17:39,Student,Male,7,8,8,7,8,8
2025/12/23 17:40,Student,Male,7,8,8,7,8,8
2025/12/23 17:42,Student,Male,7,8,8,7,8,8
2025/12/23 17:50,Student,Female,6,8,8,6,9,8
2025/12/23 17:52,Student,Female,6,8,8,6,9,8
2025/12/23 17:58,Student,Other,4,6,6,8,8,4
2025/12/23 18:02,Student,Male,7,8,8,7,8,8
2025/12/23 18:05,Student,Male,7,8,8,7,8,8
2025/12/23 18:06,Student,Female,6,8,8,6,9,8
2025/12/23 18:08,Student,Male,7,8,8,7,8,8
2025/12/23 18:13,Student,Male,7,8,8,7,8,8
2025/12/23 18:19,Student,Male,7,8,8,7,8,8
2025/12/23 18:21,Student,Male,7,8,8,7,8,8
2025/12/23 18:23,Student,Male,7,8,8,7,8,8
2025/12/23 18:28,Student,Female,6,8,8,6,9,8
2025/12/23 18:29,Student,Male,7,8,8,7,8,8
2025/12/23 18:33,Student,Male,7,8,8,7,8,8
2025/12/23 18:36,Student,Male,7,8,8,7,8,8
2025/12/23 18:37,Student,Male,7,8,8,7,8,8
2025/12/23 18:38,Student,Male,7,8,8,7,8,8
2025/12/23 18:42,Student,Male,7,8,8,7,8,8
2025/12/23 18:44,Non-Student,Male,6,10,10,6,10,6
2025/12/23 18:44,Student,Male,7,8,8,7,8,8
2025/12/23 18:54,Student,Male,7,8,8,7,8,8
2025/12/23 19:02,Student,Male,7,8,8,7,8,8
2025/12/23 19:04,Non-Student,Female,7,8,9,6,9,7
2025/12/23 19:12,Student,Male,7,8,8,7,8,8
2025/12/23 19:15,Student,Male,7,8,8,7,8,8
2025/12/23 19:25,Student,Male,7,8,8,7,8,8
2025/12/23 19:35,Student,Male,7,8,8,7,8,8
2025/12/23 19:43,Student,Male,7,8,8,7,8,8
2025/12/23 19:48,Student,Male,7,8,8,7,8,8
2025/12/23 19:53,Student,Female,6,8,8,6,9,8
2025/12/23 19:56,Student,Male,7,8,8,7,8,8
2025/12/23 20:02,Student,Male,7,8,8,7,8,8
2025/12/23 20:05,Student,Male,7,8,8,7,8,8
2025/12/23 20:11,Student,Male,7,8,8,7,8,8
2025/12/23 20:13,Student,Male,7,8,8,7,8,8
2025/12/23 20:26,Student,Male,7,8,8,7,8,8
2025/12/23 20:37,Student,Female,6,8,8,6,9,8
2025/12/23 20:44,Student,Male,7,8,8,7,8,8
2025/12/23 20:54,Student,Male,7,8,8,7,8,8
2025/12/23 20:56,Student,Male,7,8,8,7,8,8
2025/12/23 20:59,Student,Female,6,8,8,6,9,8
2025/12/23 21:02,Student,Female,6,8,8,6,9,8
2025/12/23 21:08,Student,Male,7,8,8,7,8,8
2025/12/23 21:08,Student,Female,6,8,8,6,9,8
2025/12/23 21:19,Student,Male,7,8,8,7,8,8
2025/12/23 21:24,Student,Male,7,8,8,7,8,8
2025/12/23 21:28,Student,Male,7,8,8,7,8,8
2025/12/23 21:28,Student,Male,7,8,8,7,8,8
2025/12/23 21:29,Student,Male,7,8,8,7,8,8
2025/12/23 21:33,Student,Female,6,8,8,6,9,8
2025/12/23 21:36,Student,Male,7,8,8,7,8,8
2025/12/23 21:45,Student,Male,7,8,8,7,8,8
2025/12/23 21:57,Student,Male,7,8,8,7,8,8
2025/12/23 21:59,Student,Female,6,8,8,6,9,8
2025/12/23 22:00,Student,Male,7,8,8,7,8,8
2025/12/23 22:02,Student,Male,7,8,8,7,8,8
2025/12/23 22:04,Student,Male,7,8,8,7,8,8
2025/12/23 22:06,Student,Female,6,8,8,6,9,8
2025/12/23 22:11,Student,Male,7,8,8,7,8,8
2025/12/23 22:37,Student,Female,6,8,8,6,9,8
2025/12/23 22:51,Student,Male,7,8,8,7,8,8
2025/12/23 22:51,Student,Male,7,8,8,7,8,8
2025/12/23 22:55,Student,Female,6,8,8,6,9,8
2025/12/23 22:56,Student,Male,7,8,8,7,8,8
2025/12/23 22:59,Student,Female,6,8,8,6,9,8
2025/12/23 23:01,Student,Male,7,8,8,7,8,8
2025/12/23 23:12,Student,Male,7,8,8,7,8,8
2025/12/23 23:24,Student,Male,7,8,8,7,8,8
2025/12/23 23:29,Student,Male,7,8,8,7,8,8
2025/12/23 23:41,Student,Other,4,6,6,8,8,4
2025/12/23 23:44,Student,Male,7,8,8,7,8,8
2025/12/23 23:48,Student,Male,7,8,8,7,8,8
2025/12/23 23:59,Student,Male,7,8,8,7,8,8
2025/12/24 00:01,Student,Female,6,8,8,6,9,8
2025/12/24 00:05,Student,Male,7,8,8,7,8,8
2025/12/24 00:08,Student,Female,6,8,8,6,9,8
2025/12/24 00:21,Student,Male,7,8,8,7,8,8
2025/12/24 00:22,Student,Female,6,8,8,6,9,8
2025/12/24 00:24,Non-Student,Female,7,8,9,6,9,7
2025/12/24 00:32,Student,Male,7,8,8,7,8,8
2025/12/24 00:32,Student,Male,7,8,8,7,8,8
2025/12/24 00:40,Student,Male,7,8,8,7,8,8
2025/12/24 00:43,Student,Male,7,8,8,7,8,8
2025/12/24 00:46,Student,Male,7,8,8,7,8,8
2025/12/24 00:51,Student,Male,7,8,8,7,8,8
2025/12/24 00:52,Student,Male,7,8,8,7,8,8
2025/12/24 01:06,Student,Male,7,8,8,7,8,8
2025/12/24 01:18,Student,Female,6,8,8,6,9,8
2025/12/24 01:23,Non-Student,Female,7,8,9,6,9,7
2025/12/24 01:28,Student,Female,6,8,8,6,9,8
2025/12/24 01:33,Student,Male,7,8,8,7,8,8
2025/12/24 01:47,Student,Male,7,8,8,7,8,8
2025/12/24 01:47,Student,Male,7,8,8,7,8,8
2025/12/24 01:54,Student,Male,7,8,8,7,8,8
2025/12/24 02:15,Student,Female,6,8,8,6,9,8
2025/12/24 02:18,Student,Male,7,8,8,7,8,8
2025/12/24 02:25,Student,Male,7,8,8,7,8,8
2025/12/24 02:34,Non-Student,Female,7,8,9,6,9,7
2025/12/24 02:41,Student,Male,7,8,8,7,8,8
2025/12/24 02:44,Student,Female,6,8,8,6,9,8
2025/12/24 02:46,Student,Male,7,8,8,7,8,8
2025/12/24 02:53,Student,Female,6,8,8,6,9,8
2025/12/24 02:54,Student,Female,6,8,8,6,9,8
2025/12/24 02:55,Student,Male,7,8,8,7,8,8
2025/12/24 02:56,Student,Male,7,8,8,7,8,8
2025/12/24 03:03,Student,Male,7,8,8,7,8,8
2025/12/24 03:11,Student,Male,7,8,8,7,8,8
2025/12/24 03:13,Student,Female,6,8,8,6,9,8
2025/12/24 03:25,Student,Male,7,8,8,7,8,8
2025/12/24 03:31,Student,Male,7,8,8,7,8,8
2025/12/24 03:39,Student,Female,6,8,8,6,9,8
2025/12/24 03:41,Student,Male,7,8,8,7,8,8
2025/12/24 03:52,Student,Male,7,8,8,7,8,8
2025/12/24 03:54,Student,Male,7,8,8,7,8,8
2025/12/24 03:57,Student,Male,7,8,8,7,8,8
2025/12/24 04:02,Student,Female,6,8,8,6,9,8
2025/12/24 04:04,Student,Female,6,8,8,6,9,8
2025/12/24 04:05,Student,Female,6,8,8,6,9,8
2025/12/24 04:06,Student,Male,7,8,8,7,8,8
2025/12/24 04:21,Student,Male,7,8,8,7,8,8
2025/12/24 04:29,Student,Male,7,8,8,7,8,8
2025/12/24 04:32,Student,Male,7,8,8,7,8,8
2025/12/24 04:43,Student,Male,7,8,8,7,8,8
2025/12/24 04:48,Student,Male,7,8,8,7,8,8
2025/12/24 04:51,Student,Male,7,8,8,7,8,8
2025/12/24 04:55,Non-Student,Female,7,8,9,6,9,7
2025/12/24 05:05,Student,Male,7,8,8,7,8,8
2025/12/24 05:06,Student,Male,7,8,8,7,8,8
2025/12/24 05:12,Student,Female,6,8,8,6,9,8
2025/12/24 05:34,Student,Female,6,8,8,6,9,8
2025/12/24 05:36,Student,Male,7,8,8,7,8,8
2025/12/24 05:55,Student,Male,7,8,8,7,8,8
2025/12/24 06:09,Student,Male,7,8,8,7,8,8
2025/12/24 06:10,Student,Male,7,8,8,7,8,8
2025/12/24 06:10,Student,Male,7,8,8,7,8,8
2025/12/24 06:11,Student,Male,7,8,8,7,8,8
2025/12/24 06:24,Student,Male,7,8,8,7,8,8
2025/12/24 06:24,Student,Male,7,8,8,7,8,8
2025/12/24 06:31,Student,Male,7,8,8,7,8,8
2025/12/24 06:53,Student,Male,7,8,8,7,8,8
2025/12/24 06:56,Student,Male,7,8,8,7,8,8
2025/12/24 07:01,Student,Male,7,8,8,7,8,8
2025/12/24 07:13,Student,Male,7,8,8,7,8,8
2025/12/24 07:19,Student,Male,7,8,8,7,8,8
2025/12/24 07:28,Student,Male,7,8,8,7,8,8
2025/12/24 07:28,Student,Female,6,8,8,6,9,8
2025/12/24 07:47,Student,Male,7,8,8,7,8,8
2025/12/24 07:52,Student,Female,6,8,8,6,9,8
2025/12/24 07:53,Student,Male,7,8,8,7,8,8
2025/12/24 07:59,Student,Male,7,8,8,7,8,8
2025/12/24 08:00,Student,Male,7,8,8,7,8,8
2025/12/24 08:00,Student,Male,7,8,8,7,8,8
2025/12/24 08:00,Student,Male,7,8,8,7,8,8
2025/12/24 08:02,Student,Male,7,8,8,7,8,8
2025/12/24 08:18,Student,Male,7,8,8,7,8,8
2025/12/24 08:24,Student,Male,7,8,8,7,8,8
2025/12/24 08:26,Student,Male,7,8,8,7,8,8
2025/12/24 08:27,Student,Male,7,8,8,7,8,8
2025/12/24 08:33,Student,Female,6,8,8,6,9,8
2025/12/24 08:36,Student,Male,7,8,8,7,8,8
2025/12/24 08:36,Student,Female,6,8,8,6,9,8
2025/12/24 08:44,Student,Male,7,8,8,7,8,8
2025/12/24 08:55,Student,Male,7,8,8,7,8,8
2025/12/24 09:05,Student,Female,6,8,8,6,9,8
2025/12/24 09:11,Student,Male,7,8,8,7,8,8
2025/12/24 09:17,Student,Female,6,8,8,6,9,8
2025/12/24 09:19,Student,Female,6,8,8,6,9,8
2025/12/24 09:23,Student,Male,7,8,8,7,8,8
2025/12/24 09:30,Student,Female,6,8,8,6,9,8
2025/12/24 09:36,Student,Female,6,8,8,6,9,8
2025/12/24 09:39,Student,Male,7,8,8,7,8,8
2025/12/24 09:49,Student,Male,7,8,8,7,8,8
2025/12/24 10:04,Student,Male,7,8,8,7,8,8
2025/12/24 10:06,Non-Student,Female,7,8,9,6,9,7
2025/12/24 10:09,Student,Male,7,8,8,7,8,8
2025/12/24 10:12,Student,Female,6,8,8,6,9,8
2025/12/24 10:15,Student,Male,7,8,8,7,8,8
2025/12/24 10:33,Student,Male,7,8,8,7,8,8
2025/12/24 10:35,Student,Male,7,8,8,7,8,8
2025/12/24 10:39,Student,Male,7,8,8,7,8,8
2025/12/24 10:43,Student,Male,7,8,8,7,8,8
2025/12/24 10:44,Student,Male,7,8,8,7,8,8
2025/12/24 10:56,Student,Female,6,8,8,6,9,8
2025/12/24 11:07,Student,Male,7,8,8,7,8,8
2025/12/24 11:11,Student,Female,6,8,8,6,9,8
2025/12/24 11:20,Student,Female,6,8,8,6,9,8
2025/12/24 11:21,Student,Male,7,8,8,7,8,8
2025/12/24 11:23,Student,Male,7,8,8,7,8,8
2025/12/24 11:47,Student,Male,7,8,8,7,8,8
2025/12/24 11:48,Student,Male,7,8,8,7,8,8
2025/12/24 11:51,Student,Male,7,8,8,7,8,8
2025/12/24 11:55,Student,Male,7,8,8,7,8,8
2025/12/24 11:55,Student,Male,7,8,8,7,8,8
2025/12/24 12:05,Student,Male,7,8,8,7,8,8
2025/12/24 12:20,Student,Male,7,8,8,7,8,8
2025/12/24 12:22,Student,Male,7,8,8,7,8,8
2025/12/24 12:27,Student,Male,7,8,8,7,8,8
2025/12/24 12:31,Student,Female,6,8,8,6,9,8
2025/12/24 12:37,Student,Male,7,8,8,7,8,8
2025/12/24 12:47,Student,Female,6,8,8,6,9,8
2025/12/24 12:50,Student,Male,7,8,8,7,8,8
2025/12/24 12:50,Student,Female,6,8,8,6,9,8
2025/12/24 12:52,Student,Male,7,8,8,7,8,8
2025/12/24 12:59,Student,Female,6,8,8,6,9,8
2025/12/24 13:10,Student,Male,7,8,8,7,8,8
2025/12/24 13:13,Student,Male,7,8,8,7,8,8
2025/12/24 13:21,Student,Male,7,8,8,7,8,8
2025/12/24 13:31,Student,Male,7,8,8,7,8,8
2025/12/24 13:54,Student,Female,6,8,8,6,9,8
2025/12/24 13:58,Student,Male,7,8,8,7,8,8
2025/12/24 14:00,Student,Female,6,8,8,6,9,8
2025/12/24 14:02,Student,Male,7,8,8,7,8,8
2025/12/24 14:06,Student,Female,6,8,8,6,9,8
2025/12/24 14:07,Student,Male,7,8,8,7,8,8
2025/12/24 14:18,Student,Male,7,8,8,7,8,8
2025/12/24 14:20,Student,Male,7,8,8,7,8,8
2025/12/24 14:25,Student,Female,6,8,8,6,9,8
2025/12/24 14:26,Student,Male,7,8,8,7,8,8
2025/12/24 14:31,Student,Male,7,8,8,7,8,8
2025/12/24 14:47,Student,Male,7,8,8,7,8,8
2025/12/24 15:06,Student,Other,4,6,6,8,8,4
2025/12/24 15:09,Student,Male,7,8,8,7,8,8
2025/12/24 15:10,Student,Male,7,8,8,7,8,8
2025/12/24 15:15,Student,Male,7,8,8,7,8,8
2025/12/24 15:23,Student,Male,7,8,8,7,8,8
2025/12/24 15:24,Student,Male,7,8,8,7,8,8
2025/12/24 15:35,Student,Female,6,8,8,6,9,8
2025/12/24 15:41,Student,Male,7,8,8,7,8,8
2025/12/24 15:56,Student,Female,6,8,8,6,9,8
2025/12/24 16:00,Student,Male,7,8,8,7,8,8
2025/12/24 16:07,Student,Male,7,8,8,7,8,8
2025/12/24 16:07,Student,Male,7,8,8,7,8,8
2025/12/24 16:09,Student,Female,6,8,8,6,9,8
2025/12/24 16:18,Student,Male,7,8,8,7,8,8
2025/12/24 16:19,Student,Male,7,8,8,7,8,8
2025/12/24 16:23,Student,Male,7,8,8,7,8,8
2025/12/24 16:28,Student,Male,7,8,8,7,8,8
2025/12/24 16:33,Student,Male,7,8,8,7,8,8
2025/12/24 16:34,Student,Male,7,8,8,7,8,8
2025/12/24 16:37,Student,Male,7,8,8,7,8,8
2025/12/24 16:47,Student,Male,7,8,8,7,8,8
2025/12/24 16:48,Student,Female,6,8,8,6,9,8
2025/12/24 17:02,Student,Female,6,8,8,6,9,8
2025/12/24 17:06,Student,Male,7,8,8,7,8,8
2025/12/24 17:15,Student,Female,6,8,8,6,9,8
2025/12/24 17:16,Student,Male,7,8,8,7,8,8
2025/12/24 17:26,Student,Female,6,8,8,6,9,8
2025/12/24 17:37,Student,Female,6,8,8,6,9,8
2025/12/24 17:39,Student,Male,7,8,8,7,8,8
2025/12/24 17:43,Student,Male,7,8,8,7,8,8
2025/12/24 17:54,Student,Female,6,8,8,6,9,8
2025/12/24 17:54,Student,Male,7,8,8,7,8,8
2025/12/24 17:57,Student,Male,7,8,8,7,8,8
2025/12/24 18:37,Student,Male,7,8,8,7,8,8
2025/12/24 18:50,Student,Male,7,8,8,7,8,8
2025/12/24 18:57,Student,Male,7,8,8,7,8,8
2025/12/24 19:04,Student,Male,7,8,8,7,8,8
2025/12/24 19:14,Student,Male,7,8,8,7,8,8
2025/12/24 19:23,Student,Male,7,8,8,7,8,8
2025/12/24 19:28,Student,Female,6,8,8,6,9,8
2025/12/24 19:29,Student,Male,7,8,8,7,8,8
2025/12/24 19:36,Student,Male,7,8,8,7,8,8
2025/12/24 19:38,Student,Other,4,6,6,8,8,4
2025/12/24 19:42,Student,Male,7,8,8,7,8,8
2025/12/24 19:43,Student,Male,7,8,8,7,8,8
2025/12/24 19:51,Student,Female,6,8,8,6,9,8
2025/12/24 19:55,Student,Male,7,8,8,7,8,8
2025/12/24 19:57,Student,Male,7,8,8,7,8,8
2025/12/24 20:04,Student,Female,6,8,8,6,9,8
2025/12/24 20:08,Student,Female,6,8,8,6,9,8
2025/12/24 20:20,Student,Male,7,8,8,7,8,8
2025/12/24 20:23,Student,Male,7,8,8,7,8,8
2025/12/24 20:41,Student,Male,7,8,8,7,8,8
2025/12/24 20:49,Student,Male,7,8,8,7,8,8
2025/12/24 20:54,Student,Female,6,8,8,6,9,8
2025/12/24 20:55,Student,Male,7,8,8,7,8,8
2025/12/24 20:56,Student,Male,7,8,8,7,8,8
2025/12/24 21:02,Student,Male,7,8,8,7,8,8
2025/12/24 21:04,Student,Female,6,8,8,6,9,8
2025/12/24 21:04,Student,Male,7,8,8,7,8,8
2025/12/24 21:09,Student,Male,7,8,8,7,8,8
2025/12/24 21:16,Student,Male,7,8,8,7,8,8
2025/12/24 21:18,Student,Male,7,8,8,7,8,8
2025/12/24 21:19,Student,Male,7,8,8,7,8,8
2025/12/24 21:31,Student,Male,7,8,8,7,8,8
2025/12/24 21:34,Student,Female,6,8,8,6,9,8
2025/12/24 21:39,Student,Male,7,8,8,7,8,8
2025/12/24 21:44,Student,Female,6,8,8,6,9,8
2025/12/24 22:02,Student,Female,6,8,8,6,9,8
2025/12/24 22:12,Student,Male,7,8,8,7,8,8
2025/12/24 22:16,Non-Student,Female,7,8,9,6,9,7
2025/12/24 22:17,Student,Female,6,8,8,6,9,8
2025/12/24 22:27,Student,Male,7,8,8,7,8,8
2025/12/24 22:32,Student,Male,7,8,8,7,8,8
2025/12/24 22:44,Student,Female,6,8,8,6,9,8
2025/12/24 22:57,Student,Male,7,8,8,7,8,8
2025/12/24 23:00,Student,Female,6,8,8,6,9,8
2025/12/24 23:01,Student,Male,7,8,8,7,8,8
2025/12/24 23:17,Student,Male,7,8,8,7,8,8
2025/12/24 23:25,Non-Student,Female,7,8,9,6,9,7
2025/12/24 23:26,Student,Male,7,8,8,7,8,8
2025/12/24 23:31,Student,Male,7,8,8,7,8,8
2025/12/24 23:33,Student,Male,7,8,8,7,8,8
2025/12/24 23:41,Student,Male,7,8,8,7,8,8
2025/12/24 23:54,Student,Male,7,8,8,7,8,8
2025/12/25 00:00,Student,Male,7,8,8,7,8,8
2025/12/25 00:22,Student,Female,6,8,8,6,9,8
2025/12/25 00:22,Student,Male,7,8,8,7,8,8
2025/12/25 00:27,Student,Male,7,8,8,7,8,8
2025/12/25 00:30,Student,Male,7,8,8,7,8,8
2025/12/25 00:32,Student,Male,7,8,8,7,8,8
2025/12/25 00:35,Student,Male,7,8,8,7,8,8
2025/12/25 00:40,Student,Male,7,8,8,7,8,8
2025/12/25 00:50,Student,Male,7,8,8,7,8,8
2025/12/25 00:52,Student,Male,7,8,8,7,8,8
2025/12/25 00:56,Student,Male,7,8,8,7,8,8
2025/12/25 00:56,Student,Male,7,8,8,7,8,8
2025/12/25 00:59,Student,Female,6,8,8,6,9,8
2025/12/25 01:00,Student,Female,6,8,8,6,9,8
2025/12/25 01:04,Student,Male,7,8,8,7,8,8
2025/12/25 01:05,Student,Male,7,8,8,7,8,8
2025/12/25 01:24,Student,Male,7,8,8,7,8,8
2025/12/25 01:28,Student,Male,7,8,8,7,8,8
2025/12/25 01:30,Student,Male,7,8,8,7,8,8
2025/12/25 01:52,Student,Male,7,8,8,7,8,8
2025/12/25 02:02,Student,Male,7,8,8,7,8,8
2025/12/25 02:15,Student,Male,7,8,8,7,8,8
2025/12/25 02:24,Student,Male,7,8,8,7,8,8
2025/12/25 02:29,Student,Male,7,8,8,7,8,8
2025/12/25 02:36,Student,Male,7,8,8,7,8,8
2025/12/25 03:15,Student,Male,7,8,8,7,8,8
2025/12/25 03:23,Student,Male,7,8,8,7,8,8
2025/12/25 03:28,Student,Male,7,8,8,7,8,8
2025/12/25 03:30,Student,Male,7,8,8,7,8,8
2025/12/25 03:36,Student,Male,7,8,8,7,8,8
2025/12/25 03:37,Student,Male,7,8,8,7,8,8
2025/12/25 03:46,Student,Male,7,8,8,7,8,8
2025/12/25 03:48,Student,Male,7,8,8,7,8,8
2025/12/25 03:48,Student,Female,6,8,8,6,9,8
2025/12/25 03:53,Student,Female,6,8,8,6,9,8
2025/12/25 03:58,Student,Male,7,8,8,7,8,8
2025/12/25 03:59,Student,Female,6,8,8,6,9,8
2025/12/25 04:06,Non-Student,Male,6,10,10,6,10,6
2025/12/25 04:17,Student,Male,7,8,8,7,8,8
2025/12/25 04:25,Student,Male,7,8,8,7,8,8
2025/12/25 04:31,Student,Female,6,8,8,6,9,8
2025/12/25 04:42,Student,Female,6,8,8,6,9,8
2025/12/25 04:42,Student,Male,7,8,8,7,8,8
2025/12/25 04:42,Student,Female,6,8,8,6,9,8
2025/12/25 04:47,Non-Student,Female,7,8,9,6,9,7
2025/12/25 04:48,Student,Male,7,8,8,7,8,8
2025/12/25 04:48,Student,Male,7,8,8,7,8,8
2025/12/25 04:52,Student,Male,7,8,8,7,8,8
2025/12/25 04:56,Student,Male,7,8,8,7,8,8
2025/12/25 04:59,Student,Male,7,8,8,7,8,8
2025/12/25 05:01,Non-Student,Female,7,8,9,6,9,7
2025/12/25 05:03,Student,Male,7,8,8,7,8,8
2025/12/25 05:04,Student,Male,7,8,8,7,8,8
2025/12/25 05:05,Student,Female,6,8,8,6,9,8
2025/12/25 05:08,Student,Male,7,8,8,7,8,8
2025/12/25 05:08,Student,Male,7,8,8,7,8,8
2025/12/25 05:20,Student,Male,7,8,8,7,8,8
2025/12/25 05:28,Student,Male,7,8,8,7,8,8
2025/12/25 05:32,Student,Female,6,8,8,6,9,8
2025/12/25 05:34,Student,Female,6,8,8,6,9,8
2025/12/25 05:42,Student,Male,7,8,8,7,8,8
2025/12/25 05:48,Student,Male,7,8,8,7,8,8
2025/12/25 05:49,Student,Female,6,8,8,6,9,8
2025/12/25 05:53,Student,Male,7,8,8,7,8,8
2025/12/25 05:54,Student,Female,6,8,8,6,9,8
2025/12/25 05:59,Student,Male,7,8,8,7,8,8
2025/12/25 06:18,Student,Female,6,8,8,6,9,8
2025/12/25 06:18,Student,Male,7,8,8,7,8,8
2025/12/25 06:19,Student,Male,7,8,8,7,8,8
2025/12/25 06:24,Student,Male,7,8,8,7,8,8
2025/12/25 06:29,Student,Male,7,8,8,7,8,8
2025/12/25 06:35,Student,Female,6,8,8,6,9,8
2025/12/25 06:36,Student,Male,7,8,8,7,8,8
2025/12/25 06:43,Student,Male,7,8,8,7,8,8
2025/12/25 06:45,Student,Male,7,8,8,7,8,8
2025/12/25 06:56,Student,Male,7,8,8,7,8,8
2025/12/25 07:17,Student,Male,7,8,8,7,8,8
2025/12/25 07:19,Student,Male,7,8,8,7,8,8
2025/12/25 07:23,Student,Male,7,8,8,7,8,8
2025/12/25 07:24,Student,Female,6,8,8,6,9,8
2025/12/25 07:25,Student,Male,7,8,8,7,8,8
2025/12/25 07:32,Student,Male,7,8,8,7,8,8
2025/12/25 07:36,Student,Male,7,8,8,7,8,8
2025/12/25 07:37,Student,Male,7,8,8,7,8,8
2025/12/25 07:42,Student,Male,7,8,8,7,8,8
2025/12/25 07:47,Student,Male,7,8,8,7,8,8
2025/12/25 07:54,Student,Female,6,8,8,6,9,8
2025/12/25 08:03,Student,Male,7,8,8,7,8,8
2025/12/25 08:07,Student,Male,7,8,8,7,8,8
2025/12/25 08:09,Student,Male,7,8,8,7,8,8
2025/12/25 08:14,Student,Male,7,8,8,7,8,8
2025/12/25 08:21,Student,Female,6,8,8,6,9,8
2025/12/25 08:26,Student,Female,6,8,8,6,9,8
2025/12/25 09:04,Student,Male,7,8,8,7,8,8
2025/12/25 09:09,Student,Male,7,8,8,7,8,8
2025/12/25 09:11,Student,Male,7,8,8,7,8,8
2025/12/25 09:14,Student,Male,7,8,8,7,8,8
2025/12/25 09:16,Student,Female,6,8,8,6,9,8
2025/12/25 09:18,Student,Male,7,8,8,7,8,8
2025/12/25 09:21,Student,Female,6,8,8,6,9,8
2025/12/25 09:23,Student,Male,7,8,8,7,8,8
2025/12/25 09:29,Student,Male,7,8,8,7,8,8
2025/12/25 09:39,Student,Male,7,8,8,7,8,8
2025/12/25 09:54,Student,Female,6,8,8,6,9,8
2025/12/25 10:07,Student,Male,7,8,8,7,8,8
2025/12/25 10:16,Student,Male,7,8,8,7,8,8
2025/12/25 10:20,Student,Male,7,8,8,7,8,8
2025/12/25 10:26,Student,Female,6,8,8,6,9,8
2025/12/25 10:37,Student,Male,7,8,8,7,8,8
2025/12/25 10:41,Student,Other,4,6,6,8,8,4
2025/12/25 10:45,Student,Male,7,8,8,7,8,8
2025/12/25 10:50,Student,Female,6,8,8,6,9,8
2025/12/25 10:52,Student,Female,6,8,8,6,9,8
2025/12/25 10:53,Student,Male,7,8,8,7,8,8
2025/12/25 11:01,Student,Male,7,8,8,7,8,8
2025/12/25 11:02,Student,Male,7,8,8,7,8,8
2025/12/25 11:22,Student,Male,7,8,8,7,8,8
2025/12/25 11:23,Student,Male,7,8,8,7,8,8
2025/12/25 11:32,Student,Female,6,8,8,6,9,8
2025/12/25 11:39,Student,Male,7,8,8,7,8,8
2025/12/25 11:44,Student,Other,4,6,6,8,8,4
2025/12/25 12:08,Student,Male,7,8,8,7,8,8
2025/12/25 12:18,Student,Male,7,8,8,7,8,8
2025/12/25 12:32,Student,Female,6,8,8,6,9,8
2025/12/25 12:39,Student,Male,7,8,8,7,8,8
2025/12/25 12:43,Student,Male,7,8,8,7,8,8
2025/12/25 12:46,Student,Male,7,8,8,7,8,8
2025/12/25 12:47,Student,Male,7,8,8,7,8,8
2025/12/25 12:47,Student,Female,6,8,8,6,9,8
2025/12/25 12:48,Student,Male,7,8,8,7,8,8
2025/12/25 12:54,Student,Male,7,8,8,7,8,8
2025/12/25 13:00,Student,Male,7,8,8,7,8,8
2025/12/25 13:06,Student,Male,7,8,8,7,8,8
2025/12/25 13:08,Student,Female,6,8,8,6,9,8
2025/12/25 13:15,Student,Male,7,8,8,7,8,8
2025/12/25 13:18,Student,Other,4,6,6,8,8,4
2025/12/25 13:28,Student,Male,7,8,8,7,8,8
2025/12/25 13:29,Student,Male,7,8,8,7,8,8
2025/12/25 13:41,Student,Male,7,8,8,7,8,8
2025/12/25 13:49,Student,Female,6,8,8,6,9,8
2025/12/25 13:52,Student,Female,6,8,8,6,9,8
2025/12/25 14:03,Student,Male,7,8,8,7,8,8
2025/12/25 14:05,Student,Female,6,8,8,6,9,8
2025/12/25 14:10,Student,Other,4,6,6,8,8,4
2025/12/25 14:22,Student,Male,7,8,8,7,8,8
2025/12/25 14:23,Student,Male,7,8,8,7,8,8
2025/12/25 14:29,Student,Male,7,8,8,7,8,8
2025/12/25 14:33,Student,Male,7,8,8,7,8,8
2025/12/25 14:37,Student,Female,6,8,8,6,9,8
2025/12/25 14:37,Student,Female,6,8,8,6,9,8
2025/12/25 14:40,Student,Female,6,8,8,6,9,8
2025/12/25 14:40,Student,Male,7,8,8,7,8,8
2025/12/25 14:44,Student,Male,7,8,8,7,8,8
2025/12/25 14:48,Non-Student,Female,7,8,9,6,9,7
2025/12/25 15:06,Student,Female,6,8,8,6,9,8
2025/12/25 15:10,Student,Male,7,8,8,7,8,8
2025/12/25 15:11,Student,Male,7,8,8,7,8,8
2025/12/25 15:19,Student,Male,7,8,8,7,8,8
2025/12/25 15:23,Student,Male,7,8,8,7,8,8
2025/12/25 15:39,Student,Male,7,8,8,7,8,8
2025/12/25 15:53,Student,Male,7,8,8,7,8,8
2025/12/25 16:00,Student,Female,6,8,8,6,9,8
2025/12/25 16:05,Student,Male,7,8,8,7,8,8
2025/12/25 16:09,Student,Male,7,8,8,7,8,8
2025/12/25 16:13,Student,Male,7,8,8,7,8,8
2025/12/25 16:13,Student,Male,7,8,8,7,8,8
2025/12/25 16:16,Student,Male,7,8,8,7,8,8
2025/12/25 16:19,Student,Male,7,8,8,7,8,8
2025/12/25 16:25,Student,Male,7,8,8,7,8,8
2025/12/25 16:28,Student,Male,7,8,8,7,8,8
2025/12/25 16:34,Student,Male,7,8,8,7,8,8
2025/12/25 16:51,Student,Male,7,8,8,7,8,8
2025/12/25 17:05,Student,Female,6,8,8,6,9,8
2025/12/25 17:07,Student,Male,7,8,8,7,8,8
2025/12/25 17:13,Student,Male,7,8,8,7,8,8
2025/12/25 17:16,Non-Student,Male,6,10,10,6,10,6
2025/12/25 17:19,Student,Male,7,8,8,7,8,8
2025/12/25 17:22,Student,Male,7,8,8,7,8,8
2025/12/25 17:25,Student,Male,7,8,8,7,8,8
2025/12/25 17:33,Student,Male,7,8,8,7,8,8
2025/12/25 17:34,Student,Other,4,6,6,8,8,4
2025/12/25 17:41,Student,Female,6,8,8,6,9,8
2025/12/25 17:53,Student,Male,7,8,8,7,8,8
2025/12/25 17:53,Student,Male,7,8,8,7,8,8
2025/12/25 18:01,Student,Male,7,8,8,7,8,8
2025/12/25 18:04,Student,Male,7,8,8,7,8,8
2025/12/25 18:05,Student,Male,7,8,8,7,8,8
2025/12/25 18:17,Non-Student,Male,6,10,10,6,10,6
2025/12/25 18:18,Non-Student,Female,7,8,9,6,9,7
2025/12/25 18:19,Student,Male,7,8,8,7,8,8
2025/12/25 18:29,Student,Male,7,8,8,7,8,8
2025/12/25 18:29,Student,Male,7,8,8,7,8,8
2025/12/25 18:38,Student,Male,7,8,8,7,8,8
2025/12/25 18:42,Student,Male,7,8,8,7,8,8
2025/12/25 18:53,Student,Male,7,8,8,7,8,8
2025/12/25 19:11,Student,Male,7,8,8,7,8,8
2025/12/25 19:14,Student,Female,6,8,8,6,9,8
2025/12/25 19:15,Student,Male,7,8,8,7,8,8
2025/12/25 19:15,Student,Male,7,8,8,7,8,8
2025/12/25 19:20,Student,Male,7,8,8,7,8,8
2025/12/25 19:21,Student,Male,7,8,8,7,8,8
2025/12/25 19:24,Student,Male,7,8,8,7,8,8
2025/12/25 19:31,Student,Male,7,8,8,7,8,8
2025/12/25 19:48,Student,Male,7,8,8,7,8,8
2025/12/25 19:49,Student,Male,7,8,8,7,8,8
2025/12/25 19:51,Student,Male,7,8,8,7,8,8
2025/12/25 19:54,Student,Male,7,8,8,7,8,8
2025/12/25 20:01,Student,Male,7,8,8,7,8,8
2025/12/25 20:08,Student,Male,7,8,8,7,8,8
2025/12/25 20:13,Student,Male,7,8,8,7,8,8
2025/12/25 20:20,Student,Male,7,8,8,7,8,8
2025/12/25 20:23,Student,Male,7,8,8,7,8,8
2025/12/25 20:23,Student,Male,7,8,8,7,8,8
2025/12/25 20:31,Student,Male,7,8,8,7,8,8
2025/12/25 20:46,Student,Male,7,8,8,7,8,8
2025/12/25 20:53,Student,Male,7,8,8,7,8,8
2025/12/25 20:57,Non-Student,Female,7,8,9,6,9,7
2025/12/25 20:59,Student,Male,7,8,8,7,8,8
2025/12/25 21:02,Student,Male,7,8,8,7,8,8
2025/12/25 21:13,Student,Male,7,8,8,7,8,8
2025/12/25 21:20,Student,Female,6,8,8,6,9,8
2025/12/25 21:20,Non-Student,Female,7,8,9,6,9,7
2025/12/25 21:25,Student,Male,7,8,8,7,8,8
2025/12/25 21:27,Student,Male,7,8,8,7,8,8
2025/12/25 21:35,Student,Male,7,8,8,7,8,8
2025/12/25 21:45,Student,Male,7,8,8,7,8,8
2025/12/25 21:46,Student,Male,7,8,8,7,8,8
2025/12/25 21:54,Student,Female,6,8,8,6,9,8
2025/12/25 22:02,Student,Male,7,8,8,7,8,8
2025/12/25 22:05,Student,Male,7,8,8,7,8,8
2025/12/25 22:09,Student,Male,7,8,8,7,8,8
2025/12/25 22:28,Student,Female,6,8,8,6,9,8
2025/12/25 22:35,Student,Male,7,8,8,7,8,8
2025/12/25 22:41,Student,Male,7,8,8,7,8,8
2025/12/25 22:47,Student,Male,7,8,8,7,8,8
2025/12/25 22:49,Student,Female,6,8,8,6,9,8
2025/12/25 22:54,Student,Male,7,8,8,7,8,8
2025/12/25 22:58,Student,Male,7,8,8,7,8,8
2025/12/25 23:00,Student,Male,7,8,8,7,8,8
2025/12/25 23:46,Student,Male,7,8,8,7,8,8
2025/12/25 23:48,Student,Female,6,8,8,6,9,8
2025/12/25 23:56,Student,Male,7,8,8,7,8,8
2025/12/25 23:56,Student,Male,7,8,8,7,8,8
2025/12/26 00:23,Student,Male,7,8,8,7,8,8
2025/12/26 00:28,Student,Male,7,8,8,7,8,8
2025/12/26 00:37,Student,Male,7,8,8,7,8,8
2025/12/26 00:39,Student,Male,7,8,8,7,8,8
2025/12/26 00:53,Student,Male,7,8,8,7,8,8
2025/12/26 00:59,Student,Male,7,8,8,7,8,8
2025/12/26 01:05,Student,Male,7,8,8,7,8,8
2025/12/26 01:05,Student,Male,7,8,8,7,8,8
2025/12/26 01:06,Student,Female,6,8,8,6,9,8
2025/12/26 01:27,Student,Male,7,8,8,7,8,8
2025/12/26 01:30,Student,Female,6,8,8,6,9,8
2025/12/26 01:36,Student,Male,7,8,8,7,8,8
2025/12/26 01:49,Student,Male,7,8,8,7,8,8
2025/12/26 01:51,Student,Male,7,8,8,7,8,8
2025/12/26 01:52,Student,Male,7,8,8,7,8,8
2025/12/26 01:57,Student,Male,7,8,8,7,8,8
2025/12/26 01:59,Student,Male,7,8,8,7,8,8
2025/12/26 02:05,Student,Male,7,8,8,7,8,8
2025/12/26 02:07,Student,Male,7,8,8,7,8,8
2025/12/26 02:11,Student,Male,7,8,8,7,8,8
2025/12/26 02:24,Student,Male,7,8,8,7,8,8
2025/12/26 02:28,Student,Male,7,8,8,7,8,8
2025/12/26 02:31,Student,Male,7,8,8,7,8,8
2025/12/26 02:35,Student,Male,7,8,8,7,8,8
2025/12/26 02:36,Student,Male,7,8,8,7,8,8
2025/12/26 02:40,Student,Female,6,8,8,6,9,8
2025/12/26 02:42,Student,Male,7,8,8,7,8,8
2025/12/26 02:44,Student,Male,7,8,8,7,8,8
2025/12/26 02:48,Student,Male,7,8,8,7,8,8
2025/12/26 02:49,Non-Student,Male,6,10,10,6,10,6
2025/12/26 02:52,Student,Male,7,8,8,7,8,8
2025/12/26 02:54,Student,Male,7,8,8,7,8,8
2025/12/26 02:54,Student,Male,7,8,8,7,8,8
2025/12/26 02:54,Student,Male,7,8,8,7,8,8
2025/12/26 03:04,Student,Male,7,8,8,7,8,8
2025/12/26 03:17,Student,Male,7,8,8,7,8,8
2025/12/26 03:33,Student,Male,7,8,8,7,8,8
2025/12/26 03:42,Student,Male,7,8,8,7,8,8
2025/12/26 03:45,Student,Male,7,8,8,7,8,8
2025/12/26 03:47,Student,Male,7,8,8,7,8,8
2025/12/26 03:47,Student,Female,6,8,8,6,9,8
2025/12/26 03:53,Non-Student,Female,7,8,9,6,9,7
2025/12/26 03:53,Student,Male,7,8,8,7,8,8
2025/12/26 04:08,Student,Male,7,8,8,7,8,8
2025/12/26 04:13,Student,Male,7,8,8,7,8,8
2025/12/26 04:23,Student,Female,6,8,8,6,9,8
2025/12/26 04:31,Student,Male,7,8,8,7,8,8
2025/12/26 04:51,Student,Male,7,8,8,7,8,8
2025/12/26 05:10,Student,Male,7,8,8,7,8,8
2025/12/26 05:11,Student,Female,6,8,8,6,9,8
2025/12/26 05:14,Student,Female,6,8,8,6,9,8
2025/12/26 05:17,Student,Male,7,8,8,7,8,8
2025/12/26 05:19,Student,Female,6,8,8,6,9,8
2025/12/26 05:27,Student,Male,7,8,8,7,8,8
2025/12/26 05:31,Student,Male,7,8,8,7,8,8
2025/12/26 05:32,Student,Male,7,8,8,7,8,8
2025/12/26 05:33,Non-Student,Female,7,8,9,6,9,7
2025/12/26 05:36,Student,Female,6,8,8,6,9,8
2025/12/26 05:39,Student,Male,7,8,8,7,8,8
2025/12/26 05:56,Student,Male,7,8,8,7,8,8
2025/12/26 05:56,Non-Student,Female,7,8,9,6,9,7
2025/12/26 05:58,Student,Female,6,8,8,6,9,8
2025/12/26 06:22,Student,Male,7,8,8,7,8,8
2025/12/26 06:24,Student,Female,6,8,8,6,9,8
2025/12/26 06:45,Student,Male,7,8,8,7,8,8
2025/12/26 07:06,Student,Male,7,8,8,7,8,8
2025/12/26 07:07,Student,Male,7,8,8,7,8,8
2025/12/26 07:07,Student,Male,7,8,8,7,8,8
2025/12/26 07:10,Student,Male,7,8,8,7,8,8
2025/12/26 07:23,Non-Student,Male,6,10,10,6,10,6
2025/12/26 07:26,Student,Male,7,8,8,7,8,8
2025/12/26 07:26,Student,Male,7,8,8,7,8,8
2025/12/26 07:33,Student,Male,7,8,8,7,8,8
2025/12/26 07:33,Student,Female,6,8,8,6,9,8
2025/12/26 07:50,Student,Male,7,8,8,7,8,8
2025/12/26 07:54,Student,Male,7,8,8,7,8,8
2025/12/26 07:57,Non-Student,Male,6,10,10,6,10,6
2025/12/26 08:04,Student,Male,7,8,8,7,8,8
2025/12/26 08:10,Student,Female,6,8,8,6,9,8
2025/12/26 08:25,Student,Other,4,6,6,8,8,4
2025/12/26 08:28,Student,Male,7,8,8,7,8,8
2025/12/26 08:40,Student,Female,6,8,8,6,9,8
2025/12/26 08:45,Student,Male,7,8,8,7,8,8
2025/12/26 08:56,Student,Female,6,8,8,6,9,8
2025/12/26 09:03,Student,Male,7,8,8,7,8,8
2025/12/26 09:04,Student,Male,7,8,8,7,8,8
2025/12/26 09:19,Student,Male,7,8,8,7,8,8
2025/12/26 09:33,Student,Male,7,8,8,7,8,8
2025/12/26 09:35,Student,Male,7,8,8,7,8,8
2025/12/26 09:35,Student,Male,7,8,8,7,8,8
2025/12/26 09:37,Student,Male,7,8,8,7,8,8
2025/12/26 09:37,Student,Male,7,8,8,7,8,8
2025/12/26 09:39,Student,Male,7,8,8,7,8,8
2025/12/26 09:44,Student,Male,7,8,8,7,8,8
2025/12/26 10:02,Student,Male,7,8,8,7,8,8
2025/12/26 10:03,Student,Female,6,8,8,6,9,8
2025/12/26 10:05,Student,Female,6,8,8,6,9,8
2025/12/26 10:07,Student,Male,7,8,8,7,8,8
2025/12/26 10:23,Student,Female,6,8,8,6,9,8
2025/12/26 10:23,Student,Male,7,8,8,7,8,8
2025/12/26 10:25,Student,Other,4,6,6,8,8,4
2025/12/26 10:36,Student,Other,4,6,6,8,8,4
2025/12/26 10:46,Student,Male,7,8,8,7,8,8
2025/12/26 10:56,Student,Male,7,8,8,7,8,8
2025/12/26 11:12,Student,Female,6,8,8,6,9,8
2025/12/26 11:14,Student,Male,7,8,8,7,8,8
2025/12/26 11:24,Student,Male,7,8,8,7,8,8
2025/12/26 11:26,Student,Male,7,8,8,7,8,8
2025/12/26 11:43,Student,Female,6,8,8,6,9,8
2025/12/26 11:44,Student,Male,7,8,8,7,8,8
2025/12/26 12:02,Student,Male,7,8,8,7,8,8
2025/12/26 12:10,Student,Male,7,8,8,7,8,8
2025/12/26 12:16,Student,Male,7,8,8,7,8,8
2025/12/26 12:22,Student,Male,7,8,8,7,8,8
2025/12/26 12:27,Student,Female,6,8,8,6,9,8
2025/12/26 12:32,Student,Female,6,8,8,6,9,8
2025/12/26 12:37,Student,Female,6,8,8,6,9,8
2025/12/26 12:38,Student,Male,7,8,8,7,8,8
2025/12/26 12:46,Student,Male,7,8,8,7,8,8
2025/12/26 12:48,Student,Male,7,8,8,7,8,8
2025/12/26 12:55,Student,Male,7,8,8,7,8,8
2025/12/26 13:03,Student,Male,7,8,8,7,8,8
2025/12/26 13:03,Student,Female,6,8,8,6,9,8
2025/12/26 13:07,Student,Male,7,8,8,7,8,8
2025/12/26 13:18,Non-Student,Female,7,8,9,6,9,7
2025/12/26 13:23,Student,Male,7,8,8,7,8,8
2025/12/26 13:27,Student,Female,6,8,8,6,9,8
2025/12/26 13:47,Student,Male,7,8,8,7,8,8
2025/12/26 13:48,Student,Male,7,8,8,7,8,8
2025/12/26 13:48,Student,Female,6,8,8,6,9,8
2025/12/26 13:56,Student,Male,7,8,8,7,8,8
2025/12/26 14:01,Student,Male,7,8,8,7,8,8
2025/12/26 14:06,Student,Male,7,8,8,7,8,8
2025/12/26 14:07,Student,Male,7,8,8,7,8,8
2025/12/26 14:15,Student,Male,7,8,8,7,8,8
2025/12/26 14:39,Student,Male,7,8,8,7,8,8
2025/12/26 14:40,Student,Male,7,8,8,7,8,8
2025/12/26 14:42,Student,Male,7,8,8,7,8,8
2025/12/26 14:45,Student,Male,7,8,8,7,8,8
2025/12/26 15:03,Student,Female,6,8,8,6,9,8
2025/12/26 15:13,Student,Male,7,8,8,7,8,8
2025/12/26 15:24,Student,Male,7,8,8,7,8,8
2025/12/26 15:35,Student,Male,7,8,8,7,8,8
2025/12/26 15:36,Student,Male,7,8,8,7,8,8
2025/12/26 15:39,Student,Male,7,8,8,7,8,8
2025/12/26 15:50,Student,Male,7,8,8,7,8,8
2025/12/26 15:53,Student,Male,7,8,8,7,8,8
2025/12/26 15:55,Student,Male,7,8,8,7,8,8
2025/12/26 16:07,Student,Male,7,8,8,7,8,8
2025/12/26 16:11,Student,Male,7,8,8,7,8,8
2025/12/26 16:29,Student,Male,7,8,8,7,8,8
2025/12/26 16:42,Student,Female,6,8,8,6,9,8
2025/12/26 16:51,Student,Female,6,8,8,6,9,8
2025/12/26 16:51,Student,Female,6,8,8,6,9,8
2025/12/26 16:54,Student,Male,7,8,8,7,8,8
2025/12/26 17:11,Student,Female,6,8,8,6,9,8
2025/12/26 17:12,Student,Female,6,8,8,6,9,8
2025/12/26 17:15,Student,Male,7,8,8,7,8,8
2025/12/26 17:18,Student,Male,7,8,8,7,8,8
2025/12/26 17:21,Student,Male,7,8,8,7,8,8
2025/12/26 17:24,Student,Female,6,8,8,6,9,8
2025/12/26 17:33,Student,Male,7,8,8,7,8,8
2025/12/26 17:35,Student,Male,7,8,8,7,8,8
2025/12/26 18:06,Student,Male,7,8,8,7,8,8
2025/12/26 18:07,Student,Male,7,8,8,7,8,8
2025/12/26 18:08,Student,Male,7,8,8,7,8,8
2025/12/26 18:17,Student,Male,7,8,8,7,8,8
2025/12/26 18:18,Student,Male,7,8,8,7,8,8
2025/12/26 18:20,Student,Female,6,8,8,6,9,8
2025/12/26 18:26,Student,Male,7,8,8,7,8,8
2025/12/26 18:27,Student,Female,6,8,8,6,9,8
2025/12/26 18:33,Student,Male,7,8,8,7,8,8
2025/12/26 18:35,Non-Student,Female,7,8,9,6,9,7
2025/12/26 18:42,Student,Other,4,6,6,8,8,4
2025/12/26 18:44,Student,Female,6,8,8,6,9,8
2025/12/26 18:58,Student,Male,7,8,8,7,8,8
2025/12/26 19:01,Student,Male,7,8,8,7,8,8
2025/12/26 19:04,Student,Male,7,8,8,7,8,8
2025/12/26 19:09,Student,Female,6,8,8,6,9,8
2025/12/26 19:22,Student,Male,7,8,8,7,8,8
2025/12/26 19:24,Student,Male,7,8,8,7,8,8
2025/12/26 19:32,Student,Female,6,8,8,6,9,8
2025/12/26 19:35,Student,Female,6,8,8,6,9,8
2025/12/26 19:42,Student,Male,7,8,8,7,8,8
2025/12/26 19:46,Student,Female,6,8,8,6,9,8
2025/12/26 19:55,Student,Female,6,8,8,6,9,8
2025/12/26 20:01,Student,Male,7,8,8,7,8,8
2025/12/26 20:04,Student,Male,7,8,8,7,8,8
2025/12/26 20:05,Student,Male,7,8,8,7,8,8
2025/12/26 20:07,Student,Male,7,8,8,7,8,8
2025/12/26 20:22,Student,Male,7,8,8,7,8,8
2025/12/26 20:29,Student,Male,7,8,8,7,8,8
2025/12/26 20:34,Student,Female,6,8,8,6,9,8
2025/12/26 20:42,Student,Male,7,8,8,7,8,8
2025/12/26 20:46,Student,Male,7,8,8,7,8,8
2025/12/26 20:59,Student,Male,7,8,8,7,8,8
2025/12/26 21:09,Student,Male,7,8,8,7,8,8
2025/12/26 21:13,Student,Male,7,8,8,7,8,8
2025/12/26 21:13,Student,Female,6,8,8,6,9,8
2025/12/26 21:15,Student,Female,6,8,8,6,9,8
2025/12/26 21:31,Student,Male,7,8,8,7,8,8
2025/12/26 21:50,Student,Male,7,8,8,7,8,8
2025/12/26 21:50,Student,Male,7,8,8,7,8,8
2025/12/26 22:02,Student,Male,7,8,8,7,8,8
2025/12/26 22:04,Student,Male,7,8,8,7,8,8
2025/12/26 22:07,Student,Male,7,8,8,7,8,8
2025/12/26 22:10,Student,Male,7,8,8,7,8,8
2025/12/26 22:12,Student,Male,7,8,8,7,8,8
2025/12/26 22:18,Student,Male,7,8,8,7,8,8
2025/12/26 22:20,Student,Female,6,8,8,6,9,8
2025/12/26 22:23,Student,Male,7,8,8,7,8,8
2025/12/26 22:25,Student,Male,7,8,8,7,8,8
2025/12/26 22:39,Student,Male,7,8,8,7,8,8
2025/12/26 22:54,Student,Male,7,8,8,7,8,8
2025/12/26 22:55,Student,Female,6,8,8,6,9,8
2025/12/26 22:56,Student,Male,7,8,8,7,8,8
2025/12/26 22:57,Student,Female,6,8,8,6,9,8
2025/12/26 22:58,Student,Male,7,8,8,7,8,8
2025/12/26 23:13,Student,Male,7,8,8,7,8,8
2025/12/26 23:13,Student,Male,7,8,8,7,8,8
2025/12/26 23:16,Student,Male,7,8,8,7,8,8
2025/12/26 23:24,Student,Male,7,8,8,7,8,8
2025/12/26 23:24,Student,Male,7,8,8,7,8,8
2025/12/26 23:25,Student,Male,7,8,8,7,8,8
2025/12/26 23:37,Student,Female,6,8,8,6,9,8
2025/12/26 23:50,Student,Male,7,8,8,7,8,8
2025/12/27 00:02,Student,Female,6,8,8,6,9,8
2025/12/27 00:04,Student,Male,7,8,8,7,8,8
2025/12/27 00:15,Student,Female,6,8,8,6,9,8
2025/12/27 00:16,Student,Male,7,8,8,7,8,8
2025/12/27 00:21,Student,Male,7,8,8,7,8,8
2025/12/27 00:28,Student,Female,6,8,8,6,9,8
2025/12/27 00:34,Student,Male,7,8,8,7,8,8
2025/12/27 00:34,Student,Male,7,8,8,7,8,8
2025/12/27 00:40,Student,Male,7,8,8,7,8,8
2025/12/27 00:42,Student,Male,7,8,8,7,8,8
2025/12/27 00:45,Student,Male,7,8,8,7,8,8
2025/12/27 01:08,Student,Male,7,8,8,7,8,8
2025/12/27 01:10,Student,Male,7,8,8,7,8,8
2025/12/27 01:16,Student,Male,7,8,8,7,8,8
2025/12/27 01:16,Student,Male,7,8,8,7,8,8
2025/12/27 01:19,Student,Male,7,8,8,7,8,8
2025/12/27 01:26,Student,Male,7,8,8,7,8,8
2025/12/27 01:44,Student,Male,7,8,8,7,8,8
2025/12/27 01:46,Student,Male,7,8,8,7,8,8
2025/12/27 01:47,Student,Male,7,8,8,7,8,8
2025/12/27 01:55,Student,Male,7,8,8,7,8,8
2025/12/27 02:12,Student,Male,7,8,8,7,8,8
2025/12/27 02:27,Student,Male,7,8,8,7,8,8
2025/12/27 02:27,Student,Male,7,8,8,7,8,8
2025/12/27 02:44,Student,Male,7,8,8,7,8,8
2025/12/27 02:57,Student,Female,6,8,8,6,9,8
2025/12/27 02:58,Student,Male,7,8,8,7,8,8
2025/12/27 03:07,Student,Male,7,8,8,7,8,8
2025/12/27 03:11,Student,Female,6,8,8,6,9,8
2025/12/27 03:17,Student,Female,6,8,8,6,9,8
2025/12/27 03:17,Student,Female,6,8,8,6,9,8
2025/12/27 03:20,Student,Male,7,8,8,7,8,8
2025/12/27 03:21,Student,Male,7,8,8,7,8,8
2025/12/27 03:21,Student,Male,7,8,8,7,8,8
2025/12/27 03:31,Student,Male,7,8,8,7,8,8
2025/12/27 03:40,Student,Male,7,8,8,7,8,8
2025/12/27 03:47,Student,Male,7,8,8,7,8,8
2025/12/27 03:59,Student,Male,7,8,8,7,8,8
2025/12/27 04:19,Student,Male,7,8,8,7,8,8
2025/12/27 04:21,Student,Male,7,8,8,7,8,8
2025/12/27 04:23,Student,Male,7,8,8,7,8,8
2025/12/27 04:28,Student,Male,7,8,8,7,8,8
2025/12/27 04:40,Student,Male,7,8,8,7,8,8
2025/12/27 04:43,Student,Female,6,8,8,6,9,8
2025/12/27 04:48,Student,Male,7,8,8,7,8,8
2025/12/27 04:59,Non-Student,Female,7,8,9,6,9,7
2025/12/27 05:12,Student,Male,7,8,8,7,8,8
2025/12/27 05:16,Student,Male,7,8,8,7,8,8
2025/12/27 05:19,Student,Male,7,8,8,7,8,8
2025/12/27 05:27,Student,Male,7,8,8,7,8,8
2025/12/27 05:33,Student,Male,7,8,8,7,8,8
2025/12/27 05:46,Student,Male,7,8,8,7,8,8
2025/12/27 05:47,Non-Student,Male,6,10,10,6,10,6
2025/12/27 05:51,Student,Male,7,8,8,7,8,8
2025/12/27 06:01,Student,Male,7,8,8,7,8,8
2025/12/27 06:05,Student,Male,7,8,8,7,8,8
2025/12/27 06:09,Student,Male,7,8,8,7,8,8
2025/12/27 06:12,Student,Male,7,8,8,7,8,8
2025/12/27 06:23,Student,Male,7,8,8,7,8,8
2025/12/27 06:23,Student,Female,6,8,8,6,9,8
2025/12/27 06:25,Student,Male,7,8,8,7,8,8
2025/12/27 06:29,Student,Female,6,8,8,6,9,8
2025/12/27 06:30,Student,Male,7,8,8,7,8,8
2025/12/27 06:40,Student,Female,6,8,8,6,9,8
2025/12/27 06:51,Student,Female,6,8,8,6,9,8
2025/12/27 06:56,Student,Male,7,8,8,7,8,8
2025/12/27 06:58,Student,Male,7,8,8,7,8,8
2025/12/27 07:04,Student,Female,6,8,8,6,9,8
2025/12/27 07:14,Student,Female,6,8,8,6,9,8
2025/12/27 07:22,Student,Male,7,8,8,7,8,8
2025/12/27 07:33,Student,Male,7,8,8,7,8,8
2025/12/27 07:37,Student,Male,7,8,8,7,8,8
2025/12/27 07:41,Student,Male,7,8,8,7,8,8
2025/12/27 07:42,Student,Male,7,8,8,7,8,8
2025/12/27 07:43,Student,Male,7,8,8,7,8,8
2025/12/27 07:51,Student,Male,7,8,8,7,8,8
2025/12/27 07:53,Student,Female,6,8,8,6,9,8
2025/12/27 08:02,Student,Male,7,8,8,7,8,8
2025/12/27 08:03,Student,Male,7,8,8,7,8,8
2025/12/27 08:09,Student,Male,7,8,8,7,8,8
2025/12/27 08:15,Student,Female,6,8,8,6,9,8
2025/12/27 08:18,Student,Male,7,8,8,7,8,8
2025/12/27 08:22,Non-Student,Female,7,8,9,6,9,7
2025/12/27 08:39,Student,Male,7,8,8,7,8,8
2025/12/27 08:40,Student,Female,6,8,8,6,9,8
2025/12/27 08:48,Student,Male,7,8,8,7,8,8
2025/12/27 08:49,Student,Male,7,8,8,7,8,8
2025/12/27 09:04,Student,Female,6,8,8,6,9,8
2025/12/27 09:06,Student,Male,7,8,8,7,8,8
2025/12/27 09:10,Student,Female,6,8,8,6,9,8
2025/12/27 09:10,Student,Male,7,8,8,7,8,8
2025/12/27 09:21,Student,Male,7,8,8,7,8,8
2025/12/27 09:25,Student,Male,7,8,8,7,8,8
2025/12/27 09:34,Student,Female,6,8,8,6,9,8
2025/12/27 09:35,Student,Male,7,8,8,7,8,8
2025/12/27 09:49,Student,Male,7,8,8,7,8,8
2025/12/27 09:53,Student,Male,7,8,8,7,8,8
2025/12/27 10:08,Student,Male,7,8,8,7,8,8
2025/12/27 10:13,Student,Male,7,8,8,7,8,8
2025/12/27 10:15,Student,Male,7,8,8,7,8,8
2025/12/27 10:21,Student,Male,7,8,8,7,8,8
2025/12/27 10:23,Student,Male,7,8,8,7,8,8
2025/12/27 10:28,Student,Female,6,8,8,6,9,8
2025/12/27 10:42,Student,Male,7,8,8,7,8,8
2025/12/27 10:51,Student,Female,6,8,8,6,9,8
2025/12/27 10:57,Student,Male,7,8,8,7,8,8
2025/12/27 11:10,Student,Female,6,8,8,6,9,8
2025/12/27 11:17,Student,Male,7,8,8,7,8,8
2025/12/27 11:34,Student,Male,7,8,8,7,8,8
2025/12/27 11:39,Student,Female,6,8,8,6,9,8
2025/12/27 11:44,Student,Male,7,8,8,7,8,8
2025/12/27 11:45,Student,Male,7,8,8,7,8,8
2025/12/27 12:09,Student,Male,7,8,8,7,8,8
2025/12/27 12:10,Student,Male,7,8,8,7,8,8
2025/12/27 12:14,Student,Male,7,8,8,7,8,8
2025/12/27 12:16,Student,Male,7,8,8,7,8,8
2025/12/27 12:16,Student,Male,7,8,8,7,8,8
2025/12/27 12:22,Student,Female,6,8,8,6,9,8
2025/12/27 12:25,Student,Male,7,8,8,7,8,8
2025/12/27 12:26,Student,Male,7,8,8,7,8,8
2025/12/27 12:29,Student,Male,7,8,8,7,8,8
2025/12/27 12:32,Student,Male,7,8,8,7,8,8
2025/12/27 12:39,Student,Male,7,8,8,7,8,8
2025/12/27 12:47,Student,Female,6,8,8,6,9,8
2025/12/27 12:54,Student,Male,7,8,8,7,8,8
2025/12/27 12:55,Student,Female,6,8,8,6,9,8
2025/12/27 12:57,Student,Male,7,8,8,7,8,8
2025/12/27 13:09,Student,Male,7,8,8,7,8,8
2025/12/27 13:10,Student,Female,6,8,8,6,9,8
2025/12/27 13:10,Student,Male,7,8,8,7,8,8
2025/12/27 13:10,Student,Male,7,8,8,7,8,8
2025/12/27 13:23,Student,Male,7,8,8,7,8,8
2025/12/27 13:31,Student,Male,7,8,8,7,8,8
2025/12/27 13:31,Student,Male,7,8,8,7,8,8
2025/12/27 13:46,Student,Male,7,8,8,7,8,8
2025/12/27 13:50,Student,Female,6,8,8,6,9,8
2025/12/27 13:55,Student,Male,7,8,8,7,8,8
2025/12/27 14:07,Student,Male,7,8,8,7,8,8
2025/12/27 14:11,Student,Male,7,8,8,7,8,8
2025/12/27 14:22,Student,Male,7,8,8,7,8,8
2025/12/27 14:36,Student,Male,7,8,8,7,8,8
2025/12/27 14:39,Student,Male,7,8,8,7,8,8
2025/12/27 14:54,Student,Male,7,8,8,7,8,8
2025/12/27 15:09,Student,Male,7,8,8,7,8,8
2025/12/27 15:24,Student,Male,7,8,8,7,8,8
2025/12/27 15:27,Student,Male,7,8,8,7,8,8
2025/12/27 15:29,Student,Male,7,8,8,7,8,8
2025/12/27 15:38,Student,Male,7,8,8,7,8,8
2025/12/27 15:47,Student,Male,7,8,8,7,8,8
2025/12/27 15:52,Student,Female,6,8,8,6,9,8
2025/12/27 15:58,Student,Male,7,8,8,7,8,8
2025/12/27 16:01,Student,Male,7,8,8,7,8,8
2025/12/27 16:05,Student,Male,7,8,8,7,8,8
2025/12/27 16:07,Student,Male,7,8,8,7,8,8
2025/12/27 16:10,Student,Male,7,8,8,7,8,8
2025/12/27 16:12,Student,Male,7,8,8,7,8,8
2025/12/27 16:22,Student,Male,7,8,8,7,8,8
2025/12/27 16:36,Student,Male,7,8,8,7,8,8
2025/12/27 16:37,Student,Male,7,8,8,7,8,8
2025/12/27 16:40,Student,Male,7,8,8,7,8,8
2025/12/27 16:54,Student,Male,7,8,8,7,8,8
2025/12/27 16:57,Student,Female,6,8,8,6,9,8
2025/12/27 17:11,Student,Male,7,8,8,7,8,8
2025/12/27 17:12,Student,Male,7,8,8,7,8,8
2025/12/27 17:19,Student,Female,6,8,8,6,9,8
2025/12/27 17:25,Student,Male,7,8,8,7,8,8
2025/12/27 17:33,Non-Student,Female,7,8,9,6,9,7
2025/12/27 17:43,Student,Male,7,8,8,7,8,8
2025/12/27 17:44,Student,Female,6,8,8,6,9,8
2025/12/27 17:48,Student,Female,6,8,8,6,9,8
2025/12/27 18:00,Student,Female,6,8,8,6,9,8
2025/12/27 18:01,Student,Male,7,8,8,7,8,8
2025/12/27 18:22,Student,Male,7,8,8,7,8,8
2025/12/27 18:25,Student,Male,7,8,8,7,8,8
2025/12/27 18:33,Student,Male,7,8,8,7,8,8
2025/12/27 18:35,Non-Student,Female,7,8,9,6,9,7
2025/12/27 18:41,Student,Male,7,8,8,7,8,8
2025/12/27 18:43,Student,Male,7,8,8,7,8,8
2025/12/27 18:44,Student,Male,7,8,8,7,8,8
2025/12/27 18:50,Student,Female,6,8,8,6,9,8
2025/12/27 18:54,Student,Male,7,8,8,7,8,8
2025/12/27 18:54,Student,Male,7,8,8,7,8,8
2025/12/27 19:02,Student,Female,6,8,8,6,9,8
2025/12/27 19:06,Student,Female,6,8,8,6,9,8
2025/12/27 19:12,Student,Male,7,8,8,7,8,8
2025/12/27 19:15,Student,Male,7,8,8,7,8,8
2025/12/27 19:16,Student,Male,7,8,8,7,8,8
2025/12/27 19:16,Student,Male,7,8,8,7,8,8
2025/12/27 19:17,Student,Male,7,8,8,7,8,8
2025/12/27 19:23,Student,Male,7,8,8,7,8,8
2025/12/27 19:24,Student,Male,7,8,8,7,8,8
2025/12/27 19:29,Student,Male,7,8,8,7,8,8
2025/12/27 19:33,Student,Male,7,8,8,7,8,8
2025/12/27 19:34,Student,Female,6,8,8,6,9,8
2025/12/27 19:41,Student,Male,7,8,8,7,8,8
2025/12/27 19:42,Student,Male,7,8,8,7,8,8
2025/12/27 19:42,Student,Male,7,8,8,7,8,8
2025/12/27 19:55,Student,Male,7,8,8,7,8,8
2025/12/27 20:11,Student,Male,7,8,8,7,8,8
2025/12/27 20:11,Student,Male,7,8,8,7,8,8
2025/12/27 20:13,Student,Male,7,8,8,7,8,8
2025/12/27 20:14,Student,Male,7,8,8,7,8,8
2025/12/27 20:16,Student,Male,7,8,8,7,8,8
2025/12/27 20:24,Non-Student,Female,7,8,9,6,9,7
2025/12/27 20:42,Student,Male,7,8,8,7,8,8
2025/12/27 20:47,Student,Female,6,8,8,6,9,8
2025/12/27 20:53,Student,Male,7,8,8,7,8,8
2025/12/27 21:03,Student,Female,6,8,8,6,9,8
2025/12/27 21:05,Student,Male,7,8,8,7,8,8
2025/12/27 21:06,Student,Male,7,8,8,7,8,8
2025/12/27 21:08,Student,Male,7,8,8,7,8,8
2025/12/27 21:15,Student,Male,7,8,8,7,8,8
2025/12/27 21:17,Student,Male,7,8,8,7,8,8
2025/12/27 21:20,Student,Male,7,8,8,7,8,8
2025/12/27 21:21,Student,Male,7,8,8,7,8,8
2025/12/27 21:24,Student,Male,7,8,8,7,8,8
2025/12/27 21:34,Student,Male,7,8,8,7,8,8
2025/12/27 21:42,Student,Male,7,8,8,7,8,8
2025/12/27 21:44,Student,Male,7,8,8,7,8,8
2025/12/27 21:45,Student,Female,6,8,8,6,9,8
2025/12/27 21:46,Student,Male,7,8,8,7,8,8
2025/12/27 21:46,Student,Male,7,8,8,7,8,8
2025/12/27 22:11,Student,Other,4,6,6,8,8,4
2025/12/27 22:11,Student,Male,7,8,8,7,8,8
2025/12/27 22:13,Student,Female,6,8,8,6,9,8
2025/12/27 22:14,Student,Male,7,8,8,7,8,8
2025/12/27 22:24,Student,Male,7,8,8,7,8,8
2025/12/27 22:24,Student,Male,7,8,8,7,8,8
2025/12/27 22:37,Student,Male,7,8,8,7,8,8
2025/12/27 22:44,Student,Female,6,8,8,6,9,8
2025/12/27 22:48,Student,Male,7,8,8,7,8,8
2025/12/27 22:57,Student,Male,7,8,8,7,8,8
2025/12/27 23:01,Student,Male,7,8,8,7,8,8
2025/12/27 23:03,Student,Male,7,8,8,7,8,8
2025/12/27 23:03,Student,Male,7,8,8,7,8,8
2025/12/27 23:04,Student,Female,6,8,8,6,9,8
2025/12/27 23:04,Student,Female,6,8,8,6,9,8
2025/12/27 23:05,Student,Male,7,8,8,7,8,8
2025/12/27 23:06,Student,Male,7,8,8,7,8,8
2025/12/27 23:22,Student,Male,7,8,8,7,8,8
2025/12/27 23:23,Student,Female,6,8,8,6,9,8
2025/12/27 23:29,Student,Female,6,8,8,6,9,8
2025/12/27 23:29,Student,Male,7,8,8,7,8,8
2025/12/27 23:37,Student,Male,7,8,8,7,8,8
2025/12/27 23:38,Student,Male,7,8,8,7,8,8
2025/12/27 23:43,Student,Male,7,8,8,7,8,8
2025/12/27 23:51,Student,Male,7,8,8,7,8,8
2025/12/27 23:53,Student,Female,6,8,8,6,9,8
2025/12/28 00:01,Student,Female,6,8,8,6,9,8
2025/12/28 00:03,Student,Female,6,8,8,6,9,8
2025/12/28 00:11,Student,Female,6,8,8,6,9,8
2025/12/28 00:16,Student,Male,7,8,8,7,8,8
2025/12/28 00:17,Student,Male,7,8,8,7,8,8
2025/12/28 00:39,Student,Female,6,8,8,6,9,8
2025/12/28 00:44,Student,Male,7,8,8,7,8,8
2025/12/28 00:47,Student,Male,7,8,8,7,8,8
2025/12/28 00:49,Student,Male,7,8,8,7,8,8
2025/12/28 00:50,Student,Male,7,8,8,7,8,8
2025/12/28 01:06,Student,Male,7,8,8,7,8,8
2025/12/28 01:07,Student,Male,7,8,8,7,8,8
2025/12/28 01:26,Student,Male,7,8,8,7,8,8
2025/12/28 01:27,Student,Female,6,8,8,6,9,8
2025/12/28 01:28,Student,Female,6,8,8,6,9,8
2025/12/28 01:33,Student,Male,7,8,8,7,8,8
2025/12/28 01:41,Student,Male,7,8,8,7,8,8
2025/12/28 01:46,Student,Male,7,8,8,7,8,8
2025/12/28 01:54,Student,Female,6,8,8,6,9,8
2025/12/28 02:23,Student,Male,7,8,8,7,8,8
2025/12/28 02:28,Student,Male,7,8,8,7,8,8
2025/12/28 02:38,Student,Female,6,8,8,6,9,8
2025/12/28 02:39,Student,Female,6,8,8,6,9,8
2025/12/28 02:43,Student,Male,7,8,8,7,8,8
2025/12/28 02:45,Student,Male,7,8,8,7,8,8
2025/12/28 03:19,Student,Male,7,8,8,7,8,8
2025/12/28 03:24,Student,Female,6,8,8,6,9,8
2025/12/28 03:25,Student,Male,7,8,8,7,8,8
2025/12/28 03:27,Student,Female,6,8,8,6,9,8
2025/12/28 03:27,Student,Male,7,8,8,7,8,8
2025/12/28 03:27,Student,Male,7,8,8,7,8,8
2025/12/28 03:47,Student,Male,7,8,8,7,8,8
2025/12/28 03:50,Student,Male,7,8,8,7,8,8
2025/12/28 03:52,Student,Male,7,8,8,7,8,8
2025/12/28 04:22,Student,Male,7,8,8,7,8,8
2025/12/28 04:23,Student,Male,7,8,8,7,8,8
2025/12/28 04:26,Student,Female,6,8,8,6,9,8
2025/12/28 04:30,Student,Female,6,8,8,6,9,8
2025/12/28 04:34,Student,Male,7,8,8,7,8,8
2025/12/28 04:35,Student,Female,6,8,8,6,9,8
2025/12/28 04:35,Student,Male,7,8,8,7,8,8
2025/12/28 04:49,Student,Male,7,8,8,7,8,8
2025/12/28 04:50,Student,Male,7,8,8,7,8,8
2025/12/28 04:50,Student,Female,6,8,8,6,9,8
2025/12/28 04:57,Student,Male,7,8,8,7,8,8
2025/12/28 04:59,Student,Male,7,8,8,7,8,8
2025/12/28 05:04,Student,Male,7,8,8,7,8,8
2025/12/28 05:10,Student,Male,7,8,8,7,8,8
2025/12/28 05:13,Student,Female,6,8,8,6,9,8
2025/12/28 05:31,Student,Female,6,8,8,6,9,8
2025/12/28 05:34,Student,Male,7,8,8,7,8,8
2025/12/28 05:38,Student,Other,4,6,6,8,8,4
2025/12/28 05:46,Student,Male,7,8,8,7,8,8
2025/12/28 05:50,Student,Female,6,8,8,6,9,8
2025/12/28 05:52,Student,Male,7,8,8,7,8,8
2025/12/28 05:55,Student,Male,7,8,8,7,8,8
2025/12/28 05:57,Student,Male,7,8,8,7,8,8
2025/12/28 06:00,Student,Male,7,8,8,7,8,8
2025/12/28 06:02,Student,Male,7,8,8,7,8,8
2025/12/28 06:04,Student,Male,7,8,8,7,8,8
2025/12/28 06:08,Student,Male,7,8,8,7,8,8
2025/12/28 06:10,Student,Male,7,8,8,7,8,8
2025/12/28 06:16,Student,Male,7,8,8,7,8,8
2025/12/28 06:25,Student,Female,6,8,8,6,9,8
2025/12/28 06:25,Student,Male,7,8,8,7,8,8
2025/12/28 06:30,Student,Male,7,8,8,7,8,8
2025/12/28 06:44,Student,Male,7,8,8,7,8,8
2025/12/28 06:58,Student,Male,7,8,8,7,8,8
2025/12/28 07:00,Student,Female,6,8,8,6,9,8
2025/12/28 07:04,Student,Male,7,8,8,7,8,8
2025/12/28 07:16,Student,Female,6,8,8,6,9,8
2025/12/28 07:16,Student,Male,7,8,8,7,8,8
2025/12/28 07:25,Student,Male,7,8,8,7,8,8
2025/12/28 07:28,Student,Male,7,8,8,7,8,8
2025/12/28 07:29,Student,Male,7,8,8,7,8,8
2025/12/28 07:30,Student,Male,7,8,8,7,8,8
2025/12/28 07:35,Student,Male,7,8,8,7,8,8
2025/12/28 07:36,Student,Male,7,8,8,7,8,8
2025/12/28 07:40,Student,Female,6,8,8,6,9,8
2025/12/28 07:41,Student,Male,7,8,8,7,8,8
2025/12/28 07:42,Student,Male,7,8,8,7,8,8
2025/12/28 07:44,Student,Male,7,8,8,7,8,8
2025/12/28 07:45,Student,Male,7,8,8,7,8,8
2025/12/28 08:01,Student,Male,7,8,8,7,8,8
2025/12/28 08:04,Student,Male,7,8,8,7,8,8
2025/12/28 08:04,Student,Female,6,8,8,6,9,8
2025/12/28 08:09,Student,Female,6,8,8,6,9,8
2025/12/28 08:10,Student,Female,6,8,8,6,9,8
2025/12/28 08:10,Student,Female,6,8,8,6,9,8
2025/12/28 08:21,Student,Male,7,8,8,7,8,8
2025/12/28 08:22,Student,Male,7,8,8,7,8,8
2025/12/28 08:29,Student,Male,7,8,8,7,8,8
2025/12/28 08:54,Student,Male,7,8,8,7,8,8
2025/12/28 08:58,Student,Male,7,8,8,7,8,8
2025/12/28 08:58,Student,Male,7,8,8,7,8,8
2025/12/28 09:01,Student,Male,7,8,8,7,8,8
2025/12/28 09:11,Student,Male,7,8,8,7,8,8
2025/12/28 09:13,Student,Male,7,8,8,7,8,8
2025/12/28 09:13,Student,Male,7,8,8,7,8,8
2025/12/28 09:13,Student,Male,7,8,8,7,8,8
2025/12/28 09:17,Student,Other,4,6,6,8,8,4
2025/12/28 09:26,Student,Male,7,8,8,7,8,8
2025/12/28 09:36,Student,Male,7,8,8,7,8,8
2025/12/28 09:43,Student,Female,6,8,8,6,9,8
2025/12/28 10:09,Student,Male,7,8,8,7,8,8
2025/12/28 10:11,Student,Female,6,8,8,6,9,8
2025/12/28 10:23,Student,Male,7,8,8,7,8,8
2025/12/28 10:28,Student,Male,7,8,8,7,8,8
2025/12/28 10:45,Student,Male,7,8,8,7,8,8
2025/12/28 10:46,Student,Male,7,8,8,7,8,8
2025/12/28 10:50,Student,Male,7,8,8,7,8,8
2025/12/28 10:52,Student,Male,7,8,8,7,8,8
2025/12/28 10:52,Student,Male,7,8,8,7,8,8
2025/12/28 11:11,Student,Male,7,8,8,7,8,8
2025/12/28 11:15,Student,Male,7,8,8,7,8,8
2025/12/28 11:16,Student,Male,7,8,8,7,8,8
2025/12/28 11:17,Student,Male,7,8,8,7,8,8
2025/12/28 11:20,Student,Male,7,8,8,7,8,8
2025/12/28 11:25,Student,Male,7,8,8,7,8,8
2025/12/28 11:36,Student,Male,7,8,8,7,8,8
2025/12/28 11:38,Student,Male,7,8,8,7,8,8
2025/12/28 11:40,Student,Male,7,8,8,7,8,8
2025/12/28 11:41,Student,Male,7,8,8,7,8,8
2025/12/28 11:46,Student,Male,7,8,8,7,8,8
2025/12/28 11:51,Student,Female,6,8,8,6,9,8
2025/12/28 11:55,Student,Male,7,8,8,7,8,8
2025/12/28 11:58,Student,Female,6,8,8,6,9,8
2025/12/28 11:59,Non-Student,Female,7,8,9,6,9,7
2025/12/28 11:59,Student,Female,6,8,8,6,9,8
2025/12/28 12:28,Student,Male,7,8,8,7,8,8
2025/12/28 12:31,Student,Female,6,8,8,6,9,8
2025/12/28 12:37,Student,Male,7,8,8,7,8,8
2025/12/28 12:39,Student,Female,6,8,8,6,9,8
2025/12/28 12:46,Student,Female,6,8,8,6,9,8
2025/12/28 12:59,Student,Male,7,8,8,7,8,8
2025/12/28 13:00,Student,Male,7,8,8,7,8,8
2025/12/28 13:05,Student,Male,7,8,8,7,8,8
2025/12/28 13:11,Student,Female,6,8,8,6,9,8
2025/12/28 13:20,Student,Male,7,8,8,7,8,8
2025/12/28 13:20,Student,Male,7,8,8,7,8,8
2025/12/28 13:26,Student,Male,7,8,8,7,8,8
2025/12/28 13:27,Student,Male,7,8,8,7,8,8
2025/12/28 13:29,Student,Male,7,8,8,7,8,8
2025/12/28 13:50,Student,Male,7,8,8,7,8,8
2025/12/28 13:51,Non-Student,Female,7,8,9,6,9,7
2025/12/28 14:02,Student,Female,6,8,8,6,9,8
2025/12/28 14:03,Student,Male,7,8,8,7,8,8
2025/12/28 14:19,Student,Male,7,8,8,7,8,8
2025/12/28 14:20,Student,Female,6,8,8,6,9,8
2025/12/28 14:20,Student,Female,6,8,8,6,9,8
2025/12/28 14:34,Student,Male,7,8,8,7,8,8
2025/12/28 14:45,Student,Male,7,8,8,7,8,8
2025/12/28 14:50,Student,Male,7,8,8,7,8,8
2025/12/28 14:52,Student,Male,7,8,8,7,8,8
2025/12/28 14:56,Student,Male,7,8,8,7,8,8
2025/12/28 15:03,Non-Student,Male,6,10,10,6,10,6
2025/12/28 15:16,Student,Male,7,8,8,7,8,8
2025/12/28 15:21,Student,Female,6,8,8,6,9,8
2025/12/28 15:22,Student,Male,7,8,8,7,8,8
2025/12/28 15:24,Non-Student,Female,7,8,9,6,9,7
2025/12/28 15:27,Student,Male,7,8,8,7,8,8
2025/12/28 15:33,Student,Male,7,8,8,7,8,8
2025/12/28 15:48,Student,Male,7,8,8,7,8,8
2025/12/28 15:57,Student,Male,7,8,8,7,8,8
2025/12/28 16:03,Student,Male,7,8,8,7,8,8
2025/12/28 16:03,Student,Male,7,8,8,7,8,8
2025/12/28 16:06,Student,Male,7,8,8,7,8,8
2025/12/28 16:21,Student,Female,6,8,8,6,9,8
2025/12/28 16:40,Student,Male,7,8,8,7,8,8
2025/12/28 16:40,Student,Male,7,8,8,7,8,8
2025/12/28 16:43,Student,Male,7,8,8,7,8,8
2025/12/28 16:59,Student,Male,7,8,8,7,8,8
2025/12/28 17:00,Student,Male,7,8,8,7,8,8
2025/12/28 17:06,Student,Male,7,8,8,7,8,8
2025/12/28 17:07,Student,Male,7,8,8,7,8,8
2025/12/28 17:17,Student,Male,7,8,8,7,8,8
2025/12/28 17:31,Student,Male,7,8,8,7,8,8
2025/12/28 17:34,Student,Female,6,8,8,6,9,8
2025/12/28 17:48,Student,Male,7,8,8,7,8,8
2025/12/28 17:56,Student,Male,7,8,8,7,8,8
2025/12/28 17:57,Student,Male,7,8,8,7,8,8
2025/12/28 18:02,Student,Male,7,8,8,7,8,8
2025/12/28 18:05,Student,Male,7,8,8,7,8,8
2025/12/28 18:19,Student,Male,7,8,8,7,8,8
2025/12/28 18:22,Student,Male,7,8,8,7,8,8
2025/12/28 18:23,Student,Male,7,8,8,7,8,8
2025/12/28 18:31,Student,Female,6,8,8,6,9,8
2025/12/28 18:33,Student,Male,7,8,8,7,8,8
2025/12/28 18:34,Student,Male,7,8,8,7,8,8
2025/12/28 18:53,Student,Male,7,8,8,7,8,8
2025/12/28 18:53,Student,Male,7,8,8,7,8,8
2025/12/28 19:12,Student,Male,7,8,8,7,8,8
2025/12/28 19:16,Student,Male,7,8,8,7,8,8
2025/12/28 19:18,Student,Other,4,6,6,8,8,4
2025/12/28 19:26,Student,Male,7,8,8,7,8,8
2025/12/28 19:30,Student,Male,7,8,8,7,8,8
2025/12/28 19:33,Student,Male,7,8,8,7,8,8
2025/12/28 19:38,Student,Male,7,8,8,7,8,8
2025/12/28 19:39,Student,Male,7,8,8,7,8,8
2025/12/28 19:42,Student,Male,7,8,8,7,8,8
2025/12/28 19:45,Student,Male,7,8,8,7,8,8
2025/12/28 19:47,Student,Other,4,6,6,8,8,4
2025/12/28 19:50,Student,Male,7,8,8,7,8,8
2025/12/28 19:51,Student,Female,6,8,8,6,9,8
2025/12/28 19:51,Student,Female,6,8,8,6,9,8
2025/12/28 20:11,Student,Female,6,8,8,6,9,8
2025/12/28 20:11,Student,Male,7,8,8,7,8,8
2025/12/28 20:15,Student,Female,6,8,8,6,9,8
2025/12/28 20:15,Student,Male,7,8,8,7,8,8
2025/12/28 20:20,Student,Male,7,8,8,7,8,8
2025/12/28 20:32,Student,Male,7,8,8,7,8,8
2025/12/28 20:39,Student,Female,6,8,8,6,9,8
2025/12/28 20:45,Student,Male,7,8,8,7,8,8
2025/12/28 20:50,Student,Male,7,8,8,7,8,8
2025/12/28 20:54,Student,Male,7,8,8,7,8,8
2025/12/28 20:57,Student,Male,7,8,8,7,8,8
2025/12/28 21:00,Student,Male,7,8,8,7,8,8
2025/12/28 21:09,Student,Female,6,8,8,6,9,8
2025/12/28 21:19,Student,Male,7,8,8,7,8,8
2025/12/28 21:42,Student,Male,7,8,8,7,8,8
2025/12/28 21:43,Student,Male,7,8,8,7,8,8
2025/12/28 22:01,Student,Female,6,8,8,6,9,8
2025/12/28 22:03,Student,Female,6,8,8,6,9,8
2025/12/28 22:10,Student,Male,7,8,8,7,8,8
2025/12/28 22:14,Student,Male,7,8,8,7,8,8
2025/12/28 22:16,Student,Male,7,8,8,7,8,8
2025/12/28 22:16,Student,Male,7,8,8,7,8,8
2025/12/28 22:33,Student,Male,7,8,8,7,8,8
2025/12/28 22:36,Student,Female,6,8,8,6,9,8
2025/12/28 22:42,Student,Male,7,8,8,7,8,8
2025/12/28 22:47,Student,Male,7,8,8,7,8,8
2025/12/28 23:02,Student,Female,6,8,8,6,9,8
2025/12/28 23:10,Student,Other,4,6,6,8,8,4
2025/12/28 23:10,Student,Male,7,8,8,7,8,8
2025/12/28 23:17,Student,Male,7,8,8,7,8,8
2025/12/28 23:20,Student,Male,7,8,8,7,8,8
2025/12/28 23:24,Student,Male,7,8,8,7,8,8
2025/12/28 23:36,Student,Male,7,8,8,7,8,8
2025/12/28 23:43,Student,Male,7,8,8,7,8,8
2025/12/28 23:59,Student,Male,7,8,8,7,8,8
2025/12/29 00:00,Student,Male,7,8,8,7,8,8
2025/12/29 00:13,Student,Male,7,8,8,7,8,8
2025/12/29 00:14,Student,Male,7,8,8,7,8,8
2025/12/29 00:20,Student,Male,7,8,8,7,8,8
2025/12/29 00:23,Student,Male,7,8,8,7,8,8
2025/12/29 00:25,Student,Male,7,8,8,7,8,8
2025/12/29 00:48,Student,Female,6,8,8,6,9,8
2025/12/29 00:49,Student,Male,7,8,8,7,8,8
2025/12/29 00:58,Student,Female,6,8,8,6,9,8
2025/12/29 01:01,Student,Male,7,8,8,7,8,8
2025/12/29 01:08,Student,Male,7,8,8,7,8,8
2025/12/29 01:18,Student,Male,7,8,8,7,8,8
2025/12/29 01:27,Student,Male,7,8,8,7,8,8
2025/12/29 01:28,Student,Male,7,8,8,7,8,8
2025/12/29 01:29,Student,Male,7,8,8,7,8,8
2025/12/29 01:34,Student,Male,7,8,8,7,8,8
2025/12/29 01:36,Student,Male,7,8,8,7,8,8
2025/12/29 01:38,Student,Male,7,8,8,7,8,8
2025/12/29 01:43,Student,Male,7,8,8,7,8,8
2025/12/29 01:44,Student,Male,7,8,8,7,8,8
2025/12/29 01:50,Student,Male,7,8,8,7,8,8
2025/12/29 01:52,Student,Male,7,8,8,7,8,8
2025/12/29 02:08,Student,Male,7,8,8,7,8,8
2025/12/29 02:10,Student,Male,7,8,8,7,8,8
2025/12/29 02:10,Student,Male,7,8,8,7,8,8
2025/12/29 02:20,Student,Female,6,8,8,6,9,8
2025/12/29 02:24,Student,Male,7,8,8,7,8,8
2025/12/29 02:42,Student,Male,7,8,8,7,8,8
2025/12/29 02:45,Student,Male,7,8,8,7,8,8
2025/12/29 02:50,Student,Male,7,8,8,7,8,8
2025/12/29 03:07,Student,Male,7,8,8,7,8,8
2025/12/29 03:10,Student,Male,7,8,8,7,8,8
2025/12/29 03:11,Student,Male,7,8,8,7,8,8
2025/12/29 03:20,Student,Female,6,8,8,6,9,8
2025/12/29 03:24,Student,Male,7,8,8,7,8,8
2025/12/29 03:46,Student,Male,7,8,8,7,8,8
2025/12/29 03:53,Student,Female,6,8,8,6,9,8
2025/12/29 04:04,Student,Male,7,8,8,7,8,8
2025/12/29 04:17,Student,Male,7,8,8,7,8,8
2025/12/29 04:19,Student,Male,7,8,8,7,8,8
2025/12/29 04:35,Student,Female,6,8,8,6,9,8
2025/12/29 04:51,Student,Male,7,8,8,7,8,8
2025/12/29 04:52,Student,Female,6,8,8,6,9,8
2025/12/29 04:52,Student,Male,7,8,8,7,8,8
2025/12/29 04:58,Student,Male,7,8,8,7,8,8
2025/12/29 04:59,Student,Male,7,8,8,7,8,8
2025/12/29 05:01,Student,Male,7,8,8,7,8,8
2025/12/29 05:03,Student,Male,7,8,8,7,8,8
2025/12/29 05:05,Student,Male,7,8,8,7,8,8
2025/12/29 05:06,Student,Female,6,8,8,6,9,8
2025/12/29 05:16,Student,Male,7,8,8,7,8,8
2025/12/29 05:21,Student,Female,6,8,8,6,9,8
2025/12/29 05:30,Student,Male,7,8,8,7,8,8
2025/12/29 05:32,Student,Female,6,8,8,6,9,8
2025/12/29 05:38,Non-Student,Female,7,8,9,6,9,7
2025/12/29 05:51,Student,Male,7,8,8,7,8,8
2025/12/29 05:53,Student,Male,7,8,8,7,8,8
2025/12/29 05:55,Student,Male,7,8,8,7,8,8
2025/12/29 06:01,Student,Female,6,8,8,6,9,8
2025/12/29 06:14,Student,Female,6,8,8,6,9,8
2025/12/29 06:15,Student,Female,6,8,8,6,9,8
2025/12/29 06:17,Student,Male,7,8,8,7,8,8
2025/12/29 06:39,Student,Male,7,8,8,7,8,8
2025/12/29 06:49,Student,Male,7,8,8,7,8,8
2025/12/29 07:03,Student,Male,7,8,8,7,8,8
2025/12/29 07:11,Student,Male,7,8,8,7,8,8
2025/12/29 07:25,Non-Student,Female,7,8,9,6,9,7
2025/12/29 07:29,Student,Male,7,8,8,7,8,8
2025/12/29 07:44,Student,Female,6,8,8,6,9,8
2025/12/29 07:47,Student,Female,6,8,8,6,9,8
2025/12/29 07:51,Student,Male,7,8,8,7,8,8
2025/12/29 07:57,Student,Male,7,8,8,7,8,8
2025/12/29 08:10,Student,Male,7,8,8,7,8,8
2025/12/29 08:16,Student,Male,7,8,8,7,8,8
2025/12/29 08:20,Student,Male,7,8,8,7,8,8
2025/12/29 08:23,Student,Female,6,8,8,6,9,8
2025/12/29 08:25,Student,Male,7,8,8,7,8,8
2025/12/29 08:27,Student,Male,7,8,8,7,8,8
2025/12/29 08:28,Student,Male,7,8,8,7,8,8
2025/12/29 08:36,Student,Male,7,8,8,7,8,8
2025/12/29 08:37,Student,Female,6,8,8,6,9,8
2025/12/29 08:37,Student,Female,6,8,8,6,9,8
2025/12/29 08:37,Student,Female,6,8,8,6,9,8
2025/12/29 08:38,Student,Male,7,8,8,7,8,8
2025/12/29 08:41,Student,Male,7,8,8,7,8,8
2025/12/29 08:50,Non-Student,Female,7,8,9,6,9,7
2025/12/29 08:54,Student,Female,6,8,8,6,9,8
2025/12/29 08:59,Student,Male,7,8,8,7,8,8
2025/12/29 09:05,Student,Male,7,8,8,7,8,8
2025/12/29 09:16,Student,Male,7,8,8,7,8,8
2025/12/29 09:31,Student,Male,7,8,8,7,8,8
2025/12/29 09:38,Student,Male,7,8,8,7,8,8
2025/12/29 09:52,Student,Male,7,8,8,7,8,8
2025/12/29 10:08,Student,Male,7,8,8,7,8,8
2025/12/29 10:09,Student,Female,6,8,8,6,9,8
2025/12/29 10:26,Student,Male,7,8,8,7,8,8
2025/12/29 10:35,Student,Female,6,8,8,6,9,8
2025/12/29 10:37,Student,Female,6,8,8,6,9,8
2025/12/29 10:46,Student,Other,4,6,6,8,8,4
2025/12/29 10:50,Student,Female,6,8,8,6,9,8
2025/12/29 10:52,Student,Female,6,8,8,6,9,8
2025/12/29 10:54,Student,Male,7,8,8,7,8,8
2025/12/29 10:56,Student,Female,6,8,8,6,9,8
2025/12/29 11:03,Student,Female,6,8,8,6,9,8
2025/12/29 11:03,Student,Male,7,8,8,7,8,8
2025/12/29 11:06,Student,Male,7,8,8,7,8,8
2025/12/29 11:09,Student,Female,6,8,8,6,9,8
2025/12/29 11:10,Student,Male,7,8,8,7,8,8
2025/12/29 11:16,Student,Male,7,8,8,7,8,8
2025/12/29 11:21,Student,Male,7,8,8,7,8,8
2025/12/29 11:32,Student,Male,7,8,8,7,8,8
2025/12/29 11:50,Student,Female,6,8,8,6,9,8
2025/12/29 12:15,Student,Male,7,8,8,7,8,8
2025/12/29 12:15,Student,Male,7,8,8,7,8,8
2025/12/29 12:16,Student,Male,7,8,8,7,8,8
2025/12/29 12:20,Student,Male,7,8,8,7,8,8
2025/12/29 12:21,Student,Female,6,8,8,6,9,8
2025/12/29 12:23,Student,Male,7,8,8,7,8,8
2025/12/29 12:24,Student,Female,6,8,8,6,9,8
2025/12/29 12:27,Student,Male,7,8,8,7,8,8
2025/12/29 12:37,Student,Male,7,8,8,7,8,8
2025/12/29 12:40,Student,Male,7,8,8,7,8,8
2025/12/29 12:42,Non-Student,Male,6,10,10,6,10,6
2025/12/29 12:42,Student,Female,6,8,8,6,9,8
2025/12/29 13:12,Student,Female,6,8,8,6,9,8
2025/12/29 13:14,Student,Female,6,8,8,6,9,8
2025/12/29 13:15,Student,Female,6,8,8,6,9,8
2025/12/29 13:29,Student,Male,7,8,8,7,8,8
2025/12/29 13:34,Student,Male,7,8,8,7,8,8
2025/12/29 13:45,Student,Male,7,8,8,7,8,8
2025/12/29 13:52,Student,Male,7,8,8,7,8,8
2025/12/29 14:19,Student,Other,4,6,6,8,8,4
2025/12/29 14:29,Student,Female,6,8,8,6,9,8
2025/12/29 14:41,Student,Male,7,8,8,7,8,8
2025/12/29 14:41,Student,Male,7,8,8,7,8,8
2025/12/29 14:41,Student,Female,6,8,8,6,9,8
2025/12/29 14:46,Student,Male,7,8,8,7,8,8
2025/12/29 14:48,Student,Male,7,8,8,7,8,8
2025/12/29 15:03,Student,Male,7,8,8,7,8,8
2025/12/29 15:06,Student,Other,4,6,6,8,8,4
2025/12/29 15:19,Student,Male,7,8,8,7,8,8
2025/12/29 15:36,Non-Student,Female,7,8,9,6,9,7
2025/12/29 15:41,Student,Male,7,8,8,7,8,8
2025/12/29 15:49,Student,Male,7,8,8,7,8,8
2025/12/29 15:58,Student,Male,7,8,8,7,8,8
2025/12/29 16:05,Student,Female,6,8,8,6,9,8
2025/12/29 16:05,Student,Male,7,8,8,7,8,8
2025/12/29 16:17,Student,Female,6,8,8,6,9,8
2025/12/29 16:33,Student,Male,7,8,8,7,8,8
2025/12/29 16:41,Student,Male,7,8,8,7,8,8
2025/12/29 16:42,Student,Female,6,8,8,6,9,8
2025/12/29 16:42,Student,Male,7,8,8,7,8,8
2025/12/29 16:44,Student,Male,7,8,8,7,8,8
2025/12/29 16:54,Student,Female,6,8,8,6,9,8
2025/12/29 16:56,Student,Male,7,8,8,7,8,8
2025/12/29 17:02,Student,Male,7,8,8,7,8,8
2025/12/29 17:06,Student,Male,7,8,8,7,8,8
2025/12/29 17:06,Non-Student,Male,6,10,10,6,10,6
2025/12/29 17:08,Student,Female,6,8,8,6,9,8
2025/12/29 17:09,Student,Female,6,8,8,6,9,8
2025/12/29 17:22,Student,Male,7,8,8,7,8,8
2025/12/29 17:31,Student,Male,7,8,8,7,8,8
2025/12/29 17:32,Student,Male,7,8,8,7,8,8
2025/12/29 17:36,Student,Male,7,8,8,7,8,8
2025/12/29 17:42,Student,Female,6,8,8,6,9,8
2025/12/29 17:44,Student,Male,7,8,8,7,8,8
2025/12/29 17:44,Student,Female,6,8,8,6,9,8
2025/12/29 17:46,Student,Male,7,8,8,7,8,8
2025/12/29 17:54,Student,Male,7,8,8,7,8,8
2025/12/29 18:07,Student,Male,7,8,8,7,8,8
2025/12/29 18:08,Student,Female,6,8,8,6,9,8
2025/12/29 18:11,Student,Male,7,8,8,7,8,8
2025/12/29 18:17,Student,Male,7,8,8,7,8,8
2025/12/29 18:17,Student,Male,7,8,8,7,8,8
2025/12/29 18:17,Student,Male,7,8,8,7,8,8
2025/12/29 18:22,Non-Student,Female,7,8,9,6,9,7
2025/12/29 18:28,Student,Other,4,6,6,8,8,4
2025/12/29 18:35,Student,Male,7,8,8,7,8,8
2025/12/29 18:37,Student,Male,7,8,8,7,8,8
2025/12/29 18:54,Student,Male,7,8,8,7,8,8
2025/12/29 18:56,Student,Male,7,8,8,7,8,8
2025/12/29 18:57,Student,Male,7,8,8,7,8,8
2025/12/29 19:03,Non-Student,Female,7,8,9,6,9,7
2025/12/29 19:20,Student,Male,7,8,8,7,8,8
2025/12/29 19:23,Student,Male,7,8,8,7,8,8
2025/12/29 19:24,Student,Male,7,8,8,7,8,8
2025/12/29 19:31,Student,Male,7,8,8,7,8,8
2025/12/29 19:31,Student,Male,7,8,8,7,8,8
2025/12/29 19:35,Student,Male,7,8,8,7,8,8
2025/12/29 19:51,Student,Male,7,8,8,7,8,8
2025/12/29 19:55,Student,Male,7,8,8,7,8,8
2025/12/29 20:00,Student,Female,6,8,8,6,9,8
2025/12/29 20:14,Student,Female,6,8,8,6,9,8
2025/12/29 20:17,Non-Student,Female,7,8,9,6,9,7
2025/12/29 20:24,Student,Male,7,8,8,7,8,8
2025/12/29 20:38,Student,Male,7,8,8,7,8,8
2025/12/29 20:43,Student,Male,7,8,8,7,8,8
2025/12/29 20:46,Student,Female,6,8,8,6,9,8
2025/12/29 20:51,Student,Male,7,8,8,7,8,8
2025/12/29 20:51,Student,Male,7,8,8,7,8,8
2025/12/29 20:54,Student,Male,7,8,8,7,8,8
2025/12/29 20:57,Student,Male,7,8,8,7,8,8
2025/12/29 21:02,Student,Female,6,8,8,6,9,8
2025/12/29 21:11,Student,Male,7,8,8,7,8,8
2025/12/29 21:16,Student,Female,6,8,8,6,9,8
2025/12/29 21:20,Student,Male,7,8,8,7,8,8
2025/12/29 21:21,Student,Female,6,8,8,6,9,8
2025/12/29 21:28,Student,Female,6,8,8,6,9,8
2025/12/29 21:31,Student,Male,7,8,8,7,8,8
2025/12/29 21:34,Student,Male,7,8,8,7,8,8
2025/12/29 21:35,Student,Male,7,8,8,7,8,8
2025/12/29 21:37,Student,Male,7,8,8,7,8,8
2025/12/29 21:40,Student,Female,6,8,8,6,9,8
2025/12/29 21:51,Student,Male,7,8,8,7,8,8
2025/12/29 21:55,Student,Female,6,8,8,6,9,8
2025/12/29 21:55,Student,Male,7,8,8,7,8,8
2025/12/29 21:57,Student,Male,7,8,8,7,8,8
2025/12/29 21:57,Student,Male,7,8,8,7,8,8
2025/12/29 22:11,Student,Male,7,8,8,7,8,8
2025/12/29 22:16,Non-Student,Male,6,10,10,6,10,6
2025/12/29 22:40,Non-Student,Female,7,8,9,6,9,7
2025/12/29 22:44,Student,Male,7,8,8,7,8,8
2025/12/29 22:45,Student,Male,7,8,8,7,8,8
2025/12/29 22:48,Student,Female,6,8,8,6,9,8
2025/12/29 22:59,Student,Male,7,8,8,7,8,8
2025/12/29 23:00,Student,Male,7,8,8,7,8,8
2025/12/29 23:14,Student,Male,7,8,8,7,8,8
2025/12/29 23:21,Student,Male,7,8,8,7,8,8
2025/12/29 23:21,Student,Male,7,8,8,7,8,8
2025/12/29 23:22,Student,Male,7,8,8,7,8,8
2025/12/29 23:26,Student,Female,6,8,8,6,9,8
2025/12/29 23:27,Student,Male,7,8,8,7,8,8
2025/12/29 23:30,Student,Male,7,8,8,7,8,8
2025/12/29 23:34,Student,Female,6,8,8,6,9,8
2025/12/29 23:52,Student,Male,7,8,8,7,8,8
2025/12/29 23:53,Student,Male,7,8,8,7,8,8
2025/12/30 00:23,Student,Female,6,8,8,6,9,8
2025/12/30 00:31,Student,Female,6,8,8,6,9,8
2025/12/30 00:31,Student,Male,7,8,8,7,8,8
2025/12/30 00:32,Student,Male,7,8,8,7,8,8
2025/12/30 00:36,Student,Male,7,8,8,7,8,8
2025/12/30 00:38,Student,Female,6,8,8,6,9,8
2025/12/30 00:56,Student,Male,7,8,8,7,8,8
2025/12/30 01:00,Student,Male,7,8,8,7,8,8
2025/12/30 01:02,Student,Male,7,8,8,7,8,8
2025/12/30 01:03,Student,Male,7,8,8,7,8,8
2025/12/30 01:04,Student,Male,7,8,8,7,8,8
2025/12/30 01:10,Student,Female,6,8,8,6,9,8
2025/12/30 01:16,Student,Female,6,8,8,6,9,8
2025/12/30 01:24,Student,Other,4,6,6,8,8,4
2025/12/30 01:24,Student,Male,7,8,8,7,8,8
2025/12/30 01:29,Student,Male,7,8,8,7,8,8
2025/12/30 01:34,Student,Female,6,8,8,6,9,8
2025/12/30 01:52,Student,Male,7,8,8,7,8,8
2025/12/30 02:02,Student,Female,6,8,8,6,9,8
2025/12/30 02:14,Student,Female,6,8,8,6,9,8
2025/12/30 02:18,Student,Female,6,8,8,6,9,8
2025/12/30 02:24,Student,Male,7,8,8,7,8,8
2025/12/30 02:36,Student,Male,7,8,8,7,8,8
2025/12/30 02:37,Student,Female,6,8,8,6,9,8
2025/12/30 02:45,Student,Female,6,8,8,6,9,8
2025/12/30 03:00,Student,Male,7,8,8,7,8,8
2025/12/30 03:04,Student,Male,7,8,8,7,8,8
2025/12/30 03:10,Student,Male,7,8,8,7,8,8
2025/12/30 03:25,Student,Male,7,8,8,7,8,8
2025/12/30 03:35,Student,Male,7,8,8,7,8,8
2025/12/30 03:38,Student,Female,6,8,8,6,9,8
2025/12/30 03:41,Student,Male,7,8,8,7,8,8
2025/12/30 03:50,Student,Male,7,8,8,7,8,8
2025/12/30 03:54,Student,Male,7,8,8,7,8,8
2025/12/30 04:04,Student,Female,6,8,8,6,9,8
2025/12/30 04:21,Student,Male,7,8,8,7,8,8
2025/12/30 04:24,Student,Female,6,8,8,6,9,8
2025/12/30 04:28,Non-Student,Female,7,8,9,6,9,7
2025/12/30 04:29,Student,Male,7,8,8,7,8,8
2025/12/30 04:33,Student,Male,7,8,8,7,8,8
2025/12/30 04:35,Student,Male,7,8,8,7,8,8
2025/12/30 04:35,Student,Female,6,8,8,6,9,8
2025/12/30 04:38,Student,Female,6,8,8,6,9,8
2025/12/30 04:39,Student,Female,6,8,8,6,9,8
2025/12/30 04:43,Student,Male,7,8,8,7,8,8
2025/12/30 04:44,Student,Male,7,8,8,7,8,8
2025/12/30 04:49,Student,Male,7,8,8,7,8,8
2025/12/30 04:58,Student,Male,7,8,8,7,8,8
2025/12/30 05:02,Student,Male,7,8,8,7,8,8
2025/12/30 05:33,Student,Male,7,8,8,7,8,8
2025/12/30 05:34,Student,Female,6,8,8,6,9,8
2025/12/30 05:41,Student,Male,7,8,8,7,8,8
2025/12/30 05:47,Student,Male,7,8,8,7,8,8
2025/12/30 05:55,Student,Male,7,8,8,7,8,8
2025/12/30 06:01,Student,Male,7,8,8,7,8,8
2025/12/30 06:25,Student,Male,7,8,8,7,8,8
2025/12/30 06:33,Student,Male,7,8,8,7,8,8
2025/12/30 06:36,Student,Male,7,8,8,7,8,8
2025/12/30 06:44,Student,Male,7,8,8,7,8,8
2025/12/30 06:47,Student,Male,7,8,8,7,8,8
2025/12/30 06:48,Student,Female,6,8,8,6,9,8
2025/12/30 06:53,Student,Male,7,8,8,7,8,8
2025/12/30 06:54,Student,Female,6,8,8,6,9,8
2025/12/30 07:08,Student,Male,7,8,8,7,8,8
2025/12/30 07:22,Student,Male,7,8,8,7,8,8
2025/12/30 07:31,Student,Male,7,8,8,7,8,8
2025/12/30 07:39,Student,Male,7,8,8,7,8,8
2025/12/30 07:39,Student,Male,7,8,8,7,8,8
2025/12/30 07:42,Student,Male,7,8,8,7,8,8
2025/12/30 07:43,Student,Male,7,8,8,7,8,8
2025/12/30 07:44,Student,Male,7,8,8,7,8,8
2025/12/30 07:57,Student,Male,7,8,8,7,8,8
2025/12/30 08:06,Student,Male,7,8,8,7,8,8
2025/12/30 08:39,Student,Female,6,8,8,6,9,8
2025/12/30 08:42,Student,Female,6,8,8,6,9,8
2025/12/30 08:50,Student,Male,7,8,8,7,8,8
2025/12/30 08:56,Student,Male,7,8,8,7,8,8
2025/12/30 08:58,Student,Male,7,8,8,7,8,8
2025/12/30 09:10,Student,Male,7,8,8,7,8,8
2025/12/30 09:23,Student,Female,6,8,8,6,9,8
2025/12/30 09:35,Student,Male,7,8,8,7,8,8
2025/12/30 09:42,Student,Male,7,8,8,7,8,8
2025/12/30 09:44,Student,Male,7,8,8,7,8,8
2025/12/30 09:46,Student,Male,7,8,8,7,8,8
2025/12/30 09:58,Student,Male,7,8,8,7,8,8
2025/12/30 09:59,Student,Male,7,8,8,7,8,8
2025/12/30 10:01,Student,Male,7,8,8,7,8,8
2025/12/30 10:06,Student,Male,7,8,8,7,8,8
2025/12/30 10:18,Student,Male,7,8,8,7,8,8
2025/12/30 10:27,Student,Male,7,8,8,7,8,8
2025/12/30 10:42,Student,Male,7,8,8,7,8,8
2025/12/30 10:43,Student,Male,7,8,8,7,8,8
2025/12/30 10:44,Student,Male,7,8,8,7,8,8
2025/12/30 10:49,Student,Male,7,8,8,7,8,8
2025/12/30 10:51,Student,Female,6,8,8,6,9,8
2025/12/30 10:53,Student,Male,7,8,8,7,8,8
2025/12/30 10:55,Student,Male,7,8,8,7,8,8
2025/12/30 10:58,Student,Male,7,8,8,7,8,8
2025/12/30 11:05,Student,Male,7,8,8,7,8,8
2025/12/30 11:32,Student,Male,7,8,8,7,8,8
2025/12/30 11:59,Student,Female,6,8,8,6,9,8
2025/12/30 12:13,Student,Female,6,8,8,6,9,8
2025/12/30 12:25,Student,Female,6,8,8,6,9,8
2025/12/30 12:26,Non-Student,Male,6,10,10,6,10,6
2025/12/30 12:27,Student,Male,7,8,8,7,8,8
2025/12/30 12:30,Student,Male,7,8,8,7,8,8
2025/12/30 12:41,Student,Male,7,8,8,7,8,8
2025/12/30 12:45,Student,Male,7,8,8,7,8,8
2025/12/30 12:46,Student,Male,7,8,8,7,8,8
2025/12/30 12:59,Student,Male,7,8,8,7,8,8
2025/12/30 13:08,Student,Male,7,8,8,7,8,8
2025/12/30 13:17,Student,Male,7,8,8,7,8,8
2025/12/30 13:23,Student,Male,7,8,8,7,8,8
2025/12/30 13:36,Student,Female,6,8,8,6,9,8
2025/12/30 13:43,Student,Female,6,8,8,6,9,8
2025/12/30 13:44,Student,Female,6,8,8,6,9,8
2025/12/30 13:45,Student,Male,7,8,8,7,8,8
2025/12/30 13:51,Student,Male,7,8,8,7,8,8
2025/12/30 13:59,Student,Male,7,8,8,7,8,8
2025/12/30 14:05,Student,Female,6,8,8,6,9,8
2025/12/30 14:09,Student,Male,7,8,8,7,8,8
2025/12/30 14:14,Student,Male,7,8,8,7,8,8
2025/12/30 14:30,Student,Female,6,8,8,6,9,8
2025/12/30 14:38,Student,Female,6,8,8,6,9,8
2025/12/30 15:00,Student,Male,7,8,8,7,8,8
2025/12/30 15:04,Student,Male,7,8,8,7,8,8
2025/12/30 15:11,Student,Male,7,8,8,7,8,8
2025/12/30 15:13,Student,Male,7,8,8,7,8,8
2025/12/30 15:14,Student,Female,6,8,8,6,9,8
2025/12/30 15:31,Student,Male,7,8,8,7,8,8
2025/12/30 15:31,Student,Male,7,8,8,7,8,8
2025/12/30 15:32,Student,Male,7,8,8,7,8,8
2025/12/30 15:38,Student,Male,7,8,8,7,8,8
2025/12/30 15:44,Student,Male,7,8,8,7,8,8
2025/12/30 16:00,Student,Male,7,8,8,7,8,8
2025/12/30 16:02,Student,Female,6,8,8,6,9,8
2025/12/30 16:04,Student,Male,7,8,8,7,8,8
2025/12/30 16:16,Student,Male,7,8,8,7,8,8
2025/12/30 16:28,Student,Female,6,8,8,6,9,8
2025/12/30 16:32,Student,Male,7,8,8,7,8,8
2025/12/30 16:35,Student,Female,6,8,8,6,9,8
2025/12/30 16:37,Student,Female,6,8,8,6,9,8
2025/12/30 16:42,Student,Male,7,8,8,7,8,8
2025/12/30 16:44,Student,Female,6,8,8,6,9,8
2025/12/30 17:06,Student,Male,7,8,8,7,8,8
2025/12/30 17:13,Student,Male,7,8,8,7,8,8
2025/12/30 17:17,Student,Male,7,8,8,7,8,8
2025/12/30 17:38,Student,Male,7,8,8,7,8,8
2025/12/30 17:41,Student,Female,6,8,8,6,9,8
2025/12/30 17:52,Student,Male,7,8,8,7,8,8
2025/12/30 17:55,Student,Male,7,8,8,7,8,8
2025/12/30 17:57,Student,Female,6,8,8,6,9,8
2025/12/30 17:59,Student,Male,7,8,8,7,8,8
2025/12/30 18:13,Student,Male,7,8,8,7,8,8
2025/12/30 18:17,Student,Male,7,8,8,7,8,8
2025/12/30 18:20,Student,Male,7,8,8,7,8,8
2025/12/30 18:25,Student,Male,7,8,8,7,8,8
2025/12/30 18:29,Student,Male,7,8,8,7,8,8
2025/12/30 18:39,Student,Female,6,8,8,6,9,8
2025/12/30 18:42,Student,Female,6,8,8,6,9,8
2025/12/30 18:46,Student,Male,7,8,8,7,8,8
2025/12/30 18:50,Student,Male,7,8,8,7,8,8
2025/12/30 18:57,Non-Student,Male,6,10,10,6,10,6
2025/12/30 19:25,Student,Female,6,8,8,6,9,8
2025/12/30 19:28,Non-Student,Female,7,8,9,6,9,7
2025/12/30 19:34,Student,Female,6,8,8,6,9,8
2025/12/30 19:39,Student,Male,7,8,8,7,8,8
2025/12/30 19:45,Student,Male,7,8,8,7,8,8
2025/12/30 19:49,Student,Male,7,8,8,7,8,8
2025/12/30 19:52,Student,Male,7,8,8,7,8,8
2025/12/30 19:58,Student,Male,7,8,8,7,8,8
2025/12/30 19:58,Student,Male,7,8,8,7,8,8
2025/12/30 20:04,Student,Female,6,8,8,6,9,8
2025/12/30 20:07,Student,Male,7,8,8,7,8,8
2025/12/30 20:10,Student,Male,7,8,8,7,8,8
2025/12/30 20:18,Non-Student,Female,7,8,9,6,9,7
2025/12/30 20:24,Student,Male,7,8,8,7,8,8
2025/12/30 20:26,Student,Male,7,8,8,7,8,8
2025/12/30 20:28,Student,Male,7,8,8,7,8,8
2025/12/30 20:30,Student,Male,7,8,8,7,8,8
2025/12/30 20:32,Student,Female,6,8,8,6,9,8
2025/12/30 20:33,Non-Student,Male,6,10,10,6,10,6
2025/12/30 20:44,Student,Male,7,8,8,7,8,8
2025/12/30 20:57,Student,Male,7,8,8,7,8,8
2025/12/30 21:03,Student,Female,6,8,8,6,9,8
2025/12/30 21:05,Student,Male,7,8,8,7,8,8
2025/12/30 21:14,Student,Male,7,8,8,7,8,8
2025/12/30 21:21,Student,Male,7,8,8,7,8,8
2025/12/30 21:23,Non-Student,Female,7,8,9,6,9,7
2025/12/30 21:33,Student,Female,6,8,8,6,9,8
2025/12/30 22:00,Student,Male,7,8,8,7,8,8
2025/12/30 22:06,Student,Male,7,8,8,7,8,8
2025/12/30 22:17,Student,Male,7,8,8,7,8,8
2025/12/30 22:21,Student,Male,7,8,8,7,8,8
2025/12/30 22:34,Student,Male,7,8,8,7,8,8
2025/12/30 22:36,Student,Male,7,8,8,7,8,8
2025/12/30 22:47,Student,Male,7,8,8,7,8,8
2025/12/30 22:47,Student,Male,7,8,8,7,8,8
2025/12/30 23:03,Student,Male,7,8,8,7,8,8
2025/12/30 23:05,Student,Male,7,8,8,7,8,8
2025/12/30 23:13,Student,Male,7,8,8,7,8,8
2025/12/30 23:14,Student,Male,7,8,8,7,8,8
2025/12/30 23:24,Student,Male,7,8,8,7,8,8
2025/12/30 23:32,Student,Male,7,8,8,7,8,8
2025/12/30 23:42,Student,Female,6,8,8,6,9,8
2025/12/30 23:43,Student,Male,7,8,8,7,8,8
2025/12/30 23:57,Student,Male,7,8,8,7,8,8
