no,Time,POI,UserID/MemID,設置點,緯度,經度,BPL UID,age,gender,天氣
735,2022/2/18 20:08,"0150deb7d0,0072",U83a795c9bbe7e2600837384f0bc0f999,日香美食坊歡迎您～,23.57466,119.5768,276687,30,0,陰雨
741,2022/2/18 20:33,"0150deb7d0,0262",U83a795c9bbe7e2600837384f0bc0f999,登峰藝品行(登峰特產行),23.56505,119.56522,276812,30,0,陰雨
772,2022/2/19 16:23,"0150deb7d0,0291",U83a795c9bbe7e2600837384f0bc0f999,天津蔥抓餅,23.57431,119.5792,278775,30,0,風轉小雨
773,2022/2/19 16:24,"0150deb7d0,0299",U83a795c9bbe7e2600837384f0bc0f999,三多燒肉飯,23.57441,119.57805,278782,30,0,風轉小雨
922,2022/2/20 19:57,"0150deb7d0,0038",U83a795c9bbe7e2600837384f0bc0f999,石滬廣場站,23.56312198,119.5648365,282363,30,0,風轉小雨
